tx_id,timestamp,sender,recipient,amount_kas
9e806c55e5a7ed42c9d8ed41144399075b8c40b1dee7592054a8d8537a0cf898,2025-08-25T21:58:36.926000+00:00,kaspa:qzjjxtknensmpj72yzwnx0tw8n2hdlnvp8dsf39qg8ev0e4unk0dctls39f0a,kaspa:qqa37yk3f4hq8608w87axy86wd5nz4skejusgzs87wkrgacj6p0uktpg0zm88,25.0
9e806c55e5a7ed42c9d8ed41144399075b8c40b1dee7592054a8d8537a0cf898,2025-08-25T21:58:36.926000+00:00,kaspa:qzjjxtknensmpj72yzwnx0tw8n2hdlnvp8dsf39qg8ev0e4unk0dctls39f0a,kaspa:qzjjxtknensmpj72yzwnx0tw8n2hdlnvp8dsf39qg8ev0e4unk0dctls39f0a,6.99604932
6c74512a1fd553f9957198022adafd8c78f0ddc3e563e49030e637f77ffff287,2025-08-25T21:57:39.750000+00:00,kaspa:prfak7eqct2g2tdm42w9xj9aalq4gxgemps4fe482n0u85ksfyr2kyweert0g,kaspa:qzjjxtknensmpj72yzwnx0tw8n2hdlnvp8dsf39qg8ev0e4unk0dctls39f0a,3.0
8e45792dd48c55bc39ce7dc162d96fb17350a9e1261ab8943061821a09b78130,2025-08-25T21:57:37.761000+00:00,kaspa:qzjjxtknensmpj72yzwnx0tw8n2hdlnvp8dsf39qg8ev0e4unk0dctls39f0a,kaspa:prfak7eqct2g2tdm42w9xj9aalq4gxgemps4fe482n0u85ksfyr2kyweert0g,4.0
8e45792dd48c55bc39ce7dc162d96fb17350a9e1261ab8943061821a09b78130,2025-08-25T21:57:37.761000+00:00,kaspa:qzjjxtknensmpj72yzwnx0tw8n2hdlnvp8dsf39qg8ev0e4unk0dctls39f0a,kaspa:qzjjxtknensmpj72yzwnx0tw8n2hdlnvp8dsf39qg8ev0e4unk0dctls39f0a,20.99638502
9fc26ed57e36238f5c9f16ab2b1b446db37dcae512e05f06d48aca0f9a4b1c61,2025-08-25T21:57:30.282000+00:00,kaspa:prfak7eqct2g2tdm42w9xj9aalq4gxgemps4fe482n0u85ksfyr2kyweert0g,kaspa:qzjjxtknensmpj72yzwnx0tw8n2hdlnvp8dsf39qg8ev0e4unk0dctls39f0a,3.0
2f2a5a1f7f4fb8f530ed0702ce9034174497c6d304c46c1ddf963ea5d368fee1,2025-08-25T21:57:28.355000+00:00,kaspa:qzjjxtknensmpj72yzwnx0tw8n2hdlnvp8dsf39qg8ev0e4unk0dctls39f0a,kaspa:prfak7eqct2g2tdm42w9xj9aalq4gxgemps4fe482n0u85ksfyr2kyweert0g,4.0
2f2a5a1f7f4fb8f530ed0702ce9034174497c6d304c46c1ddf963ea5d368fee1,2025-08-25T21:57:28.355000+00:00,kaspa:qzjjxtknensmpj72yzwnx0tw8n2hdlnvp8dsf39qg8ev0e4unk0dctls39f0a,kaspa:qzjjxtknensmpj72yzwnx0tw8n2hdlnvp8dsf39qg8ev0e4unk0dctls39f0a,1.99972938
6b6fa23f1b441211b1dc7a0c17f06dc335a30d8957ba2ddb979a932addf275e0,2025-08-25T21:57:25.275000+00:00,kaspa:prfak7eqct2g2tdm42w9xj9aalq4gxgemps4fe482n0u85ksfyr2kyweert0g,kaspa:qzjjxtknensmpj72yzwnx0tw8n2hdlnvp8dsf39qg8ev0e4unk0dctls39f0a,3.0
ee7e84abcf9af15641b8cf26d05d7e3f688a0bbff43008f51870eafdba298ca8,2025-08-25T21:57:22.337000+00:00,kaspa:qzjjxtknensmpj72yzwnx0tw8n2hdlnvp8dsf39qg8ev0e4unk0dctls39f0a,kaspa:prfak7eqct2g2tdm42w9xj9aalq4gxgemps4fe482n0u85ksfyr2kyweert0g,4.0
ee7e84abcf9af15641b8cf26d05d7e3f688a0bbff43008f51870eafdba298ca8,2025-08-25T21:57:22.337000+00:00,kaspa:qzjjxtknensmpj72yzwnx0tw8n2hdlnvp8dsf39qg8ev0e4unk0dctls39f0a,kaspa:qzjjxtknensmpj72yzwnx0tw8n2hdlnvp8dsf39qg8ev0e4unk0dctls39f0a,24.99641078
f151746db745c3ee3bca62dd2c198d962bd9e953a9d12ee31138709b4663800e,2025-08-25T21:57:16.564000+00:00,kaspa:prfak7eqct2g2tdm42w9xj9aalq4gxgemps4fe482n0u85ksfyr2kyweert0g,kaspa:qzjjxtknensmpj72yzwnx0tw8n2hdlnvp8dsf39qg8ev0e4unk0dctls39f0a,3.0
6e39adc78181a40f5540db76537d473a6171d20ebf0b88aaedfd702c61e28deb,2025-08-25T21:57:14.488000+00:00,kaspa:qzjjxtknensmpj72yzwnx0tw8n2hdlnvp8dsf39qg8ev0e4unk0dctls39f0a,kaspa:prfak7eqct2g2tdm42w9xj9aalq4gxgemps4fe482n0u85ksfyr2kyweert0g,4.0
6e39adc78181a40f5540db76537d473a6171d20ebf0b88aaedfd702c61e28deb,2025-08-25T21:57:14.488000+00:00,kaspa:qzjjxtknensmpj72yzwnx0tw8n2hdlnvp8dsf39qg8ev0e4unk0dctls39f0a,kaspa:qzjjxtknensmpj72yzwnx0tw8n2hdlnvp8dsf39qg8ev0e4unk0dctls39f0a,2.99976103
825eeaf27c7e62a0eee0eaa1f95a92da310bdcf2f8268eabe4d6f963507bb122,2025-08-25T21:57:00.919000+00:00,kaspa:prfak7eqct2g2tdm42w9xj9aalq4gxgemps4fe482n0u85ksfyr2kyweert0g,kaspa:qzjjxtknensmpj72yzwnx0tw8n2hdlnvp8dsf39qg8ev0e4unk0dctls39f0a,3.0
6bbb9d51ef6b89cbfa824a5e6e308ed65259ec041ca4b62e5df7340d4bd4635f,2025-08-25T21:56:58.412000+00:00,kaspa:qzjjxtknensmpj72yzwnx0tw8n2hdlnvp8dsf39qg8ev0e4unk0dctls39f0a,kaspa:prfak7eqct2g2tdm42w9xj9aalq4gxgemps4fe482n0u85ksfyr2kyweert0g,4.0
6bbb9d51ef6b89cbfa824a5e6e308ed65259ec041ca4b62e5df7340d4bd4635f,2025-08-25T21:56:58.412000+00:00,kaspa:qzjjxtknensmpj72yzwnx0tw8n2hdlnvp8dsf39qg8ev0e4unk0dctls39f0a,kaspa:qzjjxtknensmpj72yzwnx0tw8n2hdlnvp8dsf39qg8ev0e4unk0dctls39f0a,28.99643634
a245c89ee1b7f6c80b836c85c542d90d9ab2ac3a43ad0aac7e3d4bf3ac5104b7,2025-08-25T21:56:53.021000+00:00,kaspa:prfak7eqct2g2tdm42w9xj9aalq4gxgemps4fe482n0u85ksfyr2kyweert0g,kaspa:qzjjxtknensmpj72yzwnx0tw8n2hdlnvp8dsf39qg8ev0e4unk0dctls39f0a,3.0
572e99eb1da12cdcba718f0e0faf5793555a45b8efa5846a339530581eff4fa5,2025-08-25T21:56:50.776000+00:00,kaspa:qzjjxtknensmpj72yzwnx0tw8n2hdlnvp8dsf39qg8ev0e4unk0dctls39f0a,kaspa:prfak7eqct2g2tdm42w9xj9aalq4gxgemps4fe482n0u85ksfyr2kyweert0g,4.0
572e99eb1da12cdcba718f0e0faf5793555a45b8efa5846a339530581eff4fa5,2025-08-25T21:56:50.776000+00:00,kaspa:qzjjxtknensmpj72yzwnx0tw8n2hdlnvp8dsf39qg8ev0e4unk0dctls39f0a,kaspa:qzjjxtknensmpj72yzwnx0tw8n2hdlnvp8dsf39qg8ev0e4unk0dctls39f0a,0.99980386
86a61e38c152f982b8c16698d661adf73a79248a797008de593254663f93b45c,2025-08-25T21:56:31.143000+00:00,kaspa:prfak7eqct2g2tdm42w9xj9aalq4gxgemps4fe482n0u85ksfyr2kyweert0g,kaspa:qzjjxtknensmpj72yzwnx0tw8n2hdlnvp8dsf39qg8ev0e4unk0dctls39f0a,3.0
03d7b359f52471613b32f7223cd11514ee83854973fc8d7c45c3f43fa5ec17de,2025-08-25T21:56:29.347000+00:00,kaspa:qzjjxtknensmpj72yzwnx0tw8n2hdlnvp8dsf39qg8ev0e4unk0dctls39f0a,kaspa:prfak7eqct2g2tdm42w9xj9aalq4gxgemps4fe482n0u85ksfyr2kyweert0g,4.0
03d7b359f52471613b32f7223cd11514ee83854973fc8d7c45c3f43fa5ec17de,2025-08-25T21:56:29.347000+00:00,kaspa:qzjjxtknensmpj72yzwnx0tw8n2hdlnvp8dsf39qg8ev0e4unk0dctls39f0a,kaspa:qzjjxtknensmpj72yzwnx0tw8n2hdlnvp8dsf39qg8ev0e4unk0dctls39f0a,29.99646799
e89ff4bfe7699af54e071d32947882c161c7307c5d4ba119e5b85362c8eebb50,2025-08-25T21:56:25.335000+00:00,kaspa:prfak7eqct2g2tdm42w9xj9aalq4gxgemps4fe482n0u85ksfyr2kyweert0g,kaspa:qzjjxtknensmpj72yzwnx0tw8n2hdlnvp8dsf39qg8ev0e4unk0dctls39f0a,3.0
823d2e89e353389a05d760a23d66011476111851cae9caca90b6b4c215f5e4d7,2025-08-25T21:56:23.331000+00:00,kaspa:qzjjxtknensmpj72yzwnx0tw8n2hdlnvp8dsf39qg8ev0e4unk0dctls39f0a,kaspa:prfak7eqct2g2tdm42w9xj9aalq4gxgemps4fe482n0u85ksfyr2kyweert0g,4.0
823d2e89e353389a05d760a23d66011476111851cae9caca90b6b4c215f5e4d7,2025-08-25T21:56:23.331000+00:00,kaspa:qzjjxtknensmpj72yzwnx0tw8n2hdlnvp8dsf39qg8ev0e4unk0dctls39f0a,kaspa:qzjjxtknensmpj72yzwnx0tw8n2hdlnvp8dsf39qg8ev0e4unk0dctls39f0a,1.99984887
70cdd89408461fce66a2de84b59af862b8164fcfe6718d3c558e6674e7328a7f,2025-08-25T21:56:01.610000+00:00,kaspa:prfak7eqct2g2tdm42w9xj9aalq4gxgemps4fe482n0u85ksfyr2kyweert0g,kaspa:qzjjxtknensmpj72yzwnx0tw8n2hdlnvp8dsf39qg8ev0e4unk0dctls39f0a,3.0
e0dc81ed7f2fbb4c00bd1c223f8be54d6e9879681fd8f32443bb0cab30357564,2025-08-25T21:55:59.051000+00:00,kaspa:qzjjxtknensmpj72yzwnx0tw8n2hdlnvp8dsf39qg8ev0e4unk0dctls39f0a,kaspa:prfak7eqct2g2tdm42w9xj9aalq4gxgemps4fe482n0u85ksfyr2kyweert0g,4.0
e0dc81ed7f2fbb4c00bd1c223f8be54d6e9879681fd8f32443bb0cab30357564,2025-08-25T21:55:59.051000+00:00,kaspa:qzjjxtknensmpj72yzwnx0tw8n2hdlnvp8dsf39qg8ev0e4unk0dctls39f0a,kaspa:qzjjxtknensmpj72yzwnx0tw8n2hdlnvp8dsf39qg8ev0e4unk0dctls39f0a,30.99649964
49632fe7fa1b0ca8e965f4606b5b462979ef0a4e9990a254111ea1f071252bca,2025-08-25T21:55:56.139000+00:00,kaspa:prfak7eqct2g2tdm42w9xj9aalq4gxgemps4fe482n0u85ksfyr2kyweert0g,kaspa:qzjjxtknensmpj72yzwnx0tw8n2hdlnvp8dsf39qg8ev0e4unk0dctls39f0a,3.0
bff87c43bfcdef8ddaa8b9cc82285d7268e0a2cc5f06e5b7d7596c8fa5238fe5,2025-08-25T21:55:54.165000+00:00,kaspa:qzjjxtknensmpj72yzwnx0tw8n2hdlnvp8dsf39qg8ev0e4unk0dctls39f0a,kaspa:prfak7eqct2g2tdm42w9xj9aalq4gxgemps4fe482n0u85ksfyr2kyweert0g,4.0
bff87c43bfcdef8ddaa8b9cc82285d7268e0a2cc5f06e5b7d7596c8fa5238fe5,2025-08-25T21:55:54.165000+00:00,kaspa:qzjjxtknensmpj72yzwnx0tw8n2hdlnvp8dsf39qg8ev0e4unk0dctls39f0a,kaspa:qzjjxtknensmpj72yzwnx0tw8n2hdlnvp8dsf39qg8ev0e4unk0dctls39f0a,2.99988052
1d2acb360b7a7145bcbebc89e74f297b8a3c49cd95edb6044881945918039b50,2025-08-25T21:55:39.157000+00:00,kaspa:prfak7eqct2g2tdm42w9xj9aalq4gxgemps4fe482n0u85ksfyr2kyweert0g,kaspa:qzjjxtknensmpj72yzwnx0tw8n2hdlnvp8dsf39qg8ev0e4unk0dctls39f0a,3.0
fe8082b46623abf27a5804c0ed0b0a290d4e18c4ccefe00fae4a773ad26dcaf1,2025-08-25T21:55:37.178000+00:00,kaspa:qzjjxtknensmpj72yzwnx0tw8n2hdlnvp8dsf39qg8ev0e4unk0dctls39f0a,kaspa:prfak7eqct2g2tdm42w9xj9aalq4gxgemps4fe482n0u85ksfyr2kyweert0g,4.0
fe8082b46623abf27a5804c0ed0b0a290d4e18c4ccefe00fae4a773ad26dcaf1,2025-08-25T21:55:37.178000+00:00,kaspa:qzjjxtknensmpj72yzwnx0tw8n2hdlnvp8dsf39qg8ev0e4unk0dctls39f0a,kaspa:qzjjxtknensmpj72yzwnx0tw8n2hdlnvp8dsf39qg8ev0e4unk0dctls39f0a,34.99652501
61a75dbfa03c6c3a461f3be74054c5e6570f13f35d945dc67786e0fbedd41a46,2025-08-25T21:55:31.743000+00:00,kaspa:prfak7eqct2g2tdm42w9xj9aalq4gxgemps4fe482n0u85ksfyr2kyweert0g,kaspa:qzjjxtknensmpj72yzwnx0tw8n2hdlnvp8dsf39qg8ev0e4unk0dctls39f0a,3.0
f6a47905b30769e6d950cba9778834ec4e71dff3c65cd933a3cf874fc6df2e0b,2025-08-25T21:55:29.910000+00:00,kaspa:qzjjxtknensmpj72yzwnx0tw8n2hdlnvp8dsf39qg8ev0e4unk0dctls39f0a,kaspa:prfak7eqct2g2tdm42w9xj9aalq4gxgemps4fe482n0u85ksfyr2kyweert0g,4.0
f6a47905b30769e6d950cba9778834ec4e71dff3c65cd933a3cf874fc6df2e0b,2025-08-25T21:55:29.910000+00:00,kaspa:qzjjxtknensmpj72yzwnx0tw8n2hdlnvp8dsf39qg8ev0e4unk0dctls39f0a,kaspa:qzjjxtknensmpj72yzwnx0tw8n2hdlnvp8dsf39qg8ev0e4unk0dctls39f0a,0.99992335
5d60144453cbeba78c3294c41fd6af267b1263bec6618cf466a69c512e76184a,2025-08-25T21:55:20.582000+00:00,kaspa:prfak7eqct2g2tdm42w9xj9aalq4gxgemps4fe482n0u85ksfyr2kyweert0g,kaspa:qzjjxtknensmpj72yzwnx0tw8n2hdlnvp8dsf39qg8ev0e4unk0dctls39f0a,3.0
f08306c3489741dc07a6f11005f68776c1c5779d536f9b49d1de016ca051df2a,2025-08-25T21:55:17.849000+00:00,kaspa:qzjjxtknensmpj72yzwnx0tw8n2hdlnvp8dsf39qg8ev0e4unk0dctls39f0a,kaspa:prfak7eqct2g2tdm42w9xj9aalq4gxgemps4fe482n0u85ksfyr2kyweert0g,4.0
f08306c3489741dc07a6f11005f68776c1c5779d536f9b49d1de016ca051df2a,2025-08-25T21:55:17.849000+00:00,kaspa:qzjjxtknensmpj72yzwnx0tw8n2hdlnvp8dsf39qg8ev0e4unk0dctls39f0a,kaspa:qzjjxtknensmpj72yzwnx0tw8n2hdlnvp8dsf39qg8ev0e4unk0dctls39f0a,35.99655666
8dcb978377c5b53785248d5f12f4dd16725d5f149fef593798897c2bc5616d97,2025-08-25T21:55:13.419000+00:00,kaspa:prfak7eqct2g2tdm42w9xj9aalq4gxgemps4fe482n0u85ksfyr2kyweert0g,kaspa:qzjjxtknensmpj72yzwnx0tw8n2hdlnvp8dsf39qg8ev0e4unk0dctls39f0a,3.0
0a2d3c9d0c1f767b1917df9b8807a09e78f28c6c440146c7797d91516ccdd741,2025-08-25T21:55:10.929000+00:00,kaspa:qzjjxtknensmpj72yzwnx0tw8n2hdlnvp8dsf39qg8ev0e4unk0dctls39f0a,kaspa:prfak7eqct2g2tdm42w9xj9aalq4gxgemps4fe482n0u85ksfyr2kyweert0g,4.0
0a2d3c9d0c1f767b1917df9b8807a09e78f28c6c440146c7797d91516ccdd741,2025-08-25T21:55:10.929000+00:00,kaspa:qzjjxtknensmpj72yzwnx0tw8n2hdlnvp8dsf39qg8ev0e4unk0dctls39f0a,kaspa:qzjjxtknensmpj72yzwnx0tw8n2hdlnvp8dsf39qg8ev0e4unk0dctls39f0a,1.99996835
4c041a3cdfae04492c35c515856648dae0a4d7b07b904b6785478613f935afec,2025-08-25T21:54:59.629000+00:00,kaspa:prfak7eqct2g2tdm42w9xj9aalq4gxgemps4fe482n0u85ksfyr2kyweert0g,kaspa:qzjjxtknensmpj72yzwnx0tw8n2hdlnvp8dsf39qg8ev0e4unk0dctls39f0a,3.0
96a550e4f83981b0a2eee6e02033dde0d4ad52c7cc822f950de90a04eb94c056,2025-08-25T21:54:57.311000+00:00,kaspa:qzjjxtknensmpj72yzwnx0tw8n2hdlnvp8dsf39qg8ev0e4unk0dctls39f0a,kaspa:prfak7eqct2g2tdm42w9xj9aalq4gxgemps4fe482n0u85ksfyr2kyweert0g,4.0
96a550e4f83981b0a2eee6e02033dde0d4ad52c7cc822f950de90a04eb94c056,2025-08-25T21:54:57.311000+00:00,kaspa:qzjjxtknensmpj72yzwnx0tw8n2hdlnvp8dsf39qg8ev0e4unk0dctls39f0a,kaspa:qzjjxtknensmpj72yzwnx0tw8n2hdlnvp8dsf39qg8ev0e4unk0dctls39f0a,39.99658193
fe109a3c556e99495816ef8fb579526dca78f0d99392cd00c775844abcec9118,2025-08-25T21:54:46.406000+00:00,kaspa:prfak7eqct2g2tdm42w9xj9aalq4gxgemps4fe482n0u85ksfyr2kyweert0g,kaspa:qzjjxtknensmpj72yzwnx0tw8n2hdlnvp8dsf39qg8ev0e4unk0dctls39f0a,3.0
99bcfb6235b5c76ade7e19cffa255c66754ffbaa528b54c9f26a734bfdcdbd7c,2025-08-25T21:54:44.704000+00:00,kaspa:qzjjxtknensmpj72yzwnx0tw8n2hdlnvp8dsf39qg8ev0e4unk0dctls39f0a,kaspa:prfak7eqct2g2tdm42w9xj9aalq4gxgemps4fe482n0u85ksfyr2kyweert0g,4.0
99bcfb6235b5c76ade7e19cffa255c66754ffbaa528b54c9f26a734bfdcdbd7c,2025-08-25T21:54:44.704000+00:00,kaspa:qzjjxtknensmpj72yzwnx0tw8n2hdlnvp8dsf39qg8ev0e4unk0dctls39f0a,kaspa:qzjjxtknensmpj72yzwnx0tw8n2hdlnvp8dsf39qg8ev0e4unk0dctls39f0a,1.99996835
ca1bb62f3cd5649a90b2e70bdbc3303020be45b1ff1fe4831e47d20a43b9771a,2025-08-25T21:54:29.305000+00:00,kaspa:prfak7eqct2g2tdm42w9xj9aalq4gxgemps4fe482n0u85ksfyr2kyweert0g,kaspa:qzjjxtknensmpj72yzwnx0tw8n2hdlnvp8dsf39qg8ev0e4unk0dctls39f0a,3.0
db3f40397bae48c00fd394d4ada298bad41289912c66b7a4dbd37add73f6c8f5,2025-08-25T21:54:27.233000+00:00,kaspa:qzjjxtknensmpj72yzwnx0tw8n2hdlnvp8dsf39qg8ev0e4unk0dctls39f0a,kaspa:prfak7eqct2g2tdm42w9xj9aalq4gxgemps4fe482n0u85ksfyr2kyweert0g,4.0
db3f40397bae48c00fd394d4ada298bad41289912c66b7a4dbd37add73f6c8f5,2025-08-25T21:54:27.233000+00:00,kaspa:qzjjxtknensmpj72yzwnx0tw8n2hdlnvp8dsf39qg8ev0e4unk0dctls39f0a,kaspa:qzjjxtknensmpj72yzwnx0tw8n2hdlnvp8dsf39qg8ev0e4unk0dctls39f0a,41.99664523
3bfd4cc01ea9d08edd1220c4ed6c5007e873c9a617539f4e46342ab4f0ebb51d,2025-08-25T21:54:16.417000+00:00,kaspa:prfak7eqct2g2tdm42w9xj9aalq4gxgemps4fe482n0u85ksfyr2kyweert0g,kaspa:qzjjxtknensmpj72yzwnx0tw8n2hdlnvp8dsf39qg8ev0e4unk0dctls39f0a,3.0
b93094a414b60eaa2a46ed07662ab395eddb16ea8563e0f530045d242b9635ef,2025-08-25T21:54:13.527000+00:00,kaspa:qzjjxtknensmpj72yzwnx0tw8n2hdlnvp8dsf39qg8ev0e4unk0dctls39f0a,kaspa:prfak7eqct2g2tdm42w9xj9aalq4gxgemps4fe482n0u85ksfyr2kyweert0g,4.0
b93094a414b60eaa2a46ed07662ab395eddb16ea8563e0f530045d242b9635ef,2025-08-25T21:54:13.527000+00:00,kaspa:qzjjxtknensmpj72yzwnx0tw8n2hdlnvp8dsf39qg8ev0e4unk0dctls39f0a,kaspa:qzjjxtknensmpj72yzwnx0tw8n2hdlnvp8dsf39qg8ev0e4unk0dctls39f0a,41.9968842
d0b237b3d2d6dd2efb4d6a8cec7518a7285730f6cdccbe46f0ed24ae72add345,2025-08-25T21:54:05.377000+00:00,kaspa:prfak7eqct2g2tdm42w9xj9aalq4gxgemps4fe482n0u85ksfyr2kyweert0g,kaspa:qzjjxtknensmpj72yzwnx0tw8n2hdlnvp8dsf39qg8ev0e4unk0dctls39f0a,3.0
553ac46dfea3175e592ce26f4c281297966fb741700e0e701e3338b682086168,2025-08-25T21:54:03.955000+00:00,kaspa:qzjjxtknensmpj72yzwnx0tw8n2hdlnvp8dsf39qg8ev0e4unk0dctls39f0a,kaspa:prfak7eqct2g2tdm42w9xj9aalq4gxgemps4fe482n0u85ksfyr2kyweert0g,4.0
553ac46dfea3175e592ce26f4c281297966fb741700e0e701e3338b682086168,2025-08-25T21:54:03.955000+00:00,kaspa:qzjjxtknensmpj72yzwnx0tw8n2hdlnvp8dsf39qg8ev0e4unk0dctls39f0a,kaspa:qzjjxtknensmpj72yzwnx0tw8n2hdlnvp8dsf39qg8ev0e4unk0dctls39f0a,0.99980386
3326c29386b432fd2c5e1d8fbeb595951a73710fde7d9be715c5711a244ee4f3,2025-08-25T21:53:49.975000+00:00,kaspa:prfak7eqct2g2tdm42w9xj9aalq4gxgemps4fe482n0u85ksfyr2kyweert0g,kaspa:qzjjxtknensmpj72yzwnx0tw8n2hdlnvp8dsf39qg8ev0e4unk0dctls39f0a,3.0
bb2d631fc2a387f97e52ebc86797b71095545f5182ba3bf3b3adc7268a3956ac,2025-08-25T21:53:48.790000+00:00,kaspa:qzjjxtknensmpj72yzwnx0tw8n2hdlnvp8dsf39qg8ev0e4unk0dctls39f0a,kaspa:prfak7eqct2g2tdm42w9xj9aalq4gxgemps4fe482n0u85ksfyr2kyweert0g,4.0
bb2d631fc2a387f97e52ebc86797b71095545f5182ba3bf3b3adc7268a3956ac,2025-08-25T21:53:48.790000+00:00,kaspa:qzjjxtknensmpj72yzwnx0tw8n2hdlnvp8dsf39qg8ev0e4unk0dctls39f0a,kaspa:qzjjxtknensmpj72yzwnx0tw8n2hdlnvp8dsf39qg8ev0e4unk0dctls39f0a,42.99691585
8d5e2d559310993c6158689683c21729810b6d3afded9c8bae0cafd80258e92f,2025-08-25T21:53:43.157000+00:00,kaspa:prfak7eqct2g2tdm42w9xj9aalq4gxgemps4fe482n0u85ksfyr2kyweert0g,kaspa:qzjjxtknensmpj72yzwnx0tw8n2hdlnvp8dsf39qg8ev0e4unk0dctls39f0a,3.0
831d1ad327470bdffc147c9afe4994d78df6d82dc64e3df30fc3fe283f0ca158,2025-08-25T21:53:41.323000+00:00,kaspa:qzjjxtknensmpj72yzwnx0tw8n2hdlnvp8dsf39qg8ev0e4unk0dctls39f0a,kaspa:prfak7eqct2g2tdm42w9xj9aalq4gxgemps4fe482n0u85ksfyr2kyweert0g,4.0
831d1ad327470bdffc147c9afe4994d78df6d82dc64e3df30fc3fe283f0ca158,2025-08-25T21:53:41.323000+00:00,kaspa:qzjjxtknensmpj72yzwnx0tw8n2hdlnvp8dsf39qg8ev0e4unk0dctls39f0a,kaspa:qzjjxtknensmpj72yzwnx0tw8n2hdlnvp8dsf39qg8ev0e4unk0dctls39f0a,1.99984887
1d0deac9c3bcf0b762a6937e58e7b3f502aabb37bb86f352092eb04413f20fdc,2025-08-25T21:53:17.242000+00:00,kaspa:prfak7eqct2g2tdm42w9xj9aalq4gxgemps4fe482n0u85ksfyr2kyweert0g,kaspa:qzjjxtknensmpj72yzwnx0tw8n2hdlnvp8dsf39qg8ev0e4unk0dctls39f0a,3.0
12b3501a8747266504a02a178f8bf62e14fadc6445f2e2884585836cdd68d9c1,2025-08-25T21:53:15.724000+00:00,kaspa:qzjjxtknensmpj72yzwnx0tw8n2hdlnvp8dsf39qg8ev0e4unk0dctls39f0a,kaspa:prfak7eqct2g2tdm42w9xj9aalq4gxgemps4fe482n0u85ksfyr2kyweert0g,4.0
12b3501a8747266504a02a178f8bf62e14fadc6445f2e2884585836cdd68d9c1,2025-08-25T21:53:15.724000+00:00,kaspa:qzjjxtknensmpj72yzwnx0tw8n2hdlnvp8dsf39qg8ev0e4unk0dctls39f0a,kaspa:qzjjxtknensmpj72yzwnx0tw8n2hdlnvp8dsf39qg8ev0e4unk0dctls39f0a,2.99988052
df794c98c46ea3c9ba0ff52bf57b9b64dc508d23c20c6741ba0de3931737606b,2025-08-25T21:52:55.623000+00:00,kaspa:prfak7eqct2g2tdm42w9xj9aalq4gxgemps4fe482n0u85ksfyr2kyweert0g,kaspa:qzjjxtknensmpj72yzwnx0tw8n2hdlnvp8dsf39qg8ev0e4unk0dctls39f0a,3.0
0db126690655a55f24ebc1f58bc8eb7a224156f8580af9e301835dea242983a8,2025-08-25T21:52:53.596000+00:00,kaspa:qzjjxtknensmpj72yzwnx0tw8n2hdlnvp8dsf39qg8ev0e4unk0dctls39f0a,kaspa:prfak7eqct2g2tdm42w9xj9aalq4gxgemps4fe482n0u85ksfyr2kyweert0g,4.0
0db126690655a55f24ebc1f58bc8eb7a224156f8580af9e301835dea242983a8,2025-08-25T21:52:53.596000+00:00,kaspa:qzjjxtknensmpj72yzwnx0tw8n2hdlnvp8dsf39qg8ev0e4unk0dctls39f0a,kaspa:qzjjxtknensmpj72yzwnx0tw8n2hdlnvp8dsf39qg8ev0e4unk0dctls39f0a,46.99694105
452fb8d2645bae41e4edbd10486e050028cb2d15bcd89e8ae54dc4168069ab18,2025-08-25T21:52:45.077000+00:00,kaspa:prfak7eqct2g2tdm42w9xj9aalq4gxgemps4fe482n0u85ksfyr2kyweert0g,kaspa:qzjjxtknensmpj72yzwnx0tw8n2hdlnvp8dsf39qg8ev0e4unk0dctls39f0a,3.0
0b42bf2f8b38ee0aa5359cb5a08d7ad89bda14f514709fb1b215657c4fa6e69f,2025-08-25T21:52:43.243000+00:00,kaspa:qzjjxtknensmpj72yzwnx0tw8n2hdlnvp8dsf39qg8ev0e4unk0dctls39f0a,kaspa:prfak7eqct2g2tdm42w9xj9aalq4gxgemps4fe482n0u85ksfyr2kyweert0g,4.0
0b42bf2f8b38ee0aa5359cb5a08d7ad89bda14f514709fb1b215657c4fa6e69f,2025-08-25T21:52:43.243000+00:00,kaspa:qzjjxtknensmpj72yzwnx0tw8n2hdlnvp8dsf39qg8ev0e4unk0dctls39f0a,kaspa:qzjjxtknensmpj72yzwnx0tw8n2hdlnvp8dsf39qg8ev0e4unk0dctls39f0a,0.99992335
a42e968c405918ea7bedb5a0d30864ff219b8f6f9819257c0469156fda8a8723,2025-08-25T21:52:28.910000+00:00,kaspa:prfak7eqct2g2tdm42w9xj9aalq4gxgemps4fe482n0u85ksfyr2kyweert0g,kaspa:qzjjxtknensmpj72yzwnx0tw8n2hdlnvp8dsf39qg8ev0e4unk0dctls39f0a,3.0
a3c50c06d50bd707a8b95f0b4b81ea651370b60c6028ea6cd0cd2b4682e2513e,2025-08-25T21:52:27.087000+00:00,kaspa:qzjjxtknensmpj72yzwnx0tw8n2hdlnvp8dsf39qg8ev0e4unk0dctls39f0a,kaspa:prfak7eqct2g2tdm42w9xj9aalq4gxgemps4fe482n0u85ksfyr2kyweert0g,4.0
a3c50c06d50bd707a8b95f0b4b81ea651370b60c6028ea6cd0cd2b4682e2513e,2025-08-25T21:52:27.087000+00:00,kaspa:qzjjxtknensmpj72yzwnx0tw8n2hdlnvp8dsf39qg8ev0e4unk0dctls39f0a,kaspa:qzjjxtknensmpj72yzwnx0tw8n2hdlnvp8dsf39qg8ev0e4unk0dctls39f0a,1.99996835
e5cb678fbc2bb9025aee5697d818b83ec905ea722f2dabd99af41a95e0cbea4a,2025-08-25T21:52:12.714000+00:00,kaspa:prfak7eqct2g2tdm42w9xj9aalq4gxgemps4fe482n0u85ksfyr2kyweert0g,kaspa:qzjjxtknensmpj72yzwnx0tw8n2hdlnvp8dsf39qg8ev0e4unk0dctls39f0a,3.0
9663a406e0e8f4cfbb954c0c9bc4270ff2b2657c13d9614a7ff34406de4f030c,2025-08-25T21:52:09.574000+00:00,kaspa:qzjjxtknensmpj72yzwnx0tw8n2hdlnvp8dsf39qg8ev0e4unk0dctls39f0a,kaspa:prfak7eqct2g2tdm42w9xj9aalq4gxgemps4fe482n0u85ksfyr2kyweert0g,4.0
9663a406e0e8f4cfbb954c0c9bc4270ff2b2657c13d9614a7ff34406de4f030c,2025-08-25T21:52:09.574000+00:00,kaspa:qzjjxtknensmpj72yzwnx0tw8n2hdlnvp8dsf39qg8ev0e4unk0dctls39f0a,kaspa:qzjjxtknensmpj72yzwnx0tw8n2hdlnvp8dsf39qg8ev0e4unk0dctls39f0a,50.99696621
bb108db6e082039d1830123df97042e37d5ea2de009ad3eaa1a3d65ded5d87e3,2025-08-25T21:51:58.088000+00:00,kaspa:prfak7eqct2g2tdm42w9xj9aalq4gxgemps4fe482n0u85ksfyr2kyweert0g,kaspa:qzjjxtknensmpj72yzwnx0tw8n2hdlnvp8dsf39qg8ev0e4unk0dctls39f0a,3.0
95d7397e8f50f323d36f2a38e83fa6b6df7b05f525ef076ee29c840c85c64edd,2025-08-25T21:51:54.999000+00:00,kaspa:qzjjxtknensmpj72yzwnx0tw8n2hdlnvp8dsf39qg8ev0e4unk0dctls39f0a,kaspa:prfak7eqct2g2tdm42w9xj9aalq4gxgemps4fe482n0u85ksfyr2kyweert0g,4.0
95d7397e8f50f323d36f2a38e83fa6b6df7b05f525ef076ee29c840c85c64edd,2025-08-25T21:51:54.999000+00:00,kaspa:qzjjxtknensmpj72yzwnx0tw8n2hdlnvp8dsf39qg8ev0e4unk0dctls39f0a,kaspa:qzjjxtknensmpj72yzwnx0tw8n2hdlnvp8dsf39qg8ev0e4unk0dctls39f0a,54.99699136
252f9c90b3bd674fb5f60a0168d1e5dd56f1793d75b596a2c853354ce3d2ea06,2025-08-25T21:51:40.611000+00:00,kaspa:prfak7eqct2g2tdm42w9xj9aalq4gxgemps4fe482n0u85ksfyr2kyweert0g,kaspa:qzjjxtknensmpj72yzwnx0tw8n2hdlnvp8dsf39qg8ev0e4unk0dctls39f0a,3.0
8afeb9d94423a11bd44f60f9360abe4d58ff97cf666ea7c2192611e9df6a4087,2025-08-25T21:51:38.832000+00:00,kaspa:qzjjxtknensmpj72yzwnx0tw8n2hdlnvp8dsf39qg8ev0e4unk0dctls39f0a,kaspa:prfak7eqct2g2tdm42w9xj9aalq4gxgemps4fe482n0u85ksfyr2kyweert0g,4.0
8afeb9d94423a11bd44f60f9360abe4d58ff97cf666ea7c2192611e9df6a4087,2025-08-25T21:51:38.832000+00:00,kaspa:qzjjxtknensmpj72yzwnx0tw8n2hdlnvp8dsf39qg8ev0e4unk0dctls39f0a,kaspa:qzjjxtknensmpj72yzwnx0tw8n2hdlnvp8dsf39qg8ev0e4unk0dctls39f0a,55.99702301
b2e767fd1ce616d00190a622820070d2d49fc92dfa8b6bb229157fc690e21393,2025-08-25T21:51:24.669000+00:00,kaspa:prfak7eqct2g2tdm42w9xj9aalq4gxgemps4fe482n0u85ksfyr2kyweert0g,kaspa:qzjjxtknensmpj72yzwnx0tw8n2hdlnvp8dsf39qg8ev0e4unk0dctls39f0a,3.0
4e0a8515679922113573037170af3034d2b5d8633e9c67e72bdf0c1e3d339806,2025-08-25T21:51:23.496000+00:00,kaspa:qzjjxtknensmpj72yzwnx0tw8n2hdlnvp8dsf39qg8ev0e4unk0dctls39f0a,kaspa:prfak7eqct2g2tdm42w9xj9aalq4gxgemps4fe482n0u85ksfyr2kyweert0g,4.0
4e0a8515679922113573037170af3034d2b5d8633e9c67e72bdf0c1e3d339806,2025-08-25T21:51:23.496000+00:00,kaspa:qzjjxtknensmpj72yzwnx0tw8n2hdlnvp8dsf39qg8ev0e4unk0dctls39f0a,kaspa:qzjjxtknensmpj72yzwnx0tw8n2hdlnvp8dsf39qg8ev0e4unk0dctls39f0a,56.99705466
903baf5fa94fb4c43a86eb55f55aa33a5014a226a726fbf2278f3d129b8eea10,2025-08-22T11:20:51.896000+00:00,kaspa:qzjjxtknensmpj72yzwnx0tw8n2hdlnvp8dsf39qg8ev0e4unk0dctls39f0a,kaspa:qpftct7vjtd0664s8anh00fqp7aejfl4gq3egt8j963mtpxh5sg3z65z8u9aq,300.0
903baf5fa94fb4c43a86eb55f55aa33a5014a226a726fbf2278f3d129b8eea10,2025-08-22T11:20:51.896000+00:00,kaspa:qzjjxtknensmpj72yzwnx0tw8n2hdlnvp8dsf39qg8ev0e4unk0dctls39f0a,kaspa:qzjjxtknensmpj72yzwnx0tw8n2hdlnvp8dsf39qg8ev0e4unk0dctls39f0a,60.99707978
ee1700929a69860076ef2dc74c029f08e5d014143e0ab1ffa7fc6554d499a333,2025-08-22T11:05:35.886000+00:00,kaspa:pr3mt34fngr6m86prpmtl2te9m6r30f85c3xlxychut4rvxtgenwuuxs0fat2,kaspa:qzjjxtknensmpj72yzwnx0tw8n2hdlnvp8dsf39qg8ev0e4unk0dctls39f0a,0.0917914075364983
ee1700929a69860076ef2dc74c029f08e5d014143e0ab1ffa7fc6554d499a333,2025-08-22T11:05:35.886000+00:00,kaspa:qpqgkpcl6eeksvz5094q0qx7yld6v08yujt8udrgukjv4lym9h065njcsfgn9,kaspa:qzjjxtknensmpj72yzwnx0tw8n2hdlnvp8dsf39qg8ev0e4unk0dctls39f0a,350.90822147246354
f451bde31f929e008a52396ac7141819ca056af5c8952da5db279f6a86048e80,2025-08-22T11:03:44.292000+00:00,kaspa:pr042e68snamppzrhhspaczzhxsv8e4mxgle2glneemh49pjd2klqcmgkdv3s,kaspa:qzjjxtknensmpj72yzwnx0tw8n2hdlnvp8dsf39qg8ev0e4unk0dctls39f0a,3.0
a0f245b870f5f3c0fac5eb1f0d800e4cea1b017aabd71ec1650091d616f6d580,2025-08-22T11:03:42.234000+00:00,kaspa:qzjjxtknensmpj72yzwnx0tw8n2hdlnvp8dsf39qg8ev0e4unk0dctls39f0a,kaspa:pr042e68snamppzrhhspaczzhxsv8e4mxgle2glneemh49pjd2klqcmgkdv3s,4.0
a0f245b870f5f3c0fac5eb1f0d800e4cea1b017aabd71ec1650091d616f6d580,2025-08-22T11:03:42.234000+00:00,kaspa:qzjjxtknensmpj72yzwnx0tw8n2hdlnvp8dsf39qg8ev0e4unk0dctls39f0a,kaspa:qzjjxtknensmpj72yzwnx0tw8n2hdlnvp8dsf39qg8ev0e4unk0dctls39f0a,0.99713198
566a7c453289e43940cdd58b99aa1b3a71ef94fc4d31f260affd517f5b59dd80,2025-08-22T11:03:20.688000+00:00,kaspa:pr042e68snamppzrhhspaczzhxsv8e4mxgle2glneemh49pjd2klqcmgkdv3s,kaspa:qzjjxtknensmpj72yzwnx0tw8n2hdlnvp8dsf39qg8ev0e4unk0dctls39f0a,3.0
1474dca15d58cab90df780e2aac0d346f1bd27b8bf816094af8957bd9cf5fcbd,2025-08-22T11:03:18.913000+00:00,kaspa:qzjjxtknensmpj72yzwnx0tw8n2hdlnvp8dsf39qg8ev0e4unk0dctls39f0a,kaspa:pr042e68snamppzrhhspaczzhxsv8e4mxgle2glneemh49pjd2klqcmgkdv3s,4.0
1474dca15d58cab90df780e2aac0d346f1bd27b8bf816094af8957bd9cf5fcbd,2025-08-22T11:03:18.913000+00:00,kaspa:qzjjxtknensmpj72yzwnx0tw8n2hdlnvp8dsf39qg8ev0e4unk0dctls39f0a,kaspa:qzjjxtknensmpj72yzwnx0tw8n2hdlnvp8dsf39qg8ev0e4unk0dctls39f0a,2.99720887
5597882add1bce79e2fd4a98294f4d0d0a55cb8a475936b7481b7dd685805c15,2025-08-22T11:03:10.316000+00:00,kaspa:pr042e68snamppzrhhspaczzhxsv8e4mxgle2glneemh49pjd2klqcmgkdv3s,kaspa:qzjjxtknensmpj72yzwnx0tw8n2hdlnvp8dsf39qg8ev0e4unk0dctls39f0a,3.0
29f44b26d5f91dc73089a1b3bec77f98e939e9142207dafb88ff1e3bd1fcb9d5,2025-08-22T11:03:07.728000+00:00,kaspa:qzjjxtknensmpj72yzwnx0tw8n2hdlnvp8dsf39qg8ev0e4unk0dctls39f0a,kaspa:pr042e68snamppzrhhspaczzhxsv8e4mxgle2glneemh49pjd2klqcmgkdv3s,4.0
29f44b26d5f91dc73089a1b3bec77f98e939e9142207dafb88ff1e3bd1fcb9d5,2025-08-22T11:03:07.728000+00:00,kaspa:qzjjxtknensmpj72yzwnx0tw8n2hdlnvp8dsf39qg8ev0e4unk0dctls39f0a,kaspa:qzjjxtknensmpj72yzwnx0tw8n2hdlnvp8dsf39qg8ev0e4unk0dctls39f0a,1.99996835
b67ae375c648320f2e1bc0f78363b7267b729f4d2b5bc30df4c1bc14dbc7445f,2025-08-22T11:02:53.030000+00:00,kaspa:pr042e68snamppzrhhspaczzhxsv8e4mxgle2glneemh49pjd2klqcmgkdv3s,kaspa:qzjjxtknensmpj72yzwnx0tw8n2hdlnvp8dsf39qg8ev0e4unk0dctls39f0a,3.0
3ad432183516191e520605547e6771592c1a4573ea67a838416e8e0d9499a350,2025-08-22T11:02:50.600000+00:00,kaspa:qzjjxtknensmpj72yzwnx0tw8n2hdlnvp8dsf39qg8ev0e4unk0dctls39f0a,kaspa:pr042e68snamppzrhhspaczzhxsv8e4mxgle2glneemh49pjd2klqcmgkdv3s,4.0
3ad432183516191e520605547e6771592c1a4573ea67a838416e8e0d9499a350,2025-08-22T11:02:50.600000+00:00,kaspa:qzjjxtknensmpj72yzwnx0tw8n2hdlnvp8dsf39qg8ev0e4unk0dctls39f0a,kaspa:qzjjxtknensmpj72yzwnx0tw8n2hdlnvp8dsf39qg8ev0e4unk0dctls39f0a,6.99725294
5967b05f3ae41802748bd5a95f5042d5c25e99d276787d1bcd812dff9f183b61,2025-08-22T11:02:37.524000+00:00,kaspa:pr042e68snamppzrhhspaczzhxsv8e4mxgle2glneemh49pjd2klqcmgkdv3s,kaspa:qzjjxtknensmpj72yzwnx0tw8n2hdlnvp8dsf39qg8ev0e4unk0dctls39f0a,3.0
200bd2be74797a1396d7eacb4470016a1d3fd3ee5c93eac6e2f5c2788bd6ca5e,2025-08-22T11:02:35.164000+00:00,kaspa:qzjjxtknensmpj72yzwnx0tw8n2hdlnvp8dsf39qg8ev0e4unk0dctls39f0a,kaspa:pr042e68snamppzrhhspaczzhxsv8e4mxgle2glneemh49pjd2klqcmgkdv3s,4.0
200bd2be74797a1396d7eacb4470016a1d3fd3ee5c93eac6e2f5c2788bd6ca5e,2025-08-22T11:02:35.164000+00:00,kaspa:qzjjxtknensmpj72yzwnx0tw8n2hdlnvp8dsf39qg8ev0e4unk0dctls39f0a,kaspa:qzjjxtknensmpj72yzwnx0tw8n2hdlnvp8dsf39qg8ev0e4unk0dctls39f0a,10.99728314
0ff44d6f4f2078630ef910fe3b3b364e2d0459e13e76ef12593cf970debcc18c,2025-08-22T11:02:10.316000+00:00,kaspa:pr042e68snamppzrhhspaczzhxsv8e4mxgle2glneemh49pjd2klqcmgkdv3s,kaspa:qzjjxtknensmpj72yzwnx0tw8n2hdlnvp8dsf39qg8ev0e4unk0dctls39f0a,3.0
37f702d1cdb1ab946f69e11c98bb84bd4fab8695d104375f299472179bd433ae,2025-08-22T11:02:06.890000+00:00,kaspa:qzjjxtknensmpj72yzwnx0tw8n2hdlnvp8dsf39qg8ev0e4unk0dctls39f0a,kaspa:pr042e68snamppzrhhspaczzhxsv8e4mxgle2glneemh49pjd2klqcmgkdv3s,4.0
37f702d1cdb1ab946f69e11c98bb84bd4fab8695d104375f299472179bd433ae,2025-08-22T11:02:06.890000+00:00,kaspa:qzjjxtknensmpj72yzwnx0tw8n2hdlnvp8dsf39qg8ev0e4unk0dctls39f0a,kaspa:qzjjxtknensmpj72yzwnx0tw8n2hdlnvp8dsf39qg8ev0e4unk0dctls39f0a,11.99731479
d97121a9be0a15a0bae30237fe59ed0bd6f348e165601b42afaa5d3b59026cd4,2025-08-22T11:00:11.701000+00:00,kaspa:qr80yl9a5xlhg9rz2nfc6x689s6hva6kft7s8y3pl0pzca3etsc2jt6s4rcx3,kaspa:qzjjxtknensmpj72yzwnx0tw8n2hdlnvp8dsf39qg8ev0e4unk0dctls39f0a,11.0
852a5559964b173a6d2c9b952d71d9e6e5b746746d4b9f63d076a5fde8ce3c8f,2025-08-22T10:57:26.728000+00:00,kaspa:qzjjxtknensmpj72yzwnx0tw8n2hdlnvp8dsf39qg8ev0e4unk0dctls39f0a,kaspa:pr3mt34fngr6m86prpmtl2te9m6r30f85c3xlxychut4rvxtgenwuuxs0fat2,0.8332700468636511
852a5559964b173a6d2c9b952d71d9e6e5b746746d4b9f63d076a5fde8ce3c8f,2025-08-22T10:57:26.728000+00:00,kaspa:prk574w07f4d270uhg6avpf3ep2xu55d99hrzefcn43avcvsek7j672q8tmqg,kaspa:qzjjxtknensmpj72yzwnx0tw8n2hdlnvp8dsf39qg8ev0e4unk0dctls39f0a,0.8332609711681386
852a5559964b173a6d2c9b952d71d9e6e5b746746d4b9f63d076a5fde8ce3c8f,2025-08-22T10:57:26.728000+00:00,kaspa:qzjjxtknensmpj72yzwnx0tw8n2hdlnvp8dsf39qg8ev0e4unk0dctls39f0a,kaspa:qzjjxtknensmpj72yzwnx0tw8n2hdlnvp8dsf39qg8ev0e4unk0dctls39f0a,4.164085468831861
00bc708ef7c3f5f4776ba873e908f4351a420ccd24ed0cc878d0e91e2139d297,2025-08-22T10:57:22.377000+00:00,kaspa:qzjjxtknensmpj72yzwnx0tw8n2hdlnvp8dsf39qg8ev0e4unk0dctls39f0a,kaspa:prk574w07f4d270uhg6avpf3ep2xu55d99hrzefcn43avcvsek7j672q8tmqg,1.00001288
00bc708ef7c3f5f4776ba873e908f4351a420ccd24ed0cc878d0e91e2139d297,2025-08-22T10:57:22.377000+00:00,kaspa:qzjjxtknensmpj72yzwnx0tw8n2hdlnvp8dsf39qg8ev0e4unk0dctls39f0a,kaspa:qzjjxtknensmpj72yzwnx0tw8n2hdlnvp8dsf39qg8ev0e4unk0dctls39f0a,4.99740087
21fd3d273dcceaa24137e4b17685c871c8b6c877eb6696dc05283581a48f1ca8,2025-08-22T10:55:56.437000+00:00,kaspa:qzjjxtknensmpj72yzwnx0tw8n2hdlnvp8dsf39qg8ev0e4unk0dctls39f0a,kaspa:qzjjxtknensmpj72yzwnx0tw8n2hdlnvp8dsf39qg8ev0e4unk0dctls39f0a,4.9974589705609365
21fd3d273dcceaa24137e4b17685c871c8b6c877eb6696dc05283581a48f1ca8,2025-08-22T10:55:56.437000+00:00,kaspa:pr3mt34fngr6m86prpmtl2te9m6r30f85c3xlxychut4rvxtgenwuuxs0fat2,kaspa:qzjjxtknensmpj72yzwnx0tw8n2hdlnvp8dsf39qg8ev0e4unk0dctls39f0a,1.0000580994390638
73cb7730367f4de858081eda430fddd48b088881031a2a41e97fa9b51a1e46bc,2025-08-22T10:47:59.030000+00:00,kaspa:qzjjxtknensmpj72yzwnx0tw8n2hdlnvp8dsf39qg8ev0e4unk0dctls39f0a,kaspa:pr3mt34fngr6m86prpmtl2te9m6r30f85c3xlxychut4rvxtgenwuuxs0fat2,0.8333085053912872
73cb7730367f4de858081eda430fddd48b088881031a2a41e97fa9b51a1e46bc,2025-08-22T10:47:59.030000+00:00,kaspa:prk574w07f4d270uhg6avpf3ep2xu55d99hrzefcn43avcvsek7j672q8tmqg,kaspa:qzjjxtknensmpj72yzwnx0tw8n2hdlnvp8dsf39qg8ev0e4unk0dctls39f0a,0.8332994311915274
73cb7730367f4de858081eda430fddd48b088881031a2a41e97fa9b51a1e46bc,2025-08-22T10:47:59.030000+00:00,kaspa:qzjjxtknensmpj72yzwnx0tw8n2hdlnvp8dsf39qg8ev0e4unk0dctls39f0a,kaspa:qzjjxtknensmpj72yzwnx0tw8n2hdlnvp8dsf39qg8ev0e4unk0dctls39f0a,4.164183128808472
db48a24e1aed24966794a74682b4caff869574365b1cc601b2ecdecac643eb88,2025-08-22T10:47:55.407000+00:00,kaspa:qzjjxtknensmpj72yzwnx0tw8n2hdlnvp8dsf39qg8ev0e4unk0dctls39f0a,kaspa:prk574w07f4d270uhg6avpf3ep2xu55d99hrzefcn43avcvsek7j672q8tmqg,1.00006282
db48a24e1aed24966794a74682b4caff869574365b1cc601b2ecdecac643eb88,2025-08-22T10:47:55.407000+00:00,kaspa:qzjjxtknensmpj72yzwnx0tw8n2hdlnvp8dsf39qg8ev0e4unk0dctls39f0a,kaspa:qzjjxtknensmpj72yzwnx0tw8n2hdlnvp8dsf39qg8ev0e4unk0dctls39f0a,4.99753698
01a1f56359a30ee890586f6bcae1b65790a5763679ee7482f7a10145b5bddfa3,2025-08-22T10:46:55.917000+00:00,kaspa:qzjjxtknensmpj72yzwnx0tw8n2hdlnvp8dsf39qg8ev0e4unk0dctls39f0a,kaspa:qzjjxtknensmpj72yzwnx0tw8n2hdlnvp8dsf39qg8ev0e4unk0dctls39f0a,4.99766005034356
01a1f56359a30ee890586f6bcae1b65790a5763679ee7482f7a10145b5bddfa3,2025-08-22T10:46:55.917000+00:00,kaspa:pr3mt34fngr6m86prpmtl2te9m6r30f85c3xlxychut4rvxtgenwuuxs0fat2,kaspa:qzjjxtknensmpj72yzwnx0tw8n2hdlnvp8dsf39qg8ev0e4unk0dctls39f0a,1.000043069656439
95fdcc6c02ae37cedac9aae08ab05209858f96734bfce24ea599be532c5a4bc3,2025-08-22T10:43:25.025000+00:00,kaspa:qzjjxtknensmpj72yzwnx0tw8n2hdlnvp8dsf39qg8ev0e4unk0dctls39f0a,kaspa:pr3mt34fngr6m86prpmtl2te9m6r30f85c3xlxychut4rvxtgenwuuxs0fat2,0.8333036602001866
95fdcc6c02ae37cedac9aae08ab05209858f96734bfce24ea599be532c5a4bc3,2025-08-22T10:43:25.025000+00:00,kaspa:prk574w07f4d270uhg6avpf3ep2xu55d99hrzefcn43avcvsek7j672q8tmqg,kaspa:qzjjxtknensmpj72yzwnx0tw8n2hdlnvp8dsf39qg8ev0e4unk0dctls39f0a,0.8332945864182789
95fdcc6c02ae37cedac9aae08ab05209858f96734bfce24ea599be532c5a4bc3,2025-08-22T10:43:25.025000+00:00,kaspa:qzjjxtknensmpj72yzwnx0tw8n2hdlnvp8dsf39qg8ev0e4unk0dctls39f0a,kaspa:qzjjxtknensmpj72yzwnx0tw8n2hdlnvp8dsf39qg8ev0e4unk0dctls39f0a,4.164389053581721
291f7cf1a507cf3839d441bb533cd73f17844fbe0f767ee20e44a10c3676a252,2025-08-22T10:43:19.959000+00:00,kaspa:qzjjxtknensmpj72yzwnx0tw8n2hdlnvp8dsf39qg8ev0e4unk0dctls39f0a,kaspa:prk574w07f4d270uhg6avpf3ep2xu55d99hrzefcn43avcvsek7j672q8tmqg,1.00004779
291f7cf1a507cf3839d441bb533cd73f17844fbe0f767ee20e44a10c3676a252,2025-08-22T10:43:19.959000+00:00,kaspa:qzjjxtknensmpj72yzwnx0tw8n2hdlnvp8dsf39qg8ev0e4unk0dctls39f0a,kaspa:qzjjxtknensmpj72yzwnx0tw8n2hdlnvp8dsf39qg8ev0e4unk0dctls39f0a,4.99773806
2289f6d357905e710621f96e43e1cdc1ad284d84e62f9f59e2e3cfdc1ee36480,2025-08-21T20:27:45.949000+00:00,kaspa:pr3pq4w0nrlz0rp5nczzc6fh0eg4sx92mu295t07sdat76ap2z45u87cwv3sk,kaspa:qzjjxtknensmpj72yzwnx0tw8n2hdlnvp8dsf39qg8ev0e4unk0dctls39f0a,3.0
64916a3d411a38e8722893c9802027dda0a98535df154df3c6e45169d5a5b0bf,2025-08-21T20:27:43.915000+00:00,kaspa:qzjjxtknensmpj72yzwnx0tw8n2hdlnvp8dsf39qg8ev0e4unk0dctls39f0a,kaspa:pr3pq4w0nrlz0rp5nczzc6fh0eg4sx92mu295t07sdat76ap2z45u87cwv3sk,4.0
64916a3d411a38e8722893c9802027dda0a98535df154df3c6e45169d5a5b0bf,2025-08-21T20:27:43.915000+00:00,kaspa:qzjjxtknensmpj72yzwnx0tw8n2hdlnvp8dsf39qg8ev0e4unk0dctls39f0a,kaspa:qzjjxtknensmpj72yzwnx0tw8n2hdlnvp8dsf39qg8ev0e4unk0dctls39f0a,2.99783916
a1b1c5f11e4fb7e969703e7fc13e24b678b99cad08e690d9fe7c1fcace3edf1f,2025-08-21T20:27:28.417000+00:00,kaspa:pr3pq4w0nrlz0rp5nczzc6fh0eg4sx92mu295t07sdat76ap2z45u87cwv3sk,kaspa:qzjjxtknensmpj72yzwnx0tw8n2hdlnvp8dsf39qg8ev0e4unk0dctls39f0a,3.0
2b8e697905e76b5933dcd9d06d068ae4fc7ea2f3817bb4db026278fc0e8df8b7,2025-08-21T20:27:25.980000+00:00,kaspa:qzjjxtknensmpj72yzwnx0tw8n2hdlnvp8dsf39qg8ev0e4unk0dctls39f0a,kaspa:pr3pq4w0nrlz0rp5nczzc6fh0eg4sx92mu295t07sdat76ap2z45u87cwv3sk,4.0
2b8e697905e76b5933dcd9d06d068ae4fc7ea2f3817bb4db026278fc0e8df8b7,2025-08-21T20:27:25.980000+00:00,kaspa:qzjjxtknensmpj72yzwnx0tw8n2hdlnvp8dsf39qg8ev0e4unk0dctls39f0a,kaspa:qzjjxtknensmpj72yzwnx0tw8n2hdlnvp8dsf39qg8ev0e4unk0dctls39f0a,3.99787081
0f071ee181655c84ea095bc3f0d24897147e999098c1dae736b693c80269d731,2025-08-21T20:27:11.741000+00:00,kaspa:pr3pq4w0nrlz0rp5nczzc6fh0eg4sx92mu295t07sdat76ap2z45u87cwv3sk,kaspa:qzjjxtknensmpj72yzwnx0tw8n2hdlnvp8dsf39qg8ev0e4unk0dctls39f0a,3.0
1a960ba78938116259fa1cfb88c2e6f2cdfbf3a11cb1732bdeb148d50b2d8236,2025-08-21T20:27:09.540000+00:00,kaspa:qzjjxtknensmpj72yzwnx0tw8n2hdlnvp8dsf39qg8ev0e4unk0dctls39f0a,kaspa:pr3pq4w0nrlz0rp5nczzc6fh0eg4sx92mu295t07sdat76ap2z45u87cwv3sk,4.0
1a960ba78938116259fa1cfb88c2e6f2cdfbf3a11cb1732bdeb148d50b2d8236,2025-08-21T20:27:09.540000+00:00,kaspa:qzjjxtknensmpj72yzwnx0tw8n2hdlnvp8dsf39qg8ev0e4unk0dctls39f0a,kaspa:qzjjxtknensmpj72yzwnx0tw8n2hdlnvp8dsf39qg8ev0e4unk0dctls39f0a,4.99790246
610dc5bf8dcd6918c552839373443d46cfc544a9d65770300e23618b0a30cadb,2025-08-21T20:26:54.524000+00:00,kaspa:pr3pq4w0nrlz0rp5nczzc6fh0eg4sx92mu295t07sdat76ap2z45u87cwv3sk,kaspa:qzjjxtknensmpj72yzwnx0tw8n2hdlnvp8dsf39qg8ev0e4unk0dctls39f0a,3.0
3fa6a81494a1eac8411233e74dad8735d99b0f6cbdeae17218a18df1fb5b4eb8,2025-08-21T20:26:53.810000+00:00,kaspa:qzjjxtknensmpj72yzwnx0tw8n2hdlnvp8dsf39qg8ev0e4unk0dctls39f0a,kaspa:pr3pq4w0nrlz0rp5nczzc6fh0eg4sx92mu295t07sdat76ap2z45u87cwv3sk,4.0
3fa6a81494a1eac8411233e74dad8735d99b0f6cbdeae17218a18df1fb5b4eb8,2025-08-21T20:26:53.810000+00:00,kaspa:qzjjxtknensmpj72yzwnx0tw8n2hdlnvp8dsf39qg8ev0e4unk0dctls39f0a,kaspa:qzjjxtknensmpj72yzwnx0tw8n2hdlnvp8dsf39qg8ev0e4unk0dctls39f0a,0.99992335
3809f0900f3da27bdc6ab7bd14ba5b709c6f4bb0c6031559d49bb1e5d19a1c86,2025-08-21T20:26:39.915000+00:00,kaspa:pr3pq4w0nrlz0rp5nczzc6fh0eg4sx92mu295t07sdat76ap2z45u87cwv3sk,kaspa:qzjjxtknensmpj72yzwnx0tw8n2hdlnvp8dsf39qg8ev0e4unk0dctls39f0a,3.0
c0ab87dfeeb24874be979dd9df3b41e8a97b371a2a076640f092530d1708c302,2025-08-21T20:26:37.370000+00:00,kaspa:qzjjxtknensmpj72yzwnx0tw8n2hdlnvp8dsf39qg8ev0e4unk0dctls39f0a,kaspa:pr3pq4w0nrlz0rp5nczzc6fh0eg4sx92mu295t07sdat76ap2z45u87cwv3sk,4.0
c0ab87dfeeb24874be979dd9df3b41e8a97b371a2a076640f092530d1708c302,2025-08-21T20:26:37.370000+00:00,kaspa:qzjjxtknensmpj72yzwnx0tw8n2hdlnvp8dsf39qg8ev0e4unk0dctls39f0a,kaspa:qzjjxtknensmpj72yzwnx0tw8n2hdlnvp8dsf39qg8ev0e4unk0dctls39f0a,1.99996835
76964d5935083cf6e583bc2aa6fedf751e3fce27146a8024b7e261de9a6be8c7,2025-08-05T11:15:59.952000+00:00,kaspa:pr042e68snamppzrhhspaczzhxsv8e4mxgle2glneemh49pjd2klqcmgkdv3s,kaspa:qzjjxtknensmpj72yzwnx0tw8n2hdlnvp8dsf39qg8ev0e4unk0dctls39f0a,3.0
03ae0b761528a4cb70609fb0481b45c075345a9f3ef9397728d9f8774557b91f,2025-08-05T11:15:58.730000+00:00,kaspa:qzjjxtknensmpj72yzwnx0tw8n2hdlnvp8dsf39qg8ev0e4unk0dctls39f0a,kaspa:pr042e68snamppzrhhspaczzhxsv8e4mxgle2glneemh49pjd2klqcmgkdv3s,4.0
03ae0b761528a4cb70609fb0481b45c075345a9f3ef9397728d9f8774557b91f,2025-08-05T11:15:58.730000+00:00,kaspa:qzjjxtknensmpj72yzwnx0tw8n2hdlnvp8dsf39qg8ev0e4unk0dctls39f0a,kaspa:qzjjxtknensmpj72yzwnx0tw8n2hdlnvp8dsf39qg8ev0e4unk0dctls39f0a,4.99802194
ae1b00209c67e6f4a4aab59177ee3ba785fc755c1ed73a29843643a21942c1f5,2025-08-05T11:15:47.418000+00:00,kaspa:pr042e68snamppzrhhspaczzhxsv8e4mxgle2glneemh49pjd2klqcmgkdv3s,kaspa:qzjjxtknensmpj72yzwnx0tw8n2hdlnvp8dsf39qg8ev0e4unk0dctls39f0a,3.0
80464f32bfe28915d76a0df25fcb7afe060e29adfaa9315b2d55b183cbe46b68,2025-08-05T11:15:44.554000+00:00,kaspa:qzjjxtknensmpj72yzwnx0tw8n2hdlnvp8dsf39qg8ev0e4unk0dctls39f0a,kaspa:pr042e68snamppzrhhspaczzhxsv8e4mxgle2glneemh49pjd2klqcmgkdv3s,4.0
80464f32bfe28915d76a0df25fcb7afe060e29adfaa9315b2d55b183cbe46b68,2025-08-05T11:15:44.554000+00:00,kaspa:qzjjxtknensmpj72yzwnx0tw8n2hdlnvp8dsf39qg8ev0e4unk0dctls39f0a,kaspa:qzjjxtknensmpj72yzwnx0tw8n2hdlnvp8dsf39qg8ev0e4unk0dctls39f0a,5.99805359
12e5a0265e1becbcd3ab16779110358769e4d0bf54048fa5618cf1b922d6012c,2025-08-05T11:15:32.901000+00:00,kaspa:pr042e68snamppzrhhspaczzhxsv8e4mxgle2glneemh49pjd2klqcmgkdv3s,kaspa:qzjjxtknensmpj72yzwnx0tw8n2hdlnvp8dsf39qg8ev0e4unk0dctls39f0a,3.0
ea1c05135ed2989a6cc3506d4157d8e5d91d20e5f9612ff925e208e0956bb862,2025-08-05T11:15:29.960000+00:00,kaspa:qzjjxtknensmpj72yzwnx0tw8n2hdlnvp8dsf39qg8ev0e4unk0dctls39f0a,kaspa:pr042e68snamppzrhhspaczzhxsv8e4mxgle2glneemh49pjd2klqcmgkdv3s,4.0
ea1c05135ed2989a6cc3506d4157d8e5d91d20e5f9612ff925e208e0956bb862,2025-08-05T11:15:29.960000+00:00,kaspa:qzjjxtknensmpj72yzwnx0tw8n2hdlnvp8dsf39qg8ev0e4unk0dctls39f0a,kaspa:qzjjxtknensmpj72yzwnx0tw8n2hdlnvp8dsf39qg8ev0e4unk0dctls39f0a,5.99877064
ef41570c30cbb97c3a6f22f9aef6dcf2857b4a63d885dfc7eb7efaff6b55dd41,2025-08-05T11:15:24.572000+00:00,kaspa:pr042e68snamppzrhhspaczzhxsv8e4mxgle2glneemh49pjd2klqcmgkdv3s,kaspa:qzjjxtknensmpj72yzwnx0tw8n2hdlnvp8dsf39qg8ev0e4unk0dctls39f0a,3.0
b11acbccd68d0d82fa3eb3368d26e123f5f0d4a6fb093147fd9a89e4f754bf63,2025-08-05T11:15:22.756000+00:00,kaspa:qzjjxtknensmpj72yzwnx0tw8n2hdlnvp8dsf39qg8ev0e4unk0dctls39f0a,kaspa:pr042e68snamppzrhhspaczzhxsv8e4mxgle2glneemh49pjd2klqcmgkdv3s,4.0
b11acbccd68d0d82fa3eb3368d26e123f5f0d4a6fb093147fd9a89e4f754bf63,2025-08-05T11:15:22.756000+00:00,kaspa:qzjjxtknensmpj72yzwnx0tw8n2hdlnvp8dsf39qg8ev0e4unk0dctls39f0a,kaspa:qzjjxtknensmpj72yzwnx0tw8n2hdlnvp8dsf39qg8ev0e4unk0dctls39f0a,0.99932578
7b68c30e4de1027e359ad8b5bdb4d8ea35cd40760098580d2183ff506186d835,2025-08-05T11:15:17.295000+00:00,kaspa:pr042e68snamppzrhhspaczzhxsv8e4mxgle2glneemh49pjd2klqcmgkdv3s,kaspa:qzjjxtknensmpj72yzwnx0tw8n2hdlnvp8dsf39qg8ev0e4unk0dctls39f0a,3.0
abe516a4008f5087247d72eff581d354deff5c93b3487c0a9d8c54f66f33097d,2025-08-05T11:15:15.947000+00:00,kaspa:qzjjxtknensmpj72yzwnx0tw8n2hdlnvp8dsf39qg8ev0e4unk0dctls39f0a,kaspa:pr042e68snamppzrhhspaczzhxsv8e4mxgle2glneemh49pjd2klqcmgkdv3s,4.0
abe516a4008f5087247d72eff581d354deff5c93b3487c0a9d8c54f66f33097d,2025-08-05T11:15:15.947000+00:00,kaspa:qzjjxtknensmpj72yzwnx0tw8n2hdlnvp8dsf39qg8ev0e4unk0dctls39f0a,kaspa:qzjjxtknensmpj72yzwnx0tw8n2hdlnvp8dsf39qg8ev0e4unk0dctls39f0a,6.99880229
93a22cf35d72d2ca4b729cbb2cf57e9f2fd43fd8b395ace9788bc132bd2d1e0f,2025-08-05T11:15:09.376000+00:00,kaspa:pr042e68snamppzrhhspaczzhxsv8e4mxgle2glneemh49pjd2klqcmgkdv3s,kaspa:qzjjxtknensmpj72yzwnx0tw8n2hdlnvp8dsf39qg8ev0e4unk0dctls39f0a,3.0
bf9681896973208657a947abf270a282bab27f5d90f89d7c00b1c6b29ffc72b6,2025-08-05T11:15:07.516000+00:00,kaspa:qzjjxtknensmpj72yzwnx0tw8n2hdlnvp8dsf39qg8ev0e4unk0dctls39f0a,kaspa:pr042e68snamppzrhhspaczzhxsv8e4mxgle2glneemh49pjd2klqcmgkdv3s,4.0
bf9681896973208657a947abf270a282bab27f5d90f89d7c00b1c6b29ffc72b6,2025-08-05T11:15:07.516000+00:00,kaspa:qzjjxtknensmpj72yzwnx0tw8n2hdlnvp8dsf39qg8ev0e4unk0dctls39f0a,kaspa:qzjjxtknensmpj72yzwnx0tw8n2hdlnvp8dsf39qg8ev0e4unk0dctls39f0a,1.99937084
3986ea5e2938b7ab6c27ea3249f8f9b3307b569c8b8b5e1e8166cfa55a80c70e,2025-08-05T11:14:58.658000+00:00,kaspa:pr042e68snamppzrhhspaczzhxsv8e4mxgle2glneemh49pjd2klqcmgkdv3s,kaspa:qzjjxtknensmpj72yzwnx0tw8n2hdlnvp8dsf39qg8ev0e4unk0dctls39f0a,3.0
ad4375979c9c06824a9a4ed2f0bebb603dbe78e6f989f7227bacaee73a672e07,2025-08-05T11:14:56.728000+00:00,kaspa:qzjjxtknensmpj72yzwnx0tw8n2hdlnvp8dsf39qg8ev0e4unk0dctls39f0a,kaspa:pr042e68snamppzrhhspaczzhxsv8e4mxgle2glneemh49pjd2klqcmgkdv3s,4.0
ad4375979c9c06824a9a4ed2f0bebb603dbe78e6f989f7227bacaee73a672e07,2025-08-05T11:14:56.728000+00:00,kaspa:qzjjxtknensmpj72yzwnx0tw8n2hdlnvp8dsf39qg8ev0e4unk0dctls39f0a,kaspa:qzjjxtknensmpj72yzwnx0tw8n2hdlnvp8dsf39qg8ev0e4unk0dctls39f0a,7.99883394
486737d11c58dd16234453d51ac4606de20ac392d7bd9cfa69548e8756728392,2025-08-05T11:14:49.555000+00:00,kaspa:pr042e68snamppzrhhspaczzhxsv8e4mxgle2glneemh49pjd2klqcmgkdv3s,kaspa:qzjjxtknensmpj72yzwnx0tw8n2hdlnvp8dsf39qg8ev0e4unk0dctls39f0a,3.0
94758b23e48220c9a80ef7fc95ed9d6fd4f29ed45c52d5835379f25254578646,2025-08-05T11:14:46.895000+00:00,kaspa:qzjjxtknensmpj72yzwnx0tw8n2hdlnvp8dsf39qg8ev0e4unk0dctls39f0a,kaspa:pr042e68snamppzrhhspaczzhxsv8e4mxgle2glneemh49pjd2klqcmgkdv3s,4.0
94758b23e48220c9a80ef7fc95ed9d6fd4f29ed45c52d5835379f25254578646,2025-08-05T11:14:46.895000+00:00,kaspa:qzjjxtknensmpj72yzwnx0tw8n2hdlnvp8dsf39qg8ev0e4unk0dctls39f0a,kaspa:qzjjxtknensmpj72yzwnx0tw8n2hdlnvp8dsf39qg8ev0e4unk0dctls39f0a,2.99940249
8823c0fe745d48159d8953b0c4335097f49a7d3e20a22f2ea4be58ce78305cf6,2025-08-05T11:14:35.017000+00:00,kaspa:pr042e68snamppzrhhspaczzhxsv8e4mxgle2glneemh49pjd2klqcmgkdv3s,kaspa:qzjjxtknensmpj72yzwnx0tw8n2hdlnvp8dsf39qg8ev0e4unk0dctls39f0a,3.0
7abb43b2c82c15b45b88cecf35004ad8574a25e1f5b3fe674b8c5f6922273cb5,2025-08-05T11:14:33.415000+00:00,kaspa:qzjjxtknensmpj72yzwnx0tw8n2hdlnvp8dsf39qg8ev0e4unk0dctls39f0a,kaspa:pr042e68snamppzrhhspaczzhxsv8e4mxgle2glneemh49pjd2klqcmgkdv3s,4.0
7abb43b2c82c15b45b88cecf35004ad8574a25e1f5b3fe674b8c5f6922273cb5,2025-08-05T11:14:33.415000+00:00,kaspa:qzjjxtknensmpj72yzwnx0tw8n2hdlnvp8dsf39qg8ev0e4unk0dctls39f0a,kaspa:qzjjxtknensmpj72yzwnx0tw8n2hdlnvp8dsf39qg8ev0e4unk0dctls39f0a,11.99886311
54b1e305f40f3f0f1d3177e9501928f4bea2e278f6c0776788f98e6bf3da144c,2025-08-05T11:14:27.117000+00:00,kaspa:pr042e68snamppzrhhspaczzhxsv8e4mxgle2glneemh49pjd2klqcmgkdv3s,kaspa:qzjjxtknensmpj72yzwnx0tw8n2hdlnvp8dsf39qg8ev0e4unk0dctls39f0a,3.0
0ad0528ce58e83f74089d16a2718edd4af0fba4552f0e43cdfcec60de4f25061,2025-08-05T11:14:24.607000+00:00,kaspa:qzjjxtknensmpj72yzwnx0tw8n2hdlnvp8dsf39qg8ev0e4unk0dctls39f0a,kaspa:pr042e68snamppzrhhspaczzhxsv8e4mxgle2glneemh49pjd2klqcmgkdv3s,4.0
0ad0528ce58e83f74089d16a2718edd4af0fba4552f0e43cdfcec60de4f25061,2025-08-05T11:14:24.607000+00:00,kaspa:qzjjxtknensmpj72yzwnx0tw8n2hdlnvp8dsf39qg8ev0e4unk0dctls39f0a,kaspa:qzjjxtknensmpj72yzwnx0tw8n2hdlnvp8dsf39qg8ev0e4unk0dctls39f0a,0.99944532
b755733361cffc5a561d0f1739b2aa22281fbb6170a0ed773ca83c081dbc128a,2025-08-05T11:14:13.762000+00:00,kaspa:pr042e68snamppzrhhspaczzhxsv8e4mxgle2glneemh49pjd2klqcmgkdv3s,kaspa:qzjjxtknensmpj72yzwnx0tw8n2hdlnvp8dsf39qg8ev0e4unk0dctls39f0a,3.0
31afecc2772c545d826005f717b39c23184bbd4cabd5e4b8d3739a74a6b8ab0a,2025-08-05T11:14:11.027000+00:00,kaspa:qzjjxtknensmpj72yzwnx0tw8n2hdlnvp8dsf39qg8ev0e4unk0dctls39f0a,kaspa:pr042e68snamppzrhhspaczzhxsv8e4mxgle2glneemh49pjd2klqcmgkdv3s,4.0
31afecc2772c545d826005f717b39c23184bbd4cabd5e4b8d3739a74a6b8ab0a,2025-08-05T11:14:11.027000+00:00,kaspa:qzjjxtknensmpj72yzwnx0tw8n2hdlnvp8dsf39qg8ev0e4unk0dctls39f0a,kaspa:qzjjxtknensmpj72yzwnx0tw8n2hdlnvp8dsf39qg8ev0e4unk0dctls39f0a,12.99889476
38e79e2faefe2cdf1ba75ec17293f31b97c2224f1fb74f27f1201ae7c83419c2,2025-08-05T11:14:08.306000+00:00,kaspa:pr042e68snamppzrhhspaczzhxsv8e4mxgle2glneemh49pjd2klqcmgkdv3s,kaspa:qzjjxtknensmpj72yzwnx0tw8n2hdlnvp8dsf39qg8ev0e4unk0dctls39f0a,3.0
c9506114c77bd9405937ec3b0ff84d6987540032977521ca3b97a9a7e0aea423,2025-08-05T11:14:06.559000+00:00,kaspa:qzjjxtknensmpj72yzwnx0tw8n2hdlnvp8dsf39qg8ev0e4unk0dctls39f0a,kaspa:pr042e68snamppzrhhspaczzhxsv8e4mxgle2glneemh49pjd2klqcmgkdv3s,4.0
c9506114c77bd9405937ec3b0ff84d6987540032977521ca3b97a9a7e0aea423,2025-08-05T11:14:06.559000+00:00,kaspa:qzjjxtknensmpj72yzwnx0tw8n2hdlnvp8dsf39qg8ev0e4unk0dctls39f0a,kaspa:qzjjxtknensmpj72yzwnx0tw8n2hdlnvp8dsf39qg8ev0e4unk0dctls39f0a,1.99949037
06db8fe51907ecd2d7ed3bd71fe6124b90a120b9a2f9dc2ef6306973ece55844,2025-08-05T11:13:57.304000+00:00,kaspa:pr042e68snamppzrhhspaczzhxsv8e4mxgle2glneemh49pjd2klqcmgkdv3s,kaspa:qzjjxtknensmpj72yzwnx0tw8n2hdlnvp8dsf39qg8ev0e4unk0dctls39f0a,3.0
21732bf0045a879eb258ca70eb7b50210549ca0d3b60ae1f501c6bb2286c1edd,2025-08-05T11:13:55.732000+00:00,kaspa:qzjjxtknensmpj72yzwnx0tw8n2hdlnvp8dsf39qg8ev0e4unk0dctls39f0a,kaspa:pr042e68snamppzrhhspaczzhxsv8e4mxgle2glneemh49pjd2klqcmgkdv3s,4.0
21732bf0045a879eb258ca70eb7b50210549ca0d3b60ae1f501c6bb2286c1edd,2025-08-05T11:13:55.732000+00:00,kaspa:qzjjxtknensmpj72yzwnx0tw8n2hdlnvp8dsf39qg8ev0e4unk0dctls39f0a,kaspa:qzjjxtknensmpj72yzwnx0tw8n2hdlnvp8dsf39qg8ev0e4unk0dctls39f0a,13.99892641
30ca8a91cce1c229d21cd32901b183ecd7733fc8602dc4c70997e7ea877fe935,2025-08-05T11:13:49.503000+00:00,kaspa:pr042e68snamppzrhhspaczzhxsv8e4mxgle2glneemh49pjd2klqcmgkdv3s,kaspa:qzjjxtknensmpj72yzwnx0tw8n2hdlnvp8dsf39qg8ev0e4unk0dctls39f0a,3.0
fac8ea8394c07cb86d4aabdfc7f0a4aa760940c1b0caa7456322e4a87669ede6,2025-08-05T11:13:47.001000+00:00,kaspa:qzjjxtknensmpj72yzwnx0tw8n2hdlnvp8dsf39qg8ev0e4unk0dctls39f0a,kaspa:pr042e68snamppzrhhspaczzhxsv8e4mxgle2glneemh49pjd2klqcmgkdv3s,4.0
fac8ea8394c07cb86d4aabdfc7f0a4aa760940c1b0caa7456322e4a87669ede6,2025-08-05T11:13:47.001000+00:00,kaspa:qzjjxtknensmpj72yzwnx0tw8n2hdlnvp8dsf39qg8ev0e4unk0dctls39f0a,kaspa:qzjjxtknensmpj72yzwnx0tw8n2hdlnvp8dsf39qg8ev0e4unk0dctls39f0a,2.99952202
946e6d8e309f3ac87cadf7b7a30f1529bf59462affdbaf4f009f8aa1f6814f02,2025-08-05T11:13:36.236000+00:00,kaspa:pr042e68snamppzrhhspaczzhxsv8e4mxgle2glneemh49pjd2klqcmgkdv3s,kaspa:qzjjxtknensmpj72yzwnx0tw8n2hdlnvp8dsf39qg8ev0e4unk0dctls39f0a,3.0
093bf9ea6c790afc85fa10fabcb1e9f9b77617d23e324b8796b3d6262543145a,2025-08-05T11:13:33.676000+00:00,kaspa:qzjjxtknensmpj72yzwnx0tw8n2hdlnvp8dsf39qg8ev0e4unk0dctls39f0a,kaspa:pr042e68snamppzrhhspaczzhxsv8e4mxgle2glneemh49pjd2klqcmgkdv3s,4.0
093bf9ea6c790afc85fa10fabcb1e9f9b77617d23e324b8796b3d6262543145a,2025-08-05T11:13:33.676000+00:00,kaspa:qzjjxtknensmpj72yzwnx0tw8n2hdlnvp8dsf39qg8ev0e4unk0dctls39f0a,kaspa:qzjjxtknensmpj72yzwnx0tw8n2hdlnvp8dsf39qg8ev0e4unk0dctls39f0a,17.998953
b586b73b36704c6ce51660d9937c9511bfa8c39e4d73f34a139e25a0706f6e81,2025-08-05T11:13:25.510000+00:00,kaspa:pr042e68snamppzrhhspaczzhxsv8e4mxgle2glneemh49pjd2klqcmgkdv3s,kaspa:qzjjxtknensmpj72yzwnx0tw8n2hdlnvp8dsf39qg8ev0e4unk0dctls39f0a,3.0
f6803f07f69a868cfbab6ae8b811ba6afc51e448c844a1663bd4fca675ddb72a,2025-08-05T11:13:24.275000+00:00,kaspa:qzjjxtknensmpj72yzwnx0tw8n2hdlnvp8dsf39qg8ev0e4unk0dctls39f0a,kaspa:pr042e68snamppzrhhspaczzhxsv8e4mxgle2glneemh49pjd2klqcmgkdv3s,4.0
f6803f07f69a868cfbab6ae8b811ba6afc51e448c844a1663bd4fca675ddb72a,2025-08-05T11:13:24.275000+00:00,kaspa:qzjjxtknensmpj72yzwnx0tw8n2hdlnvp8dsf39qg8ev0e4unk0dctls39f0a,kaspa:qzjjxtknensmpj72yzwnx0tw8n2hdlnvp8dsf39qg8ev0e4unk0dctls39f0a,0.99956485
32b0e2aafd39626ee50d9ebea24382374f7b80ddefc96a94ce4a5e73f70e1fb4,2025-08-05T11:13:11.644000+00:00,kaspa:pr042e68snamppzrhhspaczzhxsv8e4mxgle2glneemh49pjd2klqcmgkdv3s,kaspa:qzjjxtknensmpj72yzwnx0tw8n2hdlnvp8dsf39qg8ev0e4unk0dctls39f0a,3.0
f3aa9b9b66c2069d408df5797e50842371441c3414cd87e572c32a8fabbb4456,2025-08-05T11:13:09.306000+00:00,kaspa:qzjjxtknensmpj72yzwnx0tw8n2hdlnvp8dsf39qg8ev0e4unk0dctls39f0a,kaspa:pr042e68snamppzrhhspaczzhxsv8e4mxgle2glneemh49pjd2klqcmgkdv3s,4.0
f3aa9b9b66c2069d408df5797e50842371441c3414cd87e572c32a8fabbb4456,2025-08-05T11:13:09.306000+00:00,kaspa:qzjjxtknensmpj72yzwnx0tw8n2hdlnvp8dsf39qg8ev0e4unk0dctls39f0a,kaspa:qzjjxtknensmpj72yzwnx0tw8n2hdlnvp8dsf39qg8ev0e4unk0dctls39f0a,1.99960988
4e94408137199d910208b12425939889fa81f8c94f306e941b48d67146036661,2025-08-05T11:13:02.548000+00:00,kaspa:pr042e68snamppzrhhspaczzhxsv8e4mxgle2glneemh49pjd2klqcmgkdv3s,kaspa:qzjjxtknensmpj72yzwnx0tw8n2hdlnvp8dsf39qg8ev0e4unk0dctls39f0a,3.0
eb362ec30aa102302b9f377efeefff7f0fd6f1d6b6c183dd7a8c655f12541e9d,2025-08-05T11:13:00.044000+00:00,kaspa:qzjjxtknensmpj72yzwnx0tw8n2hdlnvp8dsf39qg8ev0e4unk0dctls39f0a,kaspa:pr042e68snamppzrhhspaczzhxsv8e4mxgle2glneemh49pjd2klqcmgkdv3s,4.0
eb362ec30aa102302b9f377efeefff7f0fd6f1d6b6c183dd7a8c655f12541e9d,2025-08-05T11:13:00.044000+00:00,kaspa:qzjjxtknensmpj72yzwnx0tw8n2hdlnvp8dsf39qg8ev0e4unk0dctls39f0a,kaspa:qzjjxtknensmpj72yzwnx0tw8n2hdlnvp8dsf39qg8ev0e4unk0dctls39f0a,18.99898465
3c45f3015e11be11c13cc7dcc37512620dd1e91cb8f18d7c507143346fd3a315,2025-08-05T11:12:50.048000+00:00,kaspa:pr042e68snamppzrhhspaczzhxsv8e4mxgle2glneemh49pjd2klqcmgkdv3s,kaspa:qzjjxtknensmpj72yzwnx0tw8n2hdlnvp8dsf39qg8ev0e4unk0dctls39f0a,3.0
6d23b909c156128039687ce3170011bc9fb4dc5791f7dfdc9c49dc12371f6686,2025-08-05T11:12:48.533000+00:00,kaspa:qzjjxtknensmpj72yzwnx0tw8n2hdlnvp8dsf39qg8ev0e4unk0dctls39f0a,kaspa:pr042e68snamppzrhhspaczzhxsv8e4mxgle2glneemh49pjd2klqcmgkdv3s,4.0
6d23b909c156128039687ce3170011bc9fb4dc5791f7dfdc9c49dc12371f6686,2025-08-05T11:12:48.533000+00:00,kaspa:qzjjxtknensmpj72yzwnx0tw8n2hdlnvp8dsf39qg8ev0e4unk0dctls39f0a,kaspa:qzjjxtknensmpj72yzwnx0tw8n2hdlnvp8dsf39qg8ev0e4unk0dctls39f0a,2.99964153
402e25b254867de08f864499feb54e06fc13c05e216eab9b315cd57869d04304,2025-08-05T11:12:33.528000+00:00,kaspa:pr042e68snamppzrhhspaczzhxsv8e4mxgle2glneemh49pjd2klqcmgkdv3s,kaspa:qzjjxtknensmpj72yzwnx0tw8n2hdlnvp8dsf39qg8ev0e4unk0dctls39f0a,3.0
e76e9994ce01d05b4ad49465721e6f5b1a0d1e8c9eb1e0820c7c5c7313dc5674,2025-08-05T11:12:31.749000+00:00,kaspa:qzjjxtknensmpj72yzwnx0tw8n2hdlnvp8dsf39qg8ev0e4unk0dctls39f0a,kaspa:pr042e68snamppzrhhspaczzhxsv8e4mxgle2glneemh49pjd2klqcmgkdv3s,4.0
e76e9994ce01d05b4ad49465721e6f5b1a0d1e8c9eb1e0820c7c5c7313dc5674,2025-08-05T11:12:31.749000+00:00,kaspa:qzjjxtknensmpj72yzwnx0tw8n2hdlnvp8dsf39qg8ev0e4unk0dctls39f0a,kaspa:qzjjxtknensmpj72yzwnx0tw8n2hdlnvp8dsf39qg8ev0e4unk0dctls39f0a,0.99968436
453fc5eaaf94709576a927ac5d4723b3662ebda6f281253dad11ceb159657976,2025-08-05T11:12:00.999000+00:00,kaspa:pr042e68snamppzrhhspaczzhxsv8e4mxgle2glneemh49pjd2klqcmgkdv3s,kaspa:qzjjxtknensmpj72yzwnx0tw8n2hdlnvp8dsf39qg8ev0e4unk0dctls39f0a,3.0
62143bd43017b5a17e5dac22ffbaef067b6a001e14f674460b11010afd3829a0,2025-08-05T11:11:59.022000+00:00,kaspa:qzjjxtknensmpj72yzwnx0tw8n2hdlnvp8dsf39qg8ev0e4unk0dctls39f0a,kaspa:pr042e68snamppzrhhspaczzhxsv8e4mxgle2glneemh49pjd2klqcmgkdv3s,4.0
62143bd43017b5a17e5dac22ffbaef067b6a001e14f674460b11010afd3829a0,2025-08-05T11:11:59.022000+00:00,kaspa:qzjjxtknensmpj72yzwnx0tw8n2hdlnvp8dsf39qg8ev0e4unk0dctls39f0a,kaspa:qzjjxtknensmpj72yzwnx0tw8n2hdlnvp8dsf39qg8ev0e4unk0dctls39f0a,22.99901057
e14fdadcb03b2af5d5c21c9d04a24be9139c1babe4a7d623eae735de1a4ed5d1,2025-08-05T11:11:55.252000+00:00,kaspa:pr042e68snamppzrhhspaczzhxsv8e4mxgle2glneemh49pjd2klqcmgkdv3s,kaspa:qzjjxtknensmpj72yzwnx0tw8n2hdlnvp8dsf39qg8ev0e4unk0dctls39f0a,3.0
cf947e04cb5b18ca2e29a64e3af096ac69d45e5a6330f0bf2b29ef671a10fe59,2025-08-05T11:11:52.374000+00:00,kaspa:qzjjxtknensmpj72yzwnx0tw8n2hdlnvp8dsf39qg8ev0e4unk0dctls39f0a,kaspa:pr042e68snamppzrhhspaczzhxsv8e4mxgle2glneemh49pjd2klqcmgkdv3s,4.0
cf947e04cb5b18ca2e29a64e3af096ac69d45e5a6330f0bf2b29ef671a10fe59,2025-08-05T11:11:52.374000+00:00,kaspa:qzjjxtknensmpj72yzwnx0tw8n2hdlnvp8dsf39qg8ev0e4unk0dctls39f0a,kaspa:qzjjxtknensmpj72yzwnx0tw8n2hdlnvp8dsf39qg8ev0e4unk0dctls39f0a,1.99972938
c6ba24bc0d92eaac29e0bcfc9250e6ae84645f07e04aa3e1edafaf100f57c970,2025-08-05T11:11:46.229000+00:00,kaspa:pr042e68snamppzrhhspaczzhxsv8e4mxgle2glneemh49pjd2klqcmgkdv3s,kaspa:qzjjxtknensmpj72yzwnx0tw8n2hdlnvp8dsf39qg8ev0e4unk0dctls39f0a,3.0
6f8b45123d38253f4d10b5236a3749677d1e62984a5ebd16bf5e589b08e7bb72,2025-08-05T11:11:44.591000+00:00,kaspa:qzjjxtknensmpj72yzwnx0tw8n2hdlnvp8dsf39qg8ev0e4unk0dctls39f0a,kaspa:pr042e68snamppzrhhspaczzhxsv8e4mxgle2glneemh49pjd2klqcmgkdv3s,4.0
6f8b45123d38253f4d10b5236a3749677d1e62984a5ebd16bf5e589b08e7bb72,2025-08-05T11:11:44.591000+00:00,kaspa:qzjjxtknensmpj72yzwnx0tw8n2hdlnvp8dsf39qg8ev0e4unk0dctls39f0a,kaspa:qzjjxtknensmpj72yzwnx0tw8n2hdlnvp8dsf39qg8ev0e4unk0dctls39f0a,23.99904222
2a029260faa581fffd2151d72367ed63b1b1e563acc75805c0d5463e4cf20939,2025-08-05T11:11:34.123000+00:00,kaspa:pr042e68snamppzrhhspaczzhxsv8e4mxgle2glneemh49pjd2klqcmgkdv3s,kaspa:qzjjxtknensmpj72yzwnx0tw8n2hdlnvp8dsf39qg8ev0e4unk0dctls39f0a,3.0
d14905222abd0e492813fb93dff4c90b1acf64c3253736fea1eaa5a67603668b,2025-08-05T11:11:32.704000+00:00,kaspa:qzjjxtknensmpj72yzwnx0tw8n2hdlnvp8dsf39qg8ev0e4unk0dctls39f0a,kaspa:pr042e68snamppzrhhspaczzhxsv8e4mxgle2glneemh49pjd2klqcmgkdv3s,4.0
d14905222abd0e492813fb93dff4c90b1acf64c3253736fea1eaa5a67603668b,2025-08-05T11:11:32.704000+00:00,kaspa:qzjjxtknensmpj72yzwnx0tw8n2hdlnvp8dsf39qg8ev0e4unk0dctls39f0a,kaspa:qzjjxtknensmpj72yzwnx0tw8n2hdlnvp8dsf39qg8ev0e4unk0dctls39f0a,2.99976103
f376f1a04fe73623b55c60f99d56fc84e6ecd6f26dc370e78edc9ffcbd02b415,2025-08-05T11:10:56.543000+00:00,kaspa:pr042e68snamppzrhhspaczzhxsv8e4mxgle2glneemh49pjd2klqcmgkdv3s,kaspa:qzjjxtknensmpj72yzwnx0tw8n2hdlnvp8dsf39qg8ev0e4unk0dctls39f0a,3.0
3a9a8b7a0f8b97a5db7ccc43cf8f789ee5534b4970a7501f2d69d5c3a3c68bfc,2025-08-05T11:10:54.941000+00:00,kaspa:qzjjxtknensmpj72yzwnx0tw8n2hdlnvp8dsf39qg8ev0e4unk0dctls39f0a,kaspa:pr042e68snamppzrhhspaczzhxsv8e4mxgle2glneemh49pjd2klqcmgkdv3s,4.0
3a9a8b7a0f8b97a5db7ccc43cf8f789ee5534b4970a7501f2d69d5c3a3c68bfc,2025-08-05T11:10:54.941000+00:00,kaspa:qzjjxtknensmpj72yzwnx0tw8n2hdlnvp8dsf39qg8ev0e4unk0dctls39f0a,kaspa:qzjjxtknensmpj72yzwnx0tw8n2hdlnvp8dsf39qg8ev0e4unk0dctls39f0a,0.99980386
48e6249e7f1f18c55f03205794a333ffcfae6514c12dd9193b8855af40242cd1,2025-08-05T11:10:17.284000+00:00,kaspa:pr042e68snamppzrhhspaczzhxsv8e4mxgle2glneemh49pjd2klqcmgkdv3s,kaspa:qzjjxtknensmpj72yzwnx0tw8n2hdlnvp8dsf39qg8ev0e4unk0dctls39f0a,3.0
d3f66b6fb78500f5572f154f0c62f6e71ff3e59ddbf1de80bbdc93e0072db454,2025-08-05T11:10:14.246000+00:00,kaspa:qzjjxtknensmpj72yzwnx0tw8n2hdlnvp8dsf39qg8ev0e4unk0dctls39f0a,kaspa:pr042e68snamppzrhhspaczzhxsv8e4mxgle2glneemh49pjd2klqcmgkdv3s,4.0
d3f66b6fb78500f5572f154f0c62f6e71ff3e59ddbf1de80bbdc93e0072db454,2025-08-05T11:10:14.246000+00:00,kaspa:qzjjxtknensmpj72yzwnx0tw8n2hdlnvp8dsf39qg8ev0e4unk0dctls39f0a,kaspa:qzjjxtknensmpj72yzwnx0tw8n2hdlnvp8dsf39qg8ev0e4unk0dctls39f0a,27.99906781
0ba49c9f6384fa35b1a8c7b05e8541c97afe0144d1ff7001cde62c9d7bcea059,2025-08-05T11:10:06.106000+00:00,kaspa:pr042e68snamppzrhhspaczzhxsv8e4mxgle2glneemh49pjd2klqcmgkdv3s,kaspa:qzjjxtknensmpj72yzwnx0tw8n2hdlnvp8dsf39qg8ev0e4unk0dctls39f0a,3.0
7c4353e3c8788fff53af088785c93cbacfcc70a7fc665ceed2c10011bc0a94e1,2025-08-05T11:10:04.488000+00:00,kaspa:qzjjxtknensmpj72yzwnx0tw8n2hdlnvp8dsf39qg8ev0e4unk0dctls39f0a,kaspa:pr042e68snamppzrhhspaczzhxsv8e4mxgle2glneemh49pjd2klqcmgkdv3s,4.0
7c4353e3c8788fff53af088785c93cbacfcc70a7fc665ceed2c10011bc0a94e1,2025-08-05T11:10:04.488000+00:00,kaspa:qzjjxtknensmpj72yzwnx0tw8n2hdlnvp8dsf39qg8ev0e4unk0dctls39f0a,kaspa:qzjjxtknensmpj72yzwnx0tw8n2hdlnvp8dsf39qg8ev0e4unk0dctls39f0a,1.99984887
e7733351ea11aab764f2223af62b66d5941f89757c5d27f614cc44abbff36e98,2025-08-05T11:09:58.596000+00:00,kaspa:pr042e68snamppzrhhspaczzhxsv8e4mxgle2glneemh49pjd2klqcmgkdv3s,kaspa:qzjjxtknensmpj72yzwnx0tw8n2hdlnvp8dsf39qg8ev0e4unk0dctls39f0a,3.0
df4ffe038f9a967c23c3c664b49d9065f0834f9ea83fc9d15df278ffaa248724,2025-08-05T11:09:56.237000+00:00,kaspa:qzjjxtknensmpj72yzwnx0tw8n2hdlnvp8dsf39qg8ev0e4unk0dctls39f0a,kaspa:pr042e68snamppzrhhspaczzhxsv8e4mxgle2glneemh49pjd2klqcmgkdv3s,4.0
df4ffe038f9a967c23c3c664b49d9065f0834f9ea83fc9d15df278ffaa248724,2025-08-05T11:09:56.237000+00:00,kaspa:qzjjxtknensmpj72yzwnx0tw8n2hdlnvp8dsf39qg8ev0e4unk0dctls39f0a,kaspa:qzjjxtknensmpj72yzwnx0tw8n2hdlnvp8dsf39qg8ev0e4unk0dctls39f0a,28.99909946
597339fd33dcb858c83ae98cb60d72dfd3516c62c5292e1205be3220daab8e7f,2025-08-05T11:09:49.481000+00:00,kaspa:pr042e68snamppzrhhspaczzhxsv8e4mxgle2glneemh49pjd2klqcmgkdv3s,kaspa:qzjjxtknensmpj72yzwnx0tw8n2hdlnvp8dsf39qg8ev0e4unk0dctls39f0a,3.0
cc39fc6c82d8c2998a2617e0928c32d0fc36231d188f51e4717f402eb0b9ffc0,2025-08-05T11:09:47.611000+00:00,kaspa:qzjjxtknensmpj72yzwnx0tw8n2hdlnvp8dsf39qg8ev0e4unk0dctls39f0a,kaspa:pr042e68snamppzrhhspaczzhxsv8e4mxgle2glneemh49pjd2klqcmgkdv3s,4.0
cc39fc6c82d8c2998a2617e0928c32d0fc36231d188f51e4717f402eb0b9ffc0,2025-08-05T11:09:47.611000+00:00,kaspa:qzjjxtknensmpj72yzwnx0tw8n2hdlnvp8dsf39qg8ev0e4unk0dctls39f0a,kaspa:qzjjxtknensmpj72yzwnx0tw8n2hdlnvp8dsf39qg8ev0e4unk0dctls39f0a,2.99988052
34e0ecef3d5bce40e53c412e6a781c5a15824dca59d58b1762d17d0112198512,2025-08-05T11:09:36.878000+00:00,kaspa:pr042e68snamppzrhhspaczzhxsv8e4mxgle2glneemh49pjd2klqcmgkdv3s,kaspa:qzjjxtknensmpj72yzwnx0tw8n2hdlnvp8dsf39qg8ev0e4unk0dctls39f0a,3.0
47efc399799925103b34f4fa9be64d0d9a119f687162e469d23ef1435fa6b39a,2025-08-05T11:09:35.252000+00:00,kaspa:qzjjxtknensmpj72yzwnx0tw8n2hdlnvp8dsf39qg8ev0e4unk0dctls39f0a,kaspa:pr042e68snamppzrhhspaczzhxsv8e4mxgle2glneemh49pjd2klqcmgkdv3s,4.0
47efc399799925103b34f4fa9be64d0d9a119f687162e469d23ef1435fa6b39a,2025-08-05T11:09:35.252000+00:00,kaspa:qzjjxtknensmpj72yzwnx0tw8n2hdlnvp8dsf39qg8ev0e4unk0dctls39f0a,kaspa:qzjjxtknensmpj72yzwnx0tw8n2hdlnvp8dsf39qg8ev0e4unk0dctls39f0a,0.99992335
62f7ae45899c0a6632af11aeca1f8285072488bb4a97d086057beed2ac24cb99,2025-08-05T11:09:26.425000+00:00,kaspa:pr042e68snamppzrhhspaczzhxsv8e4mxgle2glneemh49pjd2klqcmgkdv3s,kaspa:qzjjxtknensmpj72yzwnx0tw8n2hdlnvp8dsf39qg8ev0e4unk0dctls39f0a,3.0
f794759c0a2f75dab66eb0d03c5d100cd6f1cef46e5b70584bf567ed9cd60e0c,2025-08-05T11:09:24.750000+00:00,kaspa:qzjjxtknensmpj72yzwnx0tw8n2hdlnvp8dsf39qg8ev0e4unk0dctls39f0a,kaspa:pr042e68snamppzrhhspaczzhxsv8e4mxgle2glneemh49pjd2klqcmgkdv3s,4.0
f794759c0a2f75dab66eb0d03c5d100cd6f1cef46e5b70584bf567ed9cd60e0c,2025-08-05T11:09:24.750000+00:00,kaspa:qzjjxtknensmpj72yzwnx0tw8n2hdlnvp8dsf39qg8ev0e4unk0dctls39f0a,kaspa:qzjjxtknensmpj72yzwnx0tw8n2hdlnvp8dsf39qg8ev0e4unk0dctls39f0a,32.99912487
6b29aadee86e0c4f84162ef0f28f81edb0cc77473c660642a27756c47f60e843,2025-08-05T11:09:17.590000+00:00,kaspa:pr042e68snamppzrhhspaczzhxsv8e4mxgle2glneemh49pjd2klqcmgkdv3s,kaspa:qzjjxtknensmpj72yzwnx0tw8n2hdlnvp8dsf39qg8ev0e4unk0dctls39f0a,3.0
5fe8895d2482c9469310475bb7bf8dcda7f9c58b31b36101e8df673c2d38bf88,2025-08-05T11:09:15.590000+00:00,kaspa:qzjjxtknensmpj72yzwnx0tw8n2hdlnvp8dsf39qg8ev0e4unk0dctls39f0a,kaspa:pr042e68snamppzrhhspaczzhxsv8e4mxgle2glneemh49pjd2klqcmgkdv3s,4.0
5fe8895d2482c9469310475bb7bf8dcda7f9c58b31b36101e8df673c2d38bf88,2025-08-05T11:09:15.590000+00:00,kaspa:qzjjxtknensmpj72yzwnx0tw8n2hdlnvp8dsf39qg8ev0e4unk0dctls39f0a,kaspa:qzjjxtknensmpj72yzwnx0tw8n2hdlnvp8dsf39qg8ev0e4unk0dctls39f0a,1.99996835
4df2948e407f462efa71a93938247a4b7e0a2fffe0d017daeecc231ec557b8ef,2025-08-05T11:09:01.674000+00:00,kaspa:pr042e68snamppzrhhspaczzhxsv8e4mxgle2glneemh49pjd2klqcmgkdv3s,kaspa:qzjjxtknensmpj72yzwnx0tw8n2hdlnvp8dsf39qg8ev0e4unk0dctls39f0a,3.0
719176cb158dedc1278b5e634d0113ae6bce53a244cc6bd018b941c637354617,2025-08-05T11:09:00.195000+00:00,kaspa:qzjjxtknensmpj72yzwnx0tw8n2hdlnvp8dsf39qg8ev0e4unk0dctls39f0a,kaspa:pr042e68snamppzrhhspaczzhxsv8e4mxgle2glneemh49pjd2klqcmgkdv3s,4.0
719176cb158dedc1278b5e634d0113ae6bce53a244cc6bd018b941c637354617,2025-08-05T11:09:00.195000+00:00,kaspa:qzjjxtknensmpj72yzwnx0tw8n2hdlnvp8dsf39qg8ev0e4unk0dctls39f0a,kaspa:qzjjxtknensmpj72yzwnx0tw8n2hdlnvp8dsf39qg8ev0e4unk0dctls39f0a,36.9991502
3288d784ee6a2c5fa88e63e23d924275c62a97edb7e713cdc74a66f19ef1d5c2,2025-08-05T11:08:49.687000+00:00,kaspa:pr042e68snamppzrhhspaczzhxsv8e4mxgle2glneemh49pjd2klqcmgkdv3s,kaspa:qzjjxtknensmpj72yzwnx0tw8n2hdlnvp8dsf39qg8ev0e4unk0dctls39f0a,3.0
d4245b11b4992e6c9928d2319f5802be9df0fe51ca29f36134379a93204d1cf1,2025-08-05T11:08:48.387000+00:00,kaspa:qzjjxtknensmpj72yzwnx0tw8n2hdlnvp8dsf39qg8ev0e4unk0dctls39f0a,kaspa:pr042e68snamppzrhhspaczzhxsv8e4mxgle2glneemh49pjd2klqcmgkdv3s,4.0
d4245b11b4992e6c9928d2319f5802be9df0fe51ca29f36134379a93204d1cf1,2025-08-05T11:08:48.387000+00:00,kaspa:qzjjxtknensmpj72yzwnx0tw8n2hdlnvp8dsf39qg8ev0e4unk0dctls39f0a,kaspa:qzjjxtknensmpj72yzwnx0tw8n2hdlnvp8dsf39qg8ev0e4unk0dctls39f0a,36.99926968
78e0914325191bfea59ef7fbf1a2638e991b16c3919fc64e5c2e7c0567708d22,2025-08-05T11:08:42.726000+00:00,kaspa:pr042e68snamppzrhhspaczzhxsv8e4mxgle2glneemh49pjd2klqcmgkdv3s,kaspa:qzjjxtknensmpj72yzwnx0tw8n2hdlnvp8dsf39qg8ev0e4unk0dctls39f0a,3.0
0287b6b146ca70acd50b8ab5ff95fc5e20111019fcafaa7989a03f8587d2da93,2025-08-05T11:08:40.297000+00:00,kaspa:qzjjxtknensmpj72yzwnx0tw8n2hdlnvp8dsf39qg8ev0e4unk0dctls39f0a,kaspa:pr042e68snamppzrhhspaczzhxsv8e4mxgle2glneemh49pjd2klqcmgkdv3s,4.0
0287b6b146ca70acd50b8ab5ff95fc5e20111019fcafaa7989a03f8587d2da93,2025-08-05T11:08:40.297000+00:00,kaspa:qzjjxtknensmpj72yzwnx0tw8n2hdlnvp8dsf39qg8ev0e4unk0dctls39f0a,kaspa:qzjjxtknensmpj72yzwnx0tw8n2hdlnvp8dsf39qg8ev0e4unk0dctls39f0a,0.99992335
f714f638af0a2a2c66e07da0e0f8c80c5e79b7531b8ef199d8873c57c4cfcd21,2025-08-05T11:08:34.964000+00:00,kaspa:pr042e68snamppzrhhspaczzhxsv8e4mxgle2glneemh49pjd2klqcmgkdv3s,kaspa:qzjjxtknensmpj72yzwnx0tw8n2hdlnvp8dsf39qg8ev0e4unk0dctls39f0a,3.0
1baf73ea2ef66d5fd8814feea6c7780fbdb9ed84155b3531aa77850f8829b172,2025-08-05T11:08:32.925000+00:00,kaspa:qzjjxtknensmpj72yzwnx0tw8n2hdlnvp8dsf39qg8ev0e4unk0dctls39f0a,kaspa:pr042e68snamppzrhhspaczzhxsv8e4mxgle2glneemh49pjd2klqcmgkdv3s,4.0
1baf73ea2ef66d5fd8814feea6c7780fbdb9ed84155b3531aa77850f8829b172,2025-08-05T11:08:32.925000+00:00,kaspa:qzjjxtknensmpj72yzwnx0tw8n2hdlnvp8dsf39qg8ev0e4unk0dctls39f0a,kaspa:qzjjxtknensmpj72yzwnx0tw8n2hdlnvp8dsf39qg8ev0e4unk0dctls39f0a,37.99930133
fdba6cb3158bd0a5208bee69ff5f5a1659a9b65636db5facca9f79a1893b1aa4,2025-08-05T11:08:26.436000+00:00,kaspa:pr042e68snamppzrhhspaczzhxsv8e4mxgle2glneemh49pjd2klqcmgkdv3s,kaspa:qzjjxtknensmpj72yzwnx0tw8n2hdlnvp8dsf39qg8ev0e4unk0dctls39f0a,3.0
f8ab21b3dd3a4e141e60fbeff51c937b6b1c6429e6290f79bf4a1d3dc213df33,2025-08-05T11:08:24.049000+00:00,kaspa:qzjjxtknensmpj72yzwnx0tw8n2hdlnvp8dsf39qg8ev0e4unk0dctls39f0a,kaspa:pr042e68snamppzrhhspaczzhxsv8e4mxgle2glneemh49pjd2klqcmgkdv3s,4.0
f8ab21b3dd3a4e141e60fbeff51c937b6b1c6429e6290f79bf4a1d3dc213df33,2025-08-05T11:08:24.049000+00:00,kaspa:qzjjxtknensmpj72yzwnx0tw8n2hdlnvp8dsf39qg8ev0e4unk0dctls39f0a,kaspa:qzjjxtknensmpj72yzwnx0tw8n2hdlnvp8dsf39qg8ev0e4unk0dctls39f0a,1.99996835
283ce4dcf917c099852d230e2b8e625616dfe7aae24dc5f39fb4e76a191819ec,2025-08-05T11:08:02.835000+00:00,kaspa:pr042e68snamppzrhhspaczzhxsv8e4mxgle2glneemh49pjd2klqcmgkdv3s,kaspa:qzjjxtknensmpj72yzwnx0tw8n2hdlnvp8dsf39qg8ev0e4unk0dctls39f0a,3.0
e535711f8f8cd9e1bf3d8482f076a1a1e17a578e36c64af6819fc95b5b0db5d9,2025-08-05T11:08:00.598000+00:00,kaspa:qzjjxtknensmpj72yzwnx0tw8n2hdlnvp8dsf39qg8ev0e4unk0dctls39f0a,kaspa:pr042e68snamppzrhhspaczzhxsv8e4mxgle2glneemh49pjd2klqcmgkdv3s,4.0
e535711f8f8cd9e1bf3d8482f076a1a1e17a578e36c64af6819fc95b5b0db5d9,2025-08-05T11:08:00.598000+00:00,kaspa:qzjjxtknensmpj72yzwnx0tw8n2hdlnvp8dsf39qg8ev0e4unk0dctls39f0a,kaspa:qzjjxtknensmpj72yzwnx0tw8n2hdlnvp8dsf39qg8ev0e4unk0dctls39f0a,41.99932658
c5b086b801ee728767dffdf100a32f3073097d9bb79c658d7c11a8ebd0268a2f,2025-08-05T11:07:50.808000+00:00,kaspa:pr042e68snamppzrhhspaczzhxsv8e4mxgle2glneemh49pjd2klqcmgkdv3s,kaspa:qzjjxtknensmpj72yzwnx0tw8n2hdlnvp8dsf39qg8ev0e4unk0dctls39f0a,3.0
e3b66b00b1d9d4301377fa225fcf3be1408bc0c9d87a24811ad89df6605150e9,2025-08-05T11:07:47.918000+00:00,kaspa:qzjjxtknensmpj72yzwnx0tw8n2hdlnvp8dsf39qg8ev0e4unk0dctls39f0a,kaspa:pr042e68snamppzrhhspaczzhxsv8e4mxgle2glneemh49pjd2klqcmgkdv3s,4.0
e3b66b00b1d9d4301377fa225fcf3be1408bc0c9d87a24811ad89df6605150e9,2025-08-05T11:07:47.918000+00:00,kaspa:qzjjxtknensmpj72yzwnx0tw8n2hdlnvp8dsf39qg8ev0e4unk0dctls39f0a,kaspa:qzjjxtknensmpj72yzwnx0tw8n2hdlnvp8dsf39qg8ev0e4unk0dctls39f0a,45.99935179
563da4db78a195699eac2185193ece7d7bd636c64db1f5a515f29cf9068c3161,2025-08-05T11:07:33.996000+00:00,kaspa:pr042e68snamppzrhhspaczzhxsv8e4mxgle2glneemh49pjd2klqcmgkdv3s,kaspa:qzjjxtknensmpj72yzwnx0tw8n2hdlnvp8dsf39qg8ev0e4unk0dctls39f0a,3.0
b4844bc003e1175b59d067f133f738a47d947090b12b805996d50c4266093fc3,2025-08-05T11:07:32.512000+00:00,kaspa:qzjjxtknensmpj72yzwnx0tw8n2hdlnvp8dsf39qg8ev0e4unk0dctls39f0a,kaspa:pr042e68snamppzrhhspaczzhxsv8e4mxgle2glneemh49pjd2klqcmgkdv3s,4.0
b4844bc003e1175b59d067f133f738a47d947090b12b805996d50c4266093fc3,2025-08-05T11:07:32.512000+00:00,kaspa:qzjjxtknensmpj72yzwnx0tw8n2hdlnvp8dsf39qg8ev0e4unk0dctls39f0a,kaspa:qzjjxtknensmpj72yzwnx0tw8n2hdlnvp8dsf39qg8ev0e4unk0dctls39f0a,46.99938344
03b47613685512307b747ffa666463dca79cc92e526d4b2315409b9b1b61bb0b,2025-08-05T11:07:19.220000+00:00,kaspa:pr042e68snamppzrhhspaczzhxsv8e4mxgle2glneemh49pjd2klqcmgkdv3s,kaspa:qzjjxtknensmpj72yzwnx0tw8n2hdlnvp8dsf39qg8ev0e4unk0dctls39f0a,3.0
11ef2cf537549f90a19ae79fb22ec4654d1fe583ab80373a28fd36ec62f4bcd9,2025-08-05T11:07:16.764000+00:00,kaspa:qzjjxtknensmpj72yzwnx0tw8n2hdlnvp8dsf39qg8ev0e4unk0dctls39f0a,kaspa:pr042e68snamppzrhhspaczzhxsv8e4mxgle2glneemh49pjd2klqcmgkdv3s,4.0
11ef2cf537549f90a19ae79fb22ec4654d1fe583ab80373a28fd36ec62f4bcd9,2025-08-05T11:07:16.764000+00:00,kaspa:qzjjxtknensmpj72yzwnx0tw8n2hdlnvp8dsf39qg8ev0e4unk0dctls39f0a,kaspa:qzjjxtknensmpj72yzwnx0tw8n2hdlnvp8dsf39qg8ev0e4unk0dctls39f0a,47.99941509
3a69e3c85c9424dd23c063edd6a6b1ed2f6d1a32215fb8611f62b7b424a669e2,2025-08-05T11:07:02.497000+00:00,kaspa:pr042e68snamppzrhhspaczzhxsv8e4mxgle2glneemh49pjd2klqcmgkdv3s,kaspa:qzjjxtknensmpj72yzwnx0tw8n2hdlnvp8dsf39qg8ev0e4unk0dctls39f0a,3.0
bfb3a04e459c40c88e668644ae989c28a77437e9e100fa027bac300fd7eb4353,2025-08-05T11:07:00.851000+00:00,kaspa:qzjjxtknensmpj72yzwnx0tw8n2hdlnvp8dsf39qg8ev0e4unk0dctls39f0a,kaspa:pr042e68snamppzrhhspaczzhxsv8e4mxgle2glneemh49pjd2klqcmgkdv3s,4.0
bfb3a04e459c40c88e668644ae989c28a77437e9e100fa027bac300fd7eb4353,2025-08-05T11:07:00.851000+00:00,kaspa:qzjjxtknensmpj72yzwnx0tw8n2hdlnvp8dsf39qg8ev0e4unk0dctls39f0a,kaspa:qzjjxtknensmpj72yzwnx0tw8n2hdlnvp8dsf39qg8ev0e4unk0dctls39f0a,48.99944674
b8ad2697a5931b8fc31fdb000f3682fbe10ce97a745747818dab3102cdd9f3d9,2025-07-25T19:17:49.974000+00:00,kaspa:qzjjxtknensmpj72yzwnx0tw8n2hdlnvp8dsf39qg8ev0e4unk0dctls39f0a,kaspa:qprcag22pgtfzgj0aun2x4yxdjw3vuvarlesx6s6lzy3skv4zrajqpvgnrj0t,20.0
b8ad2697a5931b8fc31fdb000f3682fbe10ce97a745747818dab3102cdd9f3d9,2025-07-25T19:17:49.974000+00:00,kaspa:qzjjxtknensmpj72yzwnx0tw8n2hdlnvp8dsf39qg8ev0e4unk0dctls39f0a,kaspa:qzjjxtknensmpj72yzwnx0tw8n2hdlnvp8dsf39qg8ev0e4unk0dctls39f0a,52.9994719
fe05ab045cdb41d252e19080ccce561431a7cf64c5328d78ffcfe994b2e9fa54,2025-07-17T00:24:07.118000+00:00,kaspa:qzjjxtknensmpj72yzwnx0tw8n2hdlnvp8dsf39qg8ev0e4unk0dctls39f0a,kaspa:qpftct7vjtd0664s8anh00fqp7aejfl4gq3egt8j963mtpxh5sg3z65z8u9aq,450.0
fe05ab045cdb41d252e19080ccce561431a7cf64c5328d78ffcfe994b2e9fa54,2025-07-17T00:24:07.118000+00:00,kaspa:qzjjxtknensmpj72yzwnx0tw8n2hdlnvp8dsf39qg8ev0e4unk0dctls39f0a,kaspa:qzjjxtknensmpj72yzwnx0tw8n2hdlnvp8dsf39qg8ev0e4unk0dctls39f0a,72.99949226
8565680b9d7164366ebfd99b830db00739a57bed8e61d86af2c6ec33916f7896,2025-07-16T23:34:47.310000+00:00,kaspa:qq7fw3xfvlj82vp48ay240yxx3nuquxhg4gz22r5mmergfhc9w6ygx93nfkev,kaspa:qzjjxtknensmpj72yzwnx0tw8n2hdlnvp8dsf39qg8ev0e4unk0dctls39f0a,500.0
b9e5ca7a72564be79e12ca76a4af303346c31fc2694806f60d64594003f4e77d,2025-07-09T23:50:44.422000+00:00,kaspa:qzjjxtknensmpj72yzwnx0tw8n2hdlnvp8dsf39qg8ev0e4unk0dctls39f0a,kaspa:pr77nqf6m0gtrcwsajl3gzqrdsn08zzzwjl5dcqsxesgfu0eywttsd8sv6t39,3.0001
b9e5ca7a72564be79e12ca76a4af303346c31fc2694806f60d64594003f4e77d,2025-07-09T23:50:44.422000+00:00,kaspa:qzjjxtknensmpj72yzwnx0tw8n2hdlnvp8dsf39qg8ev0e4unk0dctls39f0a,kaspa:qzjjxtknensmpj72yzwnx0tw8n2hdlnvp8dsf39qg8ev0e4unk0dctls39f0a,2.99955734
3d30a71d03054ea67af388f1f01d4ceaebf73256488c56e37981ca3280092581,2025-07-09T23:49:17.166000+00:00,kaspa:pr77nqf6m0gtrcwsajl3gzqrdsn08zzzwjl5dcqsxesgfu0eywttsd8sv6t39,kaspa:qzjjxtknensmpj72yzwnx0tw8n2hdlnvp8dsf39qg8ev0e4unk0dctls39f0a,3.0
921c82a29e60bc5f1538bf71d3522e4e93d1481fa6367237fa1d67cfe1424409,2025-07-04T01:30:51.913000+00:00,kaspa:qqft5l3j7twazswe2xwdaaqa3wq553eq24qgw240acfhjl6y2zqwvyhjyqgel,kaspa:qzjjxtknensmpj72yzwnx0tw8n2hdlnvp8dsf39qg8ev0e4unk0dctls39f0a,10.0
b0495adc9633b07727144895edb125a830e325939b0bf40a6654c29b950799de,2025-07-02T23:10:16.511000+00:00,kaspa:qz80mk3c5ml5ueehx2zhamj6u6suh52t0ksnwh50tdv9tsy9vm66gv684ue37,kaspa:qzjjxtknensmpj72yzwnx0tw8n2hdlnvp8dsf39qg8ev0e4unk0dctls39f0a,7.0
2b5504bab6347e4fb63557ce8af2d6388ed513c6cb25646efa6f6d479b76bf97,2025-07-01T00:49:32.345000+00:00,kaspa:prmz2c2m5e6thzkau5j3k46xxalfvyftj80tg09qu7pr9nzkjwc37he3vcc52,kaspa:qzjjxtknensmpj72yzwnx0tw8n2hdlnvp8dsf39qg8ev0e4unk0dctls39f0a,3.0
fe55c665efa4b6d941ce5dc6b75ce290a32c93c88b7d6c97ee97fe9b270ac3e3,2025-07-01T00:49:30.069000+00:00,kaspa:qzjjxtknensmpj72yzwnx0tw8n2hdlnvp8dsf39qg8ev0e4unk0dctls39f0a,kaspa:prmz2c2m5e6thzkau5j3k46xxalfvyftj80tg09qu7pr9nzkjwc37he3vcc52,4.0
fe55c665efa4b6d941ce5dc6b75ce290a32c93c88b7d6c97ee97fe9b270ac3e3,2025-07-01T00:49:30.069000+00:00,kaspa:qzjjxtknensmpj72yzwnx0tw8n2hdlnvp8dsf39qg8ev0e4unk0dctls39f0a,kaspa:qzjjxtknensmpj72yzwnx0tw8n2hdlnvp8dsf39qg8ev0e4unk0dctls39f0a,2.99968899
01d30ce876b834ef06e72377b3ee81b67564944e0398552cf335ba9810e0525b,2025-07-01T00:49:17.840000+00:00,kaspa:ppsarw0eq46pgys5lcthuscqvtegh4ravklnp4k8ph8a54rjpz8jsspd7aanz,kaspa:qzjjxtknensmpj72yzwnx0tw8n2hdlnvp8dsf39qg8ev0e4unk0dctls39f0a,3.0
42829a86b1786466cc11414b2a385fffe1b4fa4fb0944d56101badbb0e0d42e9,2025-07-01T00:49:15.409000+00:00,kaspa:qzjjxtknensmpj72yzwnx0tw8n2hdlnvp8dsf39qg8ev0e4unk0dctls39f0a,kaspa:ppsarw0eq46pgys5lcthuscqvtegh4ravklnp4k8ph8a54rjpz8jsspd7aanz,4.0
42829a86b1786466cc11414b2a385fffe1b4fa4fb0944d56101badbb0e0d42e9,2025-07-01T00:49:15.409000+00:00,kaspa:qzjjxtknensmpj72yzwnx0tw8n2hdlnvp8dsf39qg8ev0e4unk0dctls39f0a,kaspa:qzjjxtknensmpj72yzwnx0tw8n2hdlnvp8dsf39qg8ev0e4unk0dctls39f0a,3.99972064
dc1ed8a3c53eb801cd1d13128d63427d92db7dead4abb1d206f772a7e9f13e02,2025-07-01T00:49:11.793000+00:00,kaspa:ppsarw0eq46pgys5lcthuscqvtegh4ravklnp4k8ph8a54rjpz8jsspd7aanz,kaspa:qzjjxtknensmpj72yzwnx0tw8n2hdlnvp8dsf39qg8ev0e4unk0dctls39f0a,3.0
651fea982dc35d46d557b80d325ba72ac72e99f3c9c8625e2396868736a97fd4,2025-07-01T00:49:10.416000+00:00,kaspa:qzjjxtknensmpj72yzwnx0tw8n2hdlnvp8dsf39qg8ev0e4unk0dctls39f0a,kaspa:ppsarw0eq46pgys5lcthuscqvtegh4ravklnp4k8ph8a54rjpz8jsspd7aanz,4.0
651fea982dc35d46d557b80d325ba72ac72e99f3c9c8625e2396868736a97fd4,2025-07-01T00:49:10.416000+00:00,kaspa:qzjjxtknensmpj72yzwnx0tw8n2hdlnvp8dsf39qg8ev0e4unk0dctls39f0a,kaspa:qzjjxtknensmpj72yzwnx0tw8n2hdlnvp8dsf39qg8ev0e4unk0dctls39f0a,0.99992335
188cf9c870d97e88d7739ffad2100d9ba4718c81b3b350d96776a6b9474b5bfb,2025-07-01T00:49:07.297000+00:00,kaspa:ppsarw0eq46pgys5lcthuscqvtegh4ravklnp4k8ph8a54rjpz8jsspd7aanz,kaspa:qzjjxtknensmpj72yzwnx0tw8n2hdlnvp8dsf39qg8ev0e4unk0dctls39f0a,3.0
f4cce6f047fae3a0a6a158b4228f5e2611b645d88786086e15f27c68afd1eb26,2025-07-01T00:49:05.800000+00:00,kaspa:qzjjxtknensmpj72yzwnx0tw8n2hdlnvp8dsf39qg8ev0e4unk0dctls39f0a,kaspa:ppsarw0eq46pgys5lcthuscqvtegh4ravklnp4k8ph8a54rjpz8jsspd7aanz,4.0
f4cce6f047fae3a0a6a158b4228f5e2611b645d88786086e15f27c68afd1eb26,2025-07-01T00:49:05.800000+00:00,kaspa:qzjjxtknensmpj72yzwnx0tw8n2hdlnvp8dsf39qg8ev0e4unk0dctls39f0a,kaspa:qzjjxtknensmpj72yzwnx0tw8n2hdlnvp8dsf39qg8ev0e4unk0dctls39f0a,1.99996835
44153906a87d2a53636c41b0886485d967931202fae036f209d4474591738ecf,2025-07-01T00:49:02.151000+00:00,kaspa:ppsarw0eq46pgys5lcthuscqvtegh4ravklnp4k8ph8a54rjpz8jsspd7aanz,kaspa:qzjjxtknensmpj72yzwnx0tw8n2hdlnvp8dsf39qg8ev0e4unk0dctls39f0a,3.0
a9c7fb590fa6e9d6fb9aad9e5e713021f36810900e43be6d235676509533bf57,2025-07-01T00:49:01.175000+00:00,kaspa:qzjjxtknensmpj72yzwnx0tw8n2hdlnvp8dsf39qg8ev0e4unk0dctls39f0a,kaspa:ppsarw0eq46pgys5lcthuscqvtegh4ravklnp4k8ph8a54rjpz8jsspd7aanz,4.0
a9c7fb590fa6e9d6fb9aad9e5e713021f36810900e43be6d235676509533bf57,2025-07-01T00:49:01.175000+00:00,kaspa:qzjjxtknensmpj72yzwnx0tw8n2hdlnvp8dsf39qg8ev0e4unk0dctls39f0a,kaspa:qzjjxtknensmpj72yzwnx0tw8n2hdlnvp8dsf39qg8ev0e4unk0dctls39f0a,3.99984012
03bd4bd584a89a5475f8750a4d54f2f935e8a95f39dc9f1b358acf12f24e61c0,2025-07-01T00:48:58.478000+00:00,kaspa:ppsarw0eq46pgys5lcthuscqvtegh4ravklnp4k8ph8a54rjpz8jsspd7aanz,kaspa:qzjjxtknensmpj72yzwnx0tw8n2hdlnvp8dsf39qg8ev0e4unk0dctls39f0a,3.0
5c2999e9020ec3ff2ccd926324175d96825b6ba36fc52f5046f875e15a5ed969,2025-07-01T00:48:56.253000+00:00,kaspa:qzjjxtknensmpj72yzwnx0tw8n2hdlnvp8dsf39qg8ev0e4unk0dctls39f0a,kaspa:ppsarw0eq46pgys5lcthuscqvtegh4ravklnp4k8ph8a54rjpz8jsspd7aanz,4.0
5c2999e9020ec3ff2ccd926324175d96825b6ba36fc52f5046f875e15a5ed969,2025-07-01T00:48:56.253000+00:00,kaspa:qzjjxtknensmpj72yzwnx0tw8n2hdlnvp8dsf39qg8ev0e4unk0dctls39f0a,kaspa:qzjjxtknensmpj72yzwnx0tw8n2hdlnvp8dsf39qg8ev0e4unk0dctls39f0a,7.99987762
1acd12710ae73ded8aa88bc08bfdcf373f0cec708c632fa7700afa2d6a8329ca,2025-07-01T00:48:52.837000+00:00,kaspa:ppsarw0eq46pgys5lcthuscqvtegh4ravklnp4k8ph8a54rjpz8jsspd7aanz,kaspa:qzjjxtknensmpj72yzwnx0tw8n2hdlnvp8dsf39qg8ev0e4unk0dctls39f0a,3.0
3adf378d2f061e318b166ee8b7a156e84992b7aa7a44cbb25e06d263e75b9d5e,2025-07-01T00:48:51.645000+00:00,kaspa:qzjjxtknensmpj72yzwnx0tw8n2hdlnvp8dsf39qg8ev0e4unk0dctls39f0a,kaspa:ppsarw0eq46pgys5lcthuscqvtegh4ravklnp4k8ph8a54rjpz8jsspd7aanz,4.0
3adf378d2f061e318b166ee8b7a156e84992b7aa7a44cbb25e06d263e75b9d5e,2025-07-01T00:48:51.645000+00:00,kaspa:qzjjxtknensmpj72yzwnx0tw8n2hdlnvp8dsf39qg8ev0e4unk0dctls39f0a,kaspa:qzjjxtknensmpj72yzwnx0tw8n2hdlnvp8dsf39qg8ev0e4unk0dctls39f0a,8.99990927
a13c707f4d1955906410d90e94c41adcadb4c09be0c254aa4f379b2872c013fd,2025-07-01T00:48:44.892000+00:00,kaspa:prmz2c2m5e6thzkau5j3k46xxalfvyftj80tg09qu7pr9nzkjwc37he3vcc52,kaspa:qzjjxtknensmpj72yzwnx0tw8n2hdlnvp8dsf39qg8ev0e4unk0dctls39f0a,3.0
3db18b2ede1b7d938ab23b228cf7d69424279ff2b9adbfcca88d4477abbd1f97,2025-07-01T00:48:43.184000+00:00,kaspa:qzjjxtknensmpj72yzwnx0tw8n2hdlnvp8dsf39qg8ev0e4unk0dctls39f0a,kaspa:prmz2c2m5e6thzkau5j3k46xxalfvyftj80tg09qu7pr9nzkjwc37he3vcc52,4.0
3db18b2ede1b7d938ab23b228cf7d69424279ff2b9adbfcca88d4477abbd1f97,2025-07-01T00:48:43.184000+00:00,kaspa:qzjjxtknensmpj72yzwnx0tw8n2hdlnvp8dsf39qg8ev0e4unk0dctls39f0a,kaspa:qzjjxtknensmpj72yzwnx0tw8n2hdlnvp8dsf39qg8ev0e4unk0dctls39f0a,9.99994092
eded2f4422acd94c0f2ca4a84af12731892235f80abc75f211f9d9fabc84f3d0,2025-07-01T00:48:39.793000+00:00,kaspa:prmz2c2m5e6thzkau5j3k46xxalfvyftj80tg09qu7pr9nzkjwc37he3vcc52,kaspa:qzjjxtknensmpj72yzwnx0tw8n2hdlnvp8dsf39qg8ev0e4unk0dctls39f0a,3.0
1763662f30aac1976b39ea3131bb48176bf55223b8d0af759b730f53dbc2049e,2025-07-01T00:48:37.743000+00:00,kaspa:qzjjxtknensmpj72yzwnx0tw8n2hdlnvp8dsf39qg8ev0e4unk0dctls39f0a,kaspa:prmz2c2m5e6thzkau5j3k46xxalfvyftj80tg09qu7pr9nzkjwc37he3vcc52,4.0
1763662f30aac1976b39ea3131bb48176bf55223b8d0af759b730f53dbc2049e,2025-07-01T00:48:37.743000+00:00,kaspa:qzjjxtknensmpj72yzwnx0tw8n2hdlnvp8dsf39qg8ev0e4unk0dctls39f0a,kaspa:qzjjxtknensmpj72yzwnx0tw8n2hdlnvp8dsf39qg8ev0e4unk0dctls39f0a,10.99997257
89b06aba54ee4179587c3c3a1be526223245e20afdb553568a3c92241254b142,2025-07-01T00:48:04.119000+00:00,kaspa:qqcy9ymu90uvzl7uwdd3yvdkd2a7uvjhdsdde8339cvnrzfh5c7r2y3ukfvse,kaspa:qzjjxtknensmpj72yzwnx0tw8n2hdlnvp8dsf39qg8ev0e4unk0dctls39f0a,15.0
