tx_id,timestamp,sender,recipient,amount_kas
0192cb72a9348dac3dbc440fe379cf4945dcd1fd042a1261215685be3fd49182,2025-08-25T01:52:08.502000+00:00,kaspa:qzw3mtq8f2l4r0fxrukzuv7cgwcgpanc83h90g3zq3f8px7axfndz4kdjd0gz,kaspa:qpffwy4cgsd4837dapnn6377q0fra6qwthlwys6ukuvmkv427syfwxaakewg4,17.97
7da5a79afef61cdd1da3bfad3504e4a0e700abc4c60fcd3222e617793fd83b39,2025-08-24T06:25:14.047000+00:00,kaspa:prsddrzk5ek9aydz4gfhn92smtpwtc74gfvsxx73temlrdxvjc6rck9rmufpw,kaspa:qzw3mtq8f2l4r0fxrukzuv7cgwcgpanc83h90g3zq3f8px7axfndz4kdjd0gz,5.0
227463dad080d9b9e480357af248676c3389fc3dcb40ca40b7a8b187fa9ae6db,2025-08-24T06:25:12.041000+00:00,kaspa:qzw3mtq8f2l4r0fxrukzuv7cgwcgpanc83h90g3zq3f8px7axfndz4kdjd0gz,kaspa:prsddrzk5ek9aydz4gfhn92smtpwtc74gfvsxx73temlrdxvjc6rck9rmufpw,5.00003
227463dad080d9b9e480357af248676c3389fc3dcb40ca40b7a8b187fa9ae6db,2025-08-24T06:25:12.041000+00:00,kaspa:qzw3mtq8f2l4r0fxrukzuv7cgwcgpanc83h90g3zq3f8px7axfndz4kdjd0gz,kaspa:qzw3mtq8f2l4r0fxrukzuv7cgwcgpanc83h90g3zq3f8px7axfndz4kdjd0gz,12.99985708
bdf0e5047d8de357a8491a9939298506e2a32a8bef191ba698f935a266c86dcb,2025-08-21T20:34:17.164000+00:00,kaspa:qzw3mtq8f2l4r0fxrukzuv7cgwcgpanc83h90g3zq3f8px7axfndz4kdjd0gz,kaspa:qqw482usv0p8uawyr65yd94tq6dkesfq50nzdkg575f5epcu3gzjka966cf6k,1950.0
bdf0e5047d8de357a8491a9939298506e2a32a8bef191ba698f935a266c86dcb,2025-08-21T20:34:17.164000+00:00,kaspa:qzw3mtq8f2l4r0fxrukzuv7cgwcgpanc83h90g3zq3f8px7axfndz4kdjd0gz,kaspa:qzw3mtq8f2l4r0fxrukzuv7cgwcgpanc83h90g3zq3f8px7axfndz4kdjd0gz,17.99992028
94ad586a136e134c60e17e9a2573c0a584e13d752354fde2e8babcb1994c5db6,2025-08-21T20:12:09.633000+00:00,kaspa:qzw3mtq8f2l4r0fxrukzuv7cgwcgpanc83h90g3zq3f8px7axfndz4kdjd0gz,kaspa:pz3r7mca2mdctjc2kfgqshz94vgnccyxcnxgf63gr2uea965nuxgvsm4h75vr,201.0
94ad586a136e134c60e17e9a2573c0a584e13d752354fde2e8babcb1994c5db6,2025-08-21T20:12:09.633000+00:00,kaspa:qzw3mtq8f2l4r0fxrukzuv7cgwcgpanc83h90g3zq3f8px7axfndz4kdjd0gz,kaspa:qqkm7pcztna2mm8vfymvqwmrwrudxc6fmh6s7lfc7w8yhlz6ywnkvqutw3m8l,20.0
94ad586a136e134c60e17e9a2573c0a584e13d752354fde2e8babcb1994c5db6,2025-08-21T20:12:09.633000+00:00,kaspa:qzw3mtq8f2l4r0fxrukzuv7cgwcgpanc83h90g3zq3f8px7axfndz4kdjd0gz,kaspa:qzw3mtq8f2l4r0fxrukzuv7cgwcgpanc83h90g3zq3f8px7axfndz4kdjd0gz,1967.99995082
f8db9e4b59835ccd2b62b4847d7b99a20a2bd1307350fa85351c5184ea926513,2025-08-21T20:08:14.469000+00:00,kaspa:qzw3mtq8f2l4r0fxrukzuv7cgwcgpanc83h90g3zq3f8px7axfndz4kdjd0gz,kaspa:pz3r7mca2mdctjc2kfgqshz94vgnccyxcnxgf63gr2uea965nuxgvsm4h75vr,101.0
f8db9e4b59835ccd2b62b4847d7b99a20a2bd1307350fa85351c5184ea926513,2025-08-21T20:08:14.469000+00:00,kaspa:qzw3mtq8f2l4r0fxrukzuv7cgwcgpanc83h90g3zq3f8px7axfndz4kdjd0gz,kaspa:qqkm7pcztna2mm8vfymvqwmrwrudxc6fmh6s7lfc7w8yhlz6ywnkvqutw3m8l,10.0
f8db9e4b59835ccd2b62b4847d7b99a20a2bd1307350fa85351c5184ea926513,2025-08-21T20:08:14.469000+00:00,kaspa:qzw3mtq8f2l4r0fxrukzuv7cgwcgpanc83h90g3zq3f8px7axfndz4kdjd0gz,kaspa:qzw3mtq8f2l4r0fxrukzuv7cgwcgpanc83h90g3zq3f8px7axfndz4kdjd0gz,2188.99997541
27ff849b4eaa01e06474ef8dfa58f8b4660c247ccea7c3d07fd1cc7b5998441c,2025-08-21T20:07:32.758000+00:00,kaspa:qqw482usv0p8uawyr65yd94tq6dkesfq50nzdkg575f5epcu3gzjka966cf6k,kaspa:qzw3mtq8f2l4r0fxrukzuv7cgwcgpanc83h90g3zq3f8px7axfndz4kdjd0gz,2300.0
