tx_id,timestamp,sender,recipient,amount_kas
4b1b381aff2f0f308346387f506e99a0ab0eb81c9dc502b28e427ce3b671660a,2025-08-31T17:58:21.655000+00:00,kaspa:qp86wp4plg94qefe968y9tnzxwc5ays2c8vuskrsycya5flq8ezju7dg6pc2r,kaspa:qq5wk4huq5ccmkwru080kakcxuvq9mjwg0nsectls74802nuxtc07v6v0runf,125.0
4b1b381aff2f0f308346387f506e99a0ab0eb81c9dc502b28e427ce3b671660a,2025-08-31T17:58:21.655000+00:00,kaspa:qp86wp4plg94qefe968y9tnzxwc5ays2c8vuskrsycya5flq8ezju7dg6pc2r,kaspa:qp86wp4plg94qefe968y9tnzxwc5ays2c8vuskrsycya5flq8ezju7dg6pc2r,84.5291104
c68ee41346877ca6089070eae816486d6a059aea9635e190c0960b9c295725e2,2025-08-31T17:57:07.839000+00:00,kaspa:qp86wp4plg94qefe968y9tnzxwc5ays2c8vuskrsycya5flq8ezju7dg6pc2r,kaspa:qq5wk4huq5ccmkwru080kakcxuvq9mjwg0nsectls74802nuxtc07v6v0runf,1700.0
c68ee41346877ca6089070eae816486d6a059aea9635e190c0960b9c295725e2,2025-08-31T17:57:07.839000+00:00,kaspa:qp86wp4plg94qefe968y9tnzxwc5ays2c8vuskrsycya5flq8ezju7dg6pc2r,kaspa:qp86wp4plg94qefe968y9tnzxwc5ays2c8vuskrsycya5flq8ezju7dg6pc2r,209.52914094
2d0a29bdb25dd5345cd10033f87199a698935417e14eacbbfdc5a4eed79fc8d3,2025-08-28T00:14:52.175000+00:00,kaspa:qp86wp4plg94qefe968y9tnzxwc5ays2c8vuskrsycya5flq8ezju7dg6pc2r,kaspa:qp86wp4plg94qefe968y9tnzxwc5ays2c8vuskrsycya5flq8ezju7dg6pc2r,1909.52917148
5e951f7b788ab01ab8091c770ef9b0e479cecfc0949ce8d4058754968c6f90ee,2025-08-28T00:13:02.485000+00:00,kaspa:qrncte9xqadsdh34zplhqetly6etva6m9xhsn9r9uete5vzmunc0qwc43j7p0,kaspa:qp86wp4plg94qefe968y9tnzxwc5ays2c8vuskrsycya5flq8ezju7dg6pc2r,1140.0
be73c4d06304f2af510c10c43c4e6305f96df3c8f7df81d3ec3217ec8b2ec224,2025-08-27T23:59:41.879000+00:00,kaspa:pqlsc39z4tpjmw7d2euqskrgjryjd2u3fvhmx34y9vpx542emt2awtrk8mzty,kaspa:qp86wp4plg94qefe968y9tnzxwc5ays2c8vuskrsycya5flq8ezju7dg6pc2r,5.0
a5869de5e6ee0a834f0485fcdd5469706f7cebfecc126635bd22e87e5e3262da,2025-08-27T23:59:40.322000+00:00,kaspa:qp86wp4plg94qefe968y9tnzxwc5ays2c8vuskrsycya5flq8ezju7dg6pc2r,kaspa:pqlsc39z4tpjmw7d2euqskrgjryjd2u3fvhmx34y9vpx542emt2awtrk8mzty,5.00003
a5869de5e6ee0a834f0485fcdd5469706f7cebfecc126635bd22e87e5e3262da,2025-08-27T23:59:40.322000+00:00,kaspa:qp86wp4plg94qefe968y9tnzxwc5ays2c8vuskrsycya5flq8ezju7dg6pc2r,kaspa:qp86wp4plg94qefe968y9tnzxwc5ays2c8vuskrsycya5flq8ezju7dg6pc2r,764.52922938
7181c4d2f5d32167b6a260a962723946cce6d5dfeaa3e28204eaa510ce1879e8,2025-08-26T00:34:56.689000+00:00,kaspa:qp86wp4plg94qefe968y9tnzxwc5ays2c8vuskrsycya5flq8ezju7dg6pc2r,kaspa:qp86wp4plg94qefe968y9tnzxwc5ays2c8vuskrsycya5flq8ezju7dg6pc2r,769.52929009
380af08625c834826ecd5f2045f0cccf5a58bd34fd335278cb61ab184c91e599,2025-08-22T13:50:28.993000+00:00,kaspa:qznrcn0k6swlp4nl8mjqcqgje95c43pp0r79vzdtcglh6x4agccygtlqxvyce,kaspa:qp86wp4plg94qefe968y9tnzxwc5ays2c8vuskrsycya5flq8ezju7dg6pc2r,654.63
ece485a22c18e7875ce0c28c7b9595d576f16ea3a43b12c5db49b603261578ba,2025-08-22T12:32:06.862000+00:00,kaspa:pz393fm8jr9ys5m9nvuj9w2yxuhaf8ts5z8pfkstfheruqkdjfdpypxymve47,kaspa:qp86wp4plg94qefe968y9tnzxwc5ays2c8vuskrsycya5flq8ezju7dg6pc2r,5.0
f8ed89d8612a20b1163c73a95d3979366ccd31c297ff6471541cd0808eaafa04,2025-08-22T12:32:02.760000+00:00,kaspa:qp86wp4plg94qefe968y9tnzxwc5ays2c8vuskrsycya5flq8ezju7dg6pc2r,kaspa:qz6zec3e4qac5chh83hyada98ca8vhl0ptjsdf704qukrjmjfjz27a8qq7jq2,165.00009
f8ed89d8612a20b1163c73a95d3979366ccd31c297ff6471541cd0808eaafa04,2025-08-22T12:32:02.760000+00:00,kaspa:qp86wp4plg94qefe968y9tnzxwc5ays2c8vuskrsycya5flq8ezju7dg6pc2r,kaspa:qp86wp4plg94qefe968y9tnzxwc5ays2c8vuskrsycya5flq8ezju7dg6pc2r,109.89934799
799b9b2d13db3171e6cfd9239d065b0d37185ade593a8584271bd7dbc8b011cd,2025-08-21T20:29:09.377000+00:00,kaspa:pq8mh9nkx75v0jxx5agsyxa4jdr8zaywfvnwftew9vwxpadwrf3ycvxuweaw8,kaspa:qp86wp4plg94qefe968y9tnzxwc5ays2c8vuskrsycya5flq8ezju7dg6pc2r,75.99997
2fefd8f20a92dfa156709eb80241f3e657cbc5a90c2d811f37255236d8d315d8,2025-08-21T20:21:24.801000+00:00,kaspa:qp86wp4plg94qefe968y9tnzxwc5ays2c8vuskrsycya5flq8ezju7dg6pc2r,kaspa:pq8mh9nkx75v0jxx5agsyxa4jdr8zaywfvnwftew9vwxpadwrf3ycvxuweaw8,301.0
2fefd8f20a92dfa156709eb80241f3e657cbc5a90c2d811f37255236d8d315d8,2025-08-21T20:21:24.801000+00:00,kaspa:qp86wp4plg94qefe968y9tnzxwc5ays2c8vuskrsycya5flq8ezju7dg6pc2r,kaspa:qqkm7pcztna2mm8vfymvqwmrwrudxc6fmh6s7lfc7w8yhlz6ywnkvqutw3m8l,30.0
2fefd8f20a92dfa156709eb80241f3e657cbc5a90c2d811f37255236d8d315d8,2025-08-21T20:21:24.801000+00:00,kaspa:qp86wp4plg94qefe968y9tnzxwc5ays2c8vuskrsycya5flq8ezju7dg6pc2r,kaspa:qp86wp4plg94qefe968y9tnzxwc5ays2c8vuskrsycya5flq8ezju7dg6pc2r,198.8995153
d15deb5ffb17bb35ae8935bc630810c184f93eaf18724cb8f14432db245bf652,2025-03-31T15:34:22.842000+00:00,kaspa:pzam7y9653k7xhqwd6jh6c7yfxd025nu99q26thu0v0sz44tncz5vs83k52zn,kaspa:qp86wp4plg94qefe968y9tnzxwc5ays2c8vuskrsycya5flq8ezju7dg6pc2r,5.0
6ab6d82f9be52910bb25dffa4bc844c0dfc0045ac728f951524bcdfd02c4f1ea,2025-03-31T15:34:16.169000+00:00,kaspa:qp86wp4plg94qefe968y9tnzxwc5ays2c8vuskrsycya5flq8ezju7dg6pc2r,kaspa:qzwg709a2znx26dsmar43fqrr34fff27ea5wde2gyvm8cvvaynhcuy8236rmc,305.00009
6ab6d82f9be52910bb25dffa4bc844c0dfc0045ac728f951524bcdfd02c4f1ea,2025-03-31T15:34:16.169000+00:00,kaspa:qp86wp4plg94qefe968y9tnzxwc5ays2c8vuskrsycya5flq8ezju7dg6pc2r,kaspa:qp86wp4plg94qefe968y9tnzxwc5ays2c8vuskrsycya5flq8ezju7dg6pc2r,524.89956896
14a4e0544d6567e4a9160b244aa66867743e6f7512571dbb2e0ae0c4ee514b5f,2025-03-21T23:28:47.636000+00:00,kaspa:qp86wp4plg94qefe968y9tnzxwc5ays2c8vuskrsycya5flq8ezju7dg6pc2r,kaspa:qq3v8ehy24m2jt9zzkxmyfpc36enfvhsxm6cdmma32qf8fx6ml84g3ukck96a,800.0
14a4e0544d6567e4a9160b244aa66867743e6f7512571dbb2e0ae0c4ee514b5f,2025-03-21T23:28:47.636000+00:00,kaspa:qp86wp4plg94qefe968y9tnzxwc5ays2c8vuskrsycya5flq8ezju7dg6pc2r,kaspa:qp86wp4plg94qefe968y9tnzxwc5ays2c8vuskrsycya5flq8ezju7dg6pc2r,829.8996895
cb96ff316b89296c4889d16852b675d5c837545c5627ff2636da214c03880fa2,2025-03-21T23:24:09.998000+00:00,kaspa:qp86wp4plg94qefe968y9tnzxwc5ays2c8vuskrsycya5flq8ezju7dg6pc2r,kaspa:qznrcn0k6swlp4nl8mjqcqgje95c43pp0r79vzdtcglh6x4agccygtlqxvyce,1300.0
cb96ff316b89296c4889d16852b675d5c837545c5627ff2636da214c03880fa2,2025-03-21T23:24:09.998000+00:00,kaspa:qp86wp4plg94qefe968y9tnzxwc5ays2c8vuskrsycya5flq8ezju7dg6pc2r,kaspa:qp86wp4plg94qefe968y9tnzxwc5ays2c8vuskrsycya5flq8ezju7dg6pc2r,1631.09685823
21d6ae9a6d7d1a311b2c90eb381f8236f85f3f4efd24cd68fefa6027843237ba,2025-03-21T23:23:23.463000+00:00,kaspa:qp86wp4plg94qefe968y9tnzxwc5ays2c8vuskrsycya5flq8ezju7dg6pc2r,kaspa:ppzn32kjvvtg3rqd80kn6uszay8qf2q3v4mrcm8que2jumyunvv4w6j4sjz2k,1001.0
21d6ae9a6d7d1a311b2c90eb381f8236f85f3f4efd24cd68fefa6027843237ba,2025-03-21T23:23:23.463000+00:00,kaspa:qp86wp4plg94qefe968y9tnzxwc5ays2c8vuskrsycya5flq8ezju7dg6pc2r,kaspa:qqkm7pcztna2mm8vfymvqwmrwrudxc6fmh6s7lfc7w8yhlz6ywnkvqutw3m8l,100.0
21d6ae9a6d7d1a311b2c90eb381f8236f85f3f4efd24cd68fefa6027843237ba,2025-03-21T23:23:23.463000+00:00,kaspa:qp86wp4plg94qefe968y9tnzxwc5ays2c8vuskrsycya5flq8ezju7dg6pc2r,kaspa:qp86wp4plg94qefe968y9tnzxwc5ays2c8vuskrsycya5flq8ezju7dg6pc2r,2932.51619308
188382a647feeb84199e2bb6150ac1f32e24f1a610457c7267f46d1310e7a0ad,2025-03-21T23:22:17.839000+00:00,kaspa:qyp7xeqhm96kgfz5pa2mm9us3lxezp5y2cldr0zvfm3g8zpq5us2zjsgzmnrew5,kaspa:qp86wp4plg94qefe968y9tnzxwc5ays2c8vuskrsycya5flq8ezju7dg6pc2r,4000.0
0ad46327965b7de96d4d638606ccf5c9049d80f68b60136c74425037d6855849,2025-01-20T14:19:41.722000+00:00,kaspa:qp86wp4plg94qefe968y9tnzxwc5ays2c8vuskrsycya5flq8ezju7dg6pc2r,kaspa:pzkst0ekqpp45ea99canskncpt85vqgygkqzwvwa6vkaqtwmxh85xsh4ayh7j,31.0
0ad46327965b7de96d4d638606ccf5c9049d80f68b60136c74425037d6855849,2025-01-20T14:19:41.722000+00:00,kaspa:qp86wp4plg94qefe968y9tnzxwc5ays2c8vuskrsycya5flq8ezju7dg6pc2r,kaspa:qqkm7pcztna2mm8vfymvqwmrwrudxc6fmh6s7lfc7w8yhlz6ywnkvqutw3m8l,3.0
0ad46327965b7de96d4d638606ccf5c9049d80f68b60136c74425037d6855849,2025-01-20T14:19:41.722000+00:00,kaspa:qp86wp4plg94qefe968y9tnzxwc5ays2c8vuskrsycya5flq8ezju7dg6pc2r,kaspa:qp86wp4plg94qefe968y9tnzxwc5ays2c8vuskrsycya5flq8ezju7dg6pc2r,33.94602703
8f27a9f692bbf9f1eb37836ef76d55d57de95b6b27d82b6826c9d7a42d675c34,2024-12-31T00:12:03.536000+00:00,kaspa:pzr2h7wdvqzsta24hv8ktud3eepwv3n0q8yyac6yjvfhedys3fzmglw403de0,kaspa:qp86wp4plg94qefe968y9tnzxwc5ays2c8vuskrsycya5flq8ezju7dg6pc2r,5.0
746bbd2e9ddd3df3244b330f05e25bd8c189a10c5059ce10d00931031d2f8983,2024-12-31T00:11:52.822000+00:00,kaspa:qp86wp4plg94qefe968y9tnzxwc5ays2c8vuskrsycya5flq8ezju7dg6pc2r,kaspa:qqpeygwe2g5ghvjsjqyt6f53jcqv43nd4kltnr5rmymkpr944uwzg0npcsj57,179.73948257
746bbd2e9ddd3df3244b330f05e25bd8c189a10c5059ce10d00931031d2f8983,2024-12-31T00:11:52.822000+00:00,kaspa:qp86wp4plg94qefe968y9tnzxwc5ays2c8vuskrsycya5flq8ezju7dg6pc2r,kaspa:qp86wp4plg94qefe968y9tnzxwc5ays2c8vuskrsycya5flq8ezju7dg6pc2r,62.94608069
ee82b58560914a246e6ffca112c3d6c3e85b59b312557681ee193e138f5f1a4e,2024-12-24T23:53:22.783000+00:00,kaspa:pq8rrhk8mqdm28685maq4zusv2qcc800889zhqn4trfax7m6atr967v2f3fst,kaspa:qp86wp4plg94qefe968y9tnzxwc5ays2c8vuskrsycya5flq8ezju7dg6pc2r,5.0
f9b02dbb012399e5dce7272c36cbfd584674d7067651c230038efcc52d304ae4,2024-12-24T23:53:14.862000+00:00,kaspa:qp86wp4plg94qefe968y9tnzxwc5ays2c8vuskrsycya5flq8ezju7dg6pc2r,kaspa:qzr4sz2e2jaypypsszfkcnq40uhl7j2zy6s52zfcxal574ha9wznw2mvwka4w,5.00006
f9b02dbb012399e5dce7272c36cbfd584674d7067651c230038efcc52d304ae4,2024-12-24T23:53:14.862000+00:00,kaspa:qp86wp4plg94qefe968y9tnzxwc5ays2c8vuskrsycya5flq8ezju7dg6pc2r,kaspa:qp86wp4plg94qefe968y9tnzxwc5ays2c8vuskrsycya5flq8ezju7dg6pc2r,238.0742846
6ffc1c8491efd6ee754aa3f143a45d9dfa0edd5ca0561f9ea56db9ac0346e7e9,2024-12-20T05:20:31.925000+00:00,kaspa:pzdc8kjjtshf7m5hu67sdu8sqs6r43f098hq4g57qt2alh87erflkqh895ksh,kaspa:qp86wp4plg94qefe968y9tnzxwc5ays2c8vuskrsycya5flq8ezju7dg6pc2r,5.0
e870dec7bd07664c2185fbfea5da8b96ef811ab8fa465c8d07b9003acfab460a,2024-12-20T05:20:28.838000+00:00,kaspa:qp86wp4plg94qefe968y9tnzxwc5ays2c8vuskrsycya5flq8ezju7dg6pc2r,kaspa:pzdc8kjjtshf7m5hu67sdu8sqs6r43f098hq4g57qt2alh87erflkqh895ksh,5.00003
e870dec7bd07664c2185fbfea5da8b96ef811ab8fa465c8d07b9003acfab460a,2024-12-20T05:20:28.838000+00:00,kaspa:qp86wp4plg94qefe968y9tnzxwc5ays2c8vuskrsycya5flq8ezju7dg6pc2r,kaspa:qp86wp4plg94qefe968y9tnzxwc5ays2c8vuskrsycya5flq8ezju7dg6pc2r,238.07439191
6f88961b2e395d7f0c20a48c6276243b08ad38524bbfbc4ab5cbb16310956cc5,2024-12-18T21:55:12.172000+00:00,kaspa:qp86wp4plg94qefe968y9tnzxwc5ays2c8vuskrsycya5flq8ezju7dg6pc2r,kaspa:pqtrjd7swz494af0s7frasf50ya0k2akxtu9xhxg2v637uvs8refvxekeng5q,26.0
6f88961b2e395d7f0c20a48c6276243b08ad38524bbfbc4ab5cbb16310956cc5,2024-12-18T21:55:12.172000+00:00,kaspa:qp86wp4plg94qefe968y9tnzxwc5ays2c8vuskrsycya5flq8ezju7dg6pc2r,kaspa:qqkm7pcztna2mm8vfymvqwmrwrudxc6fmh6s7lfc7w8yhlz6ywnkvqutw3m8l,2.5
6f88961b2e395d7f0c20a48c6276243b08ad38524bbfbc4ab5cbb16310956cc5,2024-12-18T21:55:12.172000+00:00,kaspa:qp86wp4plg94qefe968y9tnzxwc5ays2c8vuskrsycya5flq8ezju7dg6pc2r,kaspa:qp86wp4plg94qefe968y9tnzxwc5ays2c8vuskrsycya5flq8ezju7dg6pc2r,243.07445262
b32e9d72bd987a1e0c61c8e1e836be9aafb39db5405ecfd22ce7e6f50b5807f1,2024-12-18T18:12:06.138000+00:00,kaspa:qp86wp4plg94qefe968y9tnzxwc5ays2c8vuskrsycya5flq8ezju7dg6pc2r,kaspa:pqtrjd7swz494af0s7frasf50ya0k2akxtu9xhxg2v637uvs8refvxekeng5q,2501.0
b32e9d72bd987a1e0c61c8e1e836be9aafb39db5405ecfd22ce7e6f50b5807f1,2024-12-18T18:12:06.138000+00:00,kaspa:qp86wp4plg94qefe968y9tnzxwc5ays2c8vuskrsycya5flq8ezju7dg6pc2r,kaspa:qqkm7pcztna2mm8vfymvqwmrwrudxc6fmh6s7lfc7w8yhlz6ywnkvqutw3m8l,250.0
b32e9d72bd987a1e0c61c8e1e836be9aafb39db5405ecfd22ce7e6f50b5807f1,2024-12-18T18:12:06.138000+00:00,kaspa:qp86wp4plg94qefe968y9tnzxwc5ays2c8vuskrsycya5flq8ezju7dg6pc2r,kaspa:qp86wp4plg94qefe968y9tnzxwc5ays2c8vuskrsycya5flq8ezju7dg6pc2r,271.97817281
2ded84110431921d843e0e6eaec38a499d7896999b2f3eff2a3863043d928cac,2024-12-18T18:11:26.282000+00:00,kaspa:qypvu8654a0k96uy308xj5pschnd374autqvr8fmrxp8ww8g3l5x2rgg2pmsexq,kaspa:qp86wp4plg94qefe968y9tnzxwc5ays2c8vuskrsycya5flq8ezju7dg6pc2r,3000.0
57c105118069599940155e04b9ce957f01caccc22259460ae708a31371a8c6ec,2024-12-16T21:44:30.811000+00:00,kaspa:qp86wp4plg94qefe968y9tnzxwc5ays2c8vuskrsycya5flq8ezju7dg6pc2r,kaspa:pqtrjd7swz494af0s7frasf50ya0k2akxtu9xhxg2v637uvs8refvxekeng5q,351.0
57c105118069599940155e04b9ce957f01caccc22259460ae708a31371a8c6ec,2024-12-16T21:44:30.811000+00:00,kaspa:qp86wp4plg94qefe968y9tnzxwc5ays2c8vuskrsycya5flq8ezju7dg6pc2r,kaspa:qqkm7pcztna2mm8vfymvqwmrwrudxc6fmh6s7lfc7w8yhlz6ywnkvqutw3m8l,35.0
57c105118069599940155e04b9ce957f01caccc22259460ae708a31371a8c6ec,2024-12-16T21:44:30.811000+00:00,kaspa:qp86wp4plg94qefe968y9tnzxwc5ays2c8vuskrsycya5flq8ezju7dg6pc2r,kaspa:qp86wp4plg94qefe968y9tnzxwc5ays2c8vuskrsycya5flq8ezju7dg6pc2r,22.97820858
5e31aedaae3a6e6ec27f30caa4b1ae514869c409ce673c6fea4d52c244e8b2a6,2024-12-16T16:33:38.839000+00:00,kaspa:qp86wp4plg94qefe968y9tnzxwc5ays2c8vuskrsycya5flq8ezju7dg6pc2r,kaspa:pqtrjd7swz494af0s7frasf50ya0k2akxtu9xhxg2v637uvs8refvxekeng5q,1001.0
5e31aedaae3a6e6ec27f30caa4b1ae514869c409ce673c6fea4d52c244e8b2a6,2024-12-16T16:33:38.839000+00:00,kaspa:qp86wp4plg94qefe968y9tnzxwc5ays2c8vuskrsycya5flq8ezju7dg6pc2r,kaspa:qqkm7pcztna2mm8vfymvqwmrwrudxc6fmh6s7lfc7w8yhlz6ywnkvqutw3m8l,100.0
5e31aedaae3a6e6ec27f30caa4b1ae514869c409ce673c6fea4d52c244e8b2a6,2024-12-16T16:33:38.839000+00:00,kaspa:qp86wp4plg94qefe968y9tnzxwc5ays2c8vuskrsycya5flq8ezju7dg6pc2r,kaspa:qp86wp4plg94qefe968y9tnzxwc5ays2c8vuskrsycya5flq8ezju7dg6pc2r,408.97823317
1bdba7e2bfd6b8952b84c51a1ccfe80179191ea8ade0f1a1573914f6573b976a,2024-12-16T16:32:21.944000+00:00,kaspa:qp86wp4plg94qefe968y9tnzxwc5ays2c8vuskrsycya5flq8ezju7dg6pc2r,kaspa:qq3v8ehy24m2jt9zzkxmyfpc36enfvhsxm6cdmma32qf8fx6ml84g3ukck96a,1509.93
1bdba7e2bfd6b8952b84c51a1ccfe80179191ea8ade0f1a1573914f6573b976a,2024-12-16T16:32:21.944000+00:00,kaspa:qp86wp4plg94qefe968y9tnzxwc5ays2c8vuskrsycya5flq8ezju7dg6pc2r,kaspa:qp86wp4plg94qefe968y9tnzxwc5ays2c8vuskrsycya5flq8ezju7dg6pc2r,1509.97827006
ceb73f99460ac3faf689a08304bb92f030f3ba51c5ac7559905a2c558c988555,2024-12-16T16:30:56.762000+00:00,kaspa:qypvu8654a0k96uy308xj5pschnd374autqvr8fmrxp8ww8g3l5x2rgg2pmsexq,kaspa:qp86wp4plg94qefe968y9tnzxwc5ays2c8vuskrsycya5flq8ezju7dg6pc2r,3000.0
d7841417d59a73ae8921af9331e98e22d2620d650bda0910013bf061bd57fc0e,2024-12-03T02:53:08.731000+00:00,kaspa:qp86wp4plg94qefe968y9tnzxwc5ays2c8vuskrsycya5flq8ezju7dg6pc2r,kaspa:pp6g7n5vjc9vngyefalvj48v362lnssmqtzummm06uj7elpqm9dau6amf9cps,76.0
d7841417d59a73ae8921af9331e98e22d2620d650bda0910013bf061bd57fc0e,2024-12-03T02:53:08.731000+00:00,kaspa:qp86wp4plg94qefe968y9tnzxwc5ays2c8vuskrsycya5flq8ezju7dg6pc2r,kaspa:qqkm7pcztna2mm8vfymvqwmrwrudxc6fmh6s7lfc7w8yhlz6ywnkvqutw3m8l,7.5
d7841417d59a73ae8921af9331e98e22d2620d650bda0910013bf061bd57fc0e,2024-12-03T02:53:08.731000+00:00,kaspa:qp86wp4plg94qefe968y9tnzxwc5ays2c8vuskrsycya5flq8ezju7dg6pc2r,kaspa:qp86wp4plg94qefe968y9tnzxwc5ays2c8vuskrsycya5flq8ezju7dg6pc2r,19.90831737
3855677ad8e9ddbcc7b9ef96d9a154440141d223a486d91ead92948c1c617acc,2024-12-03T02:19:18.562000+00:00,kaspa:qp86wp4plg94qefe968y9tnzxwc5ays2c8vuskrsycya5flq8ezju7dg6pc2r,kaspa:pp6g7n5vjc9vngyefalvj48v362lnssmqtzummm06uj7elpqm9dau6amf9cps,551.0
3855677ad8e9ddbcc7b9ef96d9a154440141d223a486d91ead92948c1c617acc,2024-12-03T02:19:18.562000+00:00,kaspa:qp86wp4plg94qefe968y9tnzxwc5ays2c8vuskrsycya5flq8ezju7dg6pc2r,kaspa:qqkm7pcztna2mm8vfymvqwmrwrudxc6fmh6s7lfc7w8yhlz6ywnkvqutw3m8l,55.0
3855677ad8e9ddbcc7b9ef96d9a154440141d223a486d91ead92948c1c617acc,2024-12-03T02:19:18.562000+00:00,kaspa:qp86wp4plg94qefe968y9tnzxwc5ays2c8vuskrsycya5flq8ezju7dg6pc2r,kaspa:qp86wp4plg94qefe968y9tnzxwc5ays2c8vuskrsycya5flq8ezju7dg6pc2r,103.40835426
d95d81d85001579a48238a1ebd0b935a74e61b423dee8926bcd91cc9070118c3,2024-12-03T02:19:00.524000+00:00,kaspa:qp2cwctzz6vz6794jp9zxq5atx3tjr4s3zaqpyy2xgdmvlced0cdxevpkcp5l,kaspa:qp86wp4plg94qefe968y9tnzxwc5ays2c8vuskrsycya5flq8ezju7dg6pc2r,700.0
78e6e4a2bae8a972a04e57f7d417d8631c2447e86c5024b49f08bb3e3fdb8817,2024-11-29T16:47:38.118000+00:00,kaspa:qp86wp4plg94qefe968y9tnzxwc5ays2c8vuskrsycya5flq8ezju7dg6pc2r,kaspa:pr5lwk9y6585gn5hv65vkem0l0dxef5ugyfqxx4jrkutwpgp8f5xw2fr75uuv,91.0
78e6e4a2bae8a972a04e57f7d417d8631c2447e86c5024b49f08bb3e3fdb8817,2024-11-29T16:47:38.118000+00:00,kaspa:qp86wp4plg94qefe968y9tnzxwc5ays2c8vuskrsycya5flq8ezju7dg6pc2r,kaspa:qqkm7pcztna2mm8vfymvqwmrwrudxc6fmh6s7lfc7w8yhlz6ywnkvqutw3m8l,9.0
78e6e4a2bae8a972a04e57f7d417d8631c2447e86c5024b49f08bb3e3fdb8817,2024-11-29T16:47:38.118000+00:00,kaspa:qp86wp4plg94qefe968y9tnzxwc5ays2c8vuskrsycya5flq8ezju7dg6pc2r,kaspa:qp86wp4plg94qefe968y9tnzxwc5ays2c8vuskrsycya5flq8ezju7dg6pc2r,9.40840792
8e4851e2f21bbdcadfd2296fe775d2dfec33f5d6efe4b9b421cc5896fedf4b15,2024-11-28T15:19:37.315000+00:00,kaspa:pp78fqqvra94z0ndtxetdem8kgc6f2kdl52tgccq74vaww5fcgdqy4dgpjzz9,kaspa:qp86wp4plg94qefe968y9tnzxwc5ays2c8vuskrsycya5flq8ezju7dg6pc2r,5.0
3a124b57370f077779f870b724b74b1f584b6df607cb76e182dffb38eda24a93,2024-11-28T15:19:34.158000+00:00,kaspa:qp86wp4plg94qefe968y9tnzxwc5ays2c8vuskrsycya5flq8ezju7dg6pc2r,kaspa:pp78fqqvra94z0ndtxetdem8kgc6f2kdl52tgccq74vaww5fcgdqy4dgpjzz9,5.00003
3a124b57370f077779f870b724b74b1f584b6df607cb76e182dffb38eda24a93,2024-11-28T15:19:34.158000+00:00,kaspa:qp86wp4plg94qefe968y9tnzxwc5ays2c8vuskrsycya5flq8ezju7dg6pc2r,kaspa:qp86wp4plg94qefe968y9tnzxwc5ays2c8vuskrsycya5flq8ezju7dg6pc2r,104.40844369
92867ddb3a46ce68984c2fd9cf1bec2d61f1cc78652077ba4319c202f47eb612,2024-11-28T15:19:08.225000+00:00,kaspa:pp8ku3jvfuds2cjsl43dcmuuftkg8vh2ytnelyvhj556mw8qwl92q7hnta9tw,kaspa:qp86wp4plg94qefe968y9tnzxwc5ays2c8vuskrsycya5flq8ezju7dg6pc2r,5.0
2a32d22989b9895373ede12fb57e8fb16f684651f33069191075c00aff6dd26d,2024-11-28T15:19:04.793000+00:00,kaspa:qp86wp4plg94qefe968y9tnzxwc5ays2c8vuskrsycya5flq8ezju7dg6pc2r,kaspa:pp8ku3jvfuds2cjsl43dcmuuftkg8vh2ytnelyvhj556mw8qwl92q7hnta9tw,5.00003
2a32d22989b9895373ede12fb57e8fb16f684651f33069191075c00aff6dd26d,2024-11-28T15:19:04.793000+00:00,kaspa:qp86wp4plg94qefe968y9tnzxwc5ays2c8vuskrsycya5flq8ezju7dg6pc2r,kaspa:qp86wp4plg94qefe968y9tnzxwc5ays2c8vuskrsycya5flq8ezju7dg6pc2r,104.40852117
310cf0883a0681ce59d8f218cf8d0d27ebc7d3728fd5caea83af6323f704d9b1,2024-11-28T15:18:46.176000+00:00,kaspa:pr0vpewsm285av4xre47q03u939ttv9t6us9yqcj0dj6wpj60ke4w9z8p54uc,kaspa:qp86wp4plg94qefe968y9tnzxwc5ays2c8vuskrsycya5flq8ezju7dg6pc2r,5.0
f68ddde570a9e1dcd6a98703b2134d0f827752e7866cd6a4be91f6dc50b5a668,2024-11-28T15:18:44.228000+00:00,kaspa:qp86wp4plg94qefe968y9tnzxwc5ays2c8vuskrsycya5flq8ezju7dg6pc2r,kaspa:pr0vpewsm285av4xre47q03u939ttv9t6us9yqcj0dj6wpj60ke4w9z8p54uc,5.00003
f68ddde570a9e1dcd6a98703b2134d0f827752e7866cd6a4be91f6dc50b5a668,2024-11-28T15:18:44.228000+00:00,kaspa:qp86wp4plg94qefe968y9tnzxwc5ays2c8vuskrsycya5flq8ezju7dg6pc2r,kaspa:qp86wp4plg94qefe968y9tnzxwc5ays2c8vuskrsycya5flq8ezju7dg6pc2r,104.40859865
b5588c2324833ed1aaa60fe2412d2f27546cbceae3b489a59f3242c746adea85,2024-11-28T15:18:07.668000+00:00,kaspa:prml89knc2lcgjreyfm50f2wpv2tp3z6ev7tf4h27rdpqn54azv96d7fjm6qz,kaspa:qp86wp4plg94qefe968y9tnzxwc5ays2c8vuskrsycya5flq8ezju7dg6pc2r,5.0
6fb7f545b47cbafac7bd849ca35f0de8e2a371e9946417cb1dbcbb70527dac5a,2024-11-28T15:18:05.376000+00:00,kaspa:qp86wp4plg94qefe968y9tnzxwc5ays2c8vuskrsycya5flq8ezju7dg6pc2r,kaspa:prml89knc2lcgjreyfm50f2wpv2tp3z6ev7tf4h27rdpqn54azv96d7fjm6qz,5.00003
6fb7f545b47cbafac7bd849ca35f0de8e2a371e9946417cb1dbcbb70527dac5a,2024-11-28T15:18:05.376000+00:00,kaspa:qp86wp4plg94qefe968y9tnzxwc5ays2c8vuskrsycya5flq8ezju7dg6pc2r,kaspa:qp86wp4plg94qefe968y9tnzxwc5ays2c8vuskrsycya5flq8ezju7dg6pc2r,104.40867613
7480169ac50161c05b3af569ba24521b491b74b71a7b8ead26ddde3ddbebc55a,2024-11-28T15:17:36.101000+00:00,kaspa:pz47xn4vvhdhhhuz0esl37jltqpc8k7f0m64pxf7g92r83klyn7cvlwc7pgrl,kaspa:qp86wp4plg94qefe968y9tnzxwc5ays2c8vuskrsycya5flq8ezju7dg6pc2r,5.0
8956eb05543fbb83ed66321695ccb15a375757503739f8b62c51798f7d85a6a0,2024-11-28T15:17:33.686000+00:00,kaspa:qp86wp4plg94qefe968y9tnzxwc5ays2c8vuskrsycya5flq8ezju7dg6pc2r,kaspa:pz47xn4vvhdhhhuz0esl37jltqpc8k7f0m64pxf7g92r83klyn7cvlwc7pgrl,5.00003
8956eb05543fbb83ed66321695ccb15a375757503739f8b62c51798f7d85a6a0,2024-11-28T15:17:33.686000+00:00,kaspa:qp86wp4plg94qefe968y9tnzxwc5ays2c8vuskrsycya5flq8ezju7dg6pc2r,kaspa:qp86wp4plg94qefe968y9tnzxwc5ays2c8vuskrsycya5flq8ezju7dg6pc2r,104.40875361
ee56816dc2f6ae96253b5b90a3bee324410b607a870bacb3ce4f6a3d085a322b,2024-11-28T15:16:59.339000+00:00,kaspa:ppstn0xv6zpufsvccpe30apafcspj6vz8fza3fts3e347j7kls57z3z06q420,kaspa:qp86wp4plg94qefe968y9tnzxwc5ays2c8vuskrsycya5flq8ezju7dg6pc2r,5.0
33f923507afceae1a53544a4ffa4fe69d45e21c65945b6208d046641ff733232,2024-11-28T15:16:56.325000+00:00,kaspa:qp86wp4plg94qefe968y9tnzxwc5ays2c8vuskrsycya5flq8ezju7dg6pc2r,kaspa:ppstn0xv6zpufsvccpe30apafcspj6vz8fza3fts3e347j7kls57z3z06q420,5.00003
33f923507afceae1a53544a4ffa4fe69d45e21c65945b6208d046641ff733232,2024-11-28T15:16:56.325000+00:00,kaspa:qp86wp4plg94qefe968y9tnzxwc5ays2c8vuskrsycya5flq8ezju7dg6pc2r,kaspa:qp86wp4plg94qefe968y9tnzxwc5ays2c8vuskrsycya5flq8ezju7dg6pc2r,104.40883109
9525c88f649e58d3fe4babe68bb8adadddc502b53ba134cabb120f1db6dd6953,2024-11-28T15:16:25.929000+00:00,kaspa:pra5xp9lk6kvz78r7c8ddl86346shp9u9f3zj4wkzg8h04ry390kwcuekmv5w,kaspa:qp86wp4plg94qefe968y9tnzxwc5ays2c8vuskrsycya5flq8ezju7dg6pc2r,5.0
41330af353d1bff61b0daaeec54d959eda0634f738d3b2e284ce53998dab1f57,2024-11-28T15:16:22.583000+00:00,kaspa:qp86wp4plg94qefe968y9tnzxwc5ays2c8vuskrsycya5flq8ezju7dg6pc2r,kaspa:pra5xp9lk6kvz78r7c8ddl86346shp9u9f3zj4wkzg8h04ry390kwcuekmv5w,5.00003
41330af353d1bff61b0daaeec54d959eda0634f738d3b2e284ce53998dab1f57,2024-11-28T15:16:22.583000+00:00,kaspa:qp86wp4plg94qefe968y9tnzxwc5ays2c8vuskrsycya5flq8ezju7dg6pc2r,kaspa:qp86wp4plg94qefe968y9tnzxwc5ays2c8vuskrsycya5flq8ezju7dg6pc2r,104.40890857
c6a90dd5b7a63554bad4c8942c2abf2978ec79bfee531918e421cd1e14ddd164,2024-11-28T15:15:57.585000+00:00,kaspa:ppk98uwrlysmelucwwe5l00ws03sfu4uu0tae72w2pgcmz8xmhkezlwssjhf2,kaspa:qp86wp4plg94qefe968y9tnzxwc5ays2c8vuskrsycya5flq8ezju7dg6pc2r,5.0
81677339e928c0fda6637510e3b2a37c8c9d4b89ad4846b796f2d548070d6c91,2024-11-28T15:15:52.582000+00:00,kaspa:qp86wp4plg94qefe968y9tnzxwc5ays2c8vuskrsycya5flq8ezju7dg6pc2r,kaspa:ppk98uwrlysmelucwwe5l00ws03sfu4uu0tae72w2pgcmz8xmhkezlwssjhf2,5.00003
81677339e928c0fda6637510e3b2a37c8c9d4b89ad4846b796f2d548070d6c91,2024-11-28T15:15:52.582000+00:00,kaspa:qp86wp4plg94qefe968y9tnzxwc5ays2c8vuskrsycya5flq8ezju7dg6pc2r,kaspa:qp86wp4plg94qefe968y9tnzxwc5ays2c8vuskrsycya5flq8ezju7dg6pc2r,104.40898605
ca1c368c087c2aafc9230db192149f640795912cd94e838a63b0c40d9fe58a4b,2024-11-28T15:15:16.421000+00:00,kaspa:pqfaekqdw7kguk5yvn8fu8c7r7yjjyl2h292df9qcmq4d2cf7lkkg0z56j7rs,kaspa:qp86wp4plg94qefe968y9tnzxwc5ays2c8vuskrsycya5flq8ezju7dg6pc2r,5.0
df8e9305240a719487d96a1ad45b3b4e130b6948ce9b08c489d4fb848a5ec29e,2024-11-28T15:15:13.687000+00:00,kaspa:qp86wp4plg94qefe968y9tnzxwc5ays2c8vuskrsycya5flq8ezju7dg6pc2r,kaspa:pqfaekqdw7kguk5yvn8fu8c7r7yjjyl2h292df9qcmq4d2cf7lkkg0z56j7rs,5.00003
df8e9305240a719487d96a1ad45b3b4e130b6948ce9b08c489d4fb848a5ec29e,2024-11-28T15:15:13.687000+00:00,kaspa:qp86wp4plg94qefe968y9tnzxwc5ays2c8vuskrsycya5flq8ezju7dg6pc2r,kaspa:qp86wp4plg94qefe968y9tnzxwc5ays2c8vuskrsycya5flq8ezju7dg6pc2r,104.40906353
92dbf4283a9dd141779de884a61b87faea2f5b7ca1867a070e73e0d12f5274c7,2024-11-28T15:14:50.023000+00:00,kaspa:pzydcgt6rk50tkh8pqc8pqvd46alt0czc0w3r35ad3q85xlur6m9ztvkvgts3,kaspa:qp86wp4plg94qefe968y9tnzxwc5ays2c8vuskrsycya5flq8ezju7dg6pc2r,5.0
158588b8f39bc82eef009cc9100ed18fbc965190e3484258e28ceca19ea811c9,2024-11-28T15:14:46.905000+00:00,kaspa:qp86wp4plg94qefe968y9tnzxwc5ays2c8vuskrsycya5flq8ezju7dg6pc2r,kaspa:pzydcgt6rk50tkh8pqc8pqvd46alt0czc0w3r35ad3q85xlur6m9ztvkvgts3,5.00003
158588b8f39bc82eef009cc9100ed18fbc965190e3484258e28ceca19ea811c9,2024-11-28T15:14:46.905000+00:00,kaspa:qp86wp4plg94qefe968y9tnzxwc5ays2c8vuskrsycya5flq8ezju7dg6pc2r,kaspa:qp86wp4plg94qefe968y9tnzxwc5ays2c8vuskrsycya5flq8ezju7dg6pc2r,104.40914101
53ed3ce5f12206170ecebb76ca44d031ed45d53bd5d821e310cca87c2c10af63,2024-11-25T15:59:47.406000+00:00,kaspa:ppqvm3ukyjn5uur6mvzk4wgycvvvj6wr3vh27xepc3zdh9zznecfvtn972vyy,kaspa:qp86wp4plg94qefe968y9tnzxwc5ays2c8vuskrsycya5flq8ezju7dg6pc2r,28.99997
8a4d61835f765cf198dc4040ea9aa5ebd421b54c4f90ef52076c7c9fa13eb79d,2024-11-25T05:25:20.540000+00:00,kaspa:qp86wp4plg94qefe968y9tnzxwc5ays2c8vuskrsycya5flq8ezju7dg6pc2r,kaspa:ppqvm3ukyjn5uur6mvzk4wgycvvvj6wr3vh27xepc3zdh9zznecfvtn972vyy,151.0
8a4d61835f765cf198dc4040ea9aa5ebd421b54c4f90ef52076c7c9fa13eb79d,2024-11-25T05:25:20.540000+00:00,kaspa:qp86wp4plg94qefe968y9tnzxwc5ays2c8vuskrsycya5flq8ezju7dg6pc2r,kaspa:qqkm7pcztna2mm8vfymvqwmrwrudxc6fmh6s7lfc7w8yhlz6ywnkvqutw3m8l,15.0
8a4d61835f765cf198dc4040ea9aa5ebd421b54c4f90ef52076c7c9fa13eb79d,2024-11-25T05:25:20.540000+00:00,kaspa:qp86wp4plg94qefe968y9tnzxwc5ays2c8vuskrsycya5flq8ezju7dg6pc2r,kaspa:qp86wp4plg94qefe968y9tnzxwc5ays2c8vuskrsycya5flq8ezju7dg6pc2r,80.40924849
f2d3aef28ed8f25cfe36cb639a28be39e6f9b021cada7b3e1011cf4bfe5f9ffe,2024-11-24T16:52:00.639000+00:00,kaspa:qp86wp4plg94qefe968y9tnzxwc5ays2c8vuskrsycya5flq8ezju7dg6pc2r,kaspa:qpsr6l3n7v8vmye7eflpnh8g7lm5m6zrrneezshrx78rkx7gpr0uvkcep0flp,600.0
f2d3aef28ed8f25cfe36cb639a28be39e6f9b021cada7b3e1011cf4bfe5f9ffe,2024-11-24T16:52:00.639000+00:00,kaspa:qp86wp4plg94qefe968y9tnzxwc5ays2c8vuskrsycya5flq8ezju7dg6pc2r,kaspa:qp86wp4plg94qefe968y9tnzxwc5ays2c8vuskrsycya5flq8ezju7dg6pc2r,246.4150251
bc0b1298e16243d8ae350503a8f51119c5cfe99a958db1f95b6096409a2241fb,2024-11-24T16:50:46.321000+00:00,kaspa:ppvsw2gt7e8l5gf0c5ctl86ylgze6tldfdaw927xvtmms9zsndat2e0rczy4d,kaspa:qp86wp4plg94qefe968y9tnzxwc5ays2c8vuskrsycya5flq8ezju7dg6pc2r,5.0
007e27eae170b26502ab337d46eee0fbeb44e64dc5cb502715cba7f5274bdb4b,2024-11-24T16:50:37.130000+00:00,kaspa:qp86wp4plg94qefe968y9tnzxwc5ays2c8vuskrsycya5flq8ezju7dg6pc2r,kaspa:qpks5y4lht6yz7m9dep8vte88s6n7v3w295va7vc05nhutq62t7dxmruqtmdu,225.04847205
007e27eae170b26502ab337d46eee0fbeb44e64dc5cb502715cba7f5274bdb4b,2024-11-24T16:50:37.130000+00:00,kaspa:qp86wp4plg94qefe968y9tnzxwc5ays2c8vuskrsycya5flq8ezju7dg6pc2r,kaspa:qp86wp4plg94qefe968y9tnzxwc5ays2c8vuskrsycya5flq8ezju7dg6pc2r,841.42623959
fb657361a0543c7389dfe82f6c7e273f39dc59fc09fe041ebd7715dde8d32ac3,2024-11-24T16:50:20.750000+00:00,kaspa:pq3dknwvmwgsf2afcvgrlz5avx4fdam6dv6hgtw7agpsqa45vmxdwt28tq05f,kaspa:qp86wp4plg94qefe968y9tnzxwc5ays2c8vuskrsycya5flq8ezju7dg6pc2r,5.0
aa61de37d8faca6192092f8304a1be4d83605ef045818c2b359204aea327fb6b,2024-11-24T16:50:12.676000+00:00,kaspa:qp86wp4plg94qefe968y9tnzxwc5ays2c8vuskrsycya5flq8ezju7dg6pc2r,kaspa:qpxmy7wppj2rlssk7aek8ad8z07x9d3jchk09kkpvll9he3ecaxf2uytfv47p,555.05951097
aa61de37d8faca6192092f8304a1be4d83605ef045818c2b359204aea327fb6b,2024-11-24T16:50:12.676000+00:00,kaspa:qp86wp4plg94qefe968y9tnzxwc5ays2c8vuskrsycya5flq8ezju7dg6pc2r,kaspa:qp86wp4plg94qefe968y9tnzxwc5ays2c8vuskrsycya5flq8ezju7dg6pc2r,1061.50019178
fb9f288ed3577e4c0e35a61b83d72074a0345e94832b6d9e55211002593b72a8,2024-11-24T16:49:54.696000+00:00,kaspa:prh2ye3mgkjegyn9hqmp8jqu896s8reavzxjr7jd4uuv60v4xfjrua8m24emm,kaspa:qp86wp4plg94qefe968y9tnzxwc5ays2c8vuskrsycya5flq8ezju7dg6pc2r,5.0
2b3f4ba63e41aa8922f32da6fd5c490c383bb9a5aef20d5e3767eba03178fff7,2024-11-24T16:49:43.757000+00:00,kaspa:qp86wp4plg94qefe968y9tnzxwc5ays2c8vuskrsycya5flq8ezju7dg6pc2r,kaspa:qr3wegcsvjt47hn02nv9xg7q379g3masfncpfhga258thxquykraj33u9nkdn,320.08521809
2b3f4ba63e41aa8922f32da6fd5c490c383bb9a5aef20d5e3767eba03178fff7,2024-11-24T16:49:43.757000+00:00,kaspa:qp86wp4plg94qefe968y9tnzxwc5ays2c8vuskrsycya5flq8ezju7dg6pc2r,kaspa:qp86wp4plg94qefe968y9tnzxwc5ays2c8vuskrsycya5flq8ezju7dg6pc2r,1611.59098568
d73c601783910182e9c5d99f636580ae660c7d242a5ca47dd50ed8c9b7689799,2024-11-24T16:44:53.688000+00:00,kaspa:pzg994me2tety447rfk8rff6kv20fgxj4jadxexfkz6lhqp9rjkvgswgteaqt,kaspa:qp86wp4plg94qefe968y9tnzxwc5ays2c8vuskrsycya5flq8ezju7dg6pc2r,5.0
aded3cd817a7e6ffa21b324dfa9e6e34e3dda82f72e2887aae3494effed84b97,2024-11-24T16:44:46.318000+00:00,kaspa:qp86wp4plg94qefe968y9tnzxwc5ays2c8vuskrsycya5flq8ezju7dg6pc2r,kaspa:qq9j5e25wn9wlvsk22s9ln22dfnpedjmtzacvwjahrq0cezlh9nhwqpev0m3p,121.75727235
aded3cd817a7e6ffa21b324dfa9e6e34e3dda82f72e2887aae3494effed84b97,2024-11-24T16:44:46.318000+00:00,kaspa:qp86wp4plg94qefe968y9tnzxwc5ays2c8vuskrsycya5flq8ezju7dg6pc2r,kaspa:qp86wp4plg94qefe968y9tnzxwc5ays2c8vuskrsycya5flq8ezju7dg6pc2r,1926.72100008
802edb658ca6dfea1dd04ce71547e6e74c0bc1130eb7bbc6bdbdc8103955d870,2024-11-24T16:43:27.689000+00:00,kaspa:pr6lam9l4stqzerv65phsjth2cy8zvnq5n3k3a08x692tx6jktpawckf7pd2v,kaspa:qp86wp4plg94qefe968y9tnzxwc5ays2c8vuskrsycya5flq8ezju7dg6pc2r,5.0
5605cf7e2c5d6838f5484df3d13b5e4c34665af1b6037b5fbe332e49e6c98d5d,2024-11-24T16:43:17.876000+00:00,kaspa:qp86wp4plg94qefe968y9tnzxwc5ays2c8vuskrsycya5flq8ezju7dg6pc2r,kaspa:qzul76s9pqpwf0xfy58f5m9rjjptfcncctrg77tcf6zca5kwsdyq63sgturp9,515.00263283
5605cf7e2c5d6838f5484df3d13b5e4c34665af1b6037b5fbe332e49e6c98d5d,2024-11-24T16:43:17.876000+00:00,kaspa:qp86wp4plg94qefe968y9tnzxwc5ays2c8vuskrsycya5flq8ezju7dg6pc2r,kaspa:qp86wp4plg94qefe968y9tnzxwc5ays2c8vuskrsycya5flq8ezju7dg6pc2r,2044.40201193
fe58b1cffd17e95b305a58bcb5f11882cde22c8ad68c319ab066e551b9bd4385,2024-11-24T16:41:32.194000+00:00,kaspa:qp86wp4plg94qefe968y9tnzxwc5ays2c8vuskrsycya5flq8ezju7dg6pc2r,kaspa:qzqmgykj7pxkwwmhg7gef78cf3mr6njj38hhqwf5u0uktcde086dyhhk86y2k,2000.0
fe58b1cffd17e95b305a58bcb5f11882cde22c8ad68c319ab066e551b9bd4385,2024-11-24T16:41:32.194000+00:00,kaspa:qp86wp4plg94qefe968y9tnzxwc5ays2c8vuskrsycya5flq8ezju7dg6pc2r,kaspa:qp86wp4plg94qefe968y9tnzxwc5ays2c8vuskrsycya5flq8ezju7dg6pc2r,2559.40553817
4ef2ec8c05aa52e7b7d4cf69acacf39606b0b41c0985f497e66dff8ed16245dc,2024-11-24T16:40:19.174000+00:00,kaspa:qp86wp4plg94qefe968y9tnzxwc5ays2c8vuskrsycya5flq8ezju7dg6pc2r,kaspa:pznkglpt64up6dxf443xv6fm8we98rny76vz8jmm4v5g53560kclqr0t5laj9,1001.0
4ef2ec8c05aa52e7b7d4cf69acacf39606b0b41c0985f497e66dff8ed16245dc,2024-11-24T16:40:19.174000+00:00,kaspa:qp86wp4plg94qefe968y9tnzxwc5ays2c8vuskrsycya5flq8ezju7dg6pc2r,kaspa:qqkm7pcztna2mm8vfymvqwmrwrudxc6fmh6s7lfc7w8yhlz6ywnkvqutw3m8l,100.0
4ef2ec8c05aa52e7b7d4cf69acacf39606b0b41c0985f497e66dff8ed16245dc,2024-11-24T16:40:19.174000+00:00,kaspa:qp86wp4plg94qefe968y9tnzxwc5ays2c8vuskrsycya5flq8ezju7dg6pc2r,kaspa:qp86wp4plg94qefe968y9tnzxwc5ays2c8vuskrsycya5flq8ezju7dg6pc2r,4559.4084449
b0ca4417b91c9b6a3bffc6350b376191fe12e3e0affcc2a353187734d95d588a,2024-11-24T16:39:50.531000+00:00,kaspa:qp86wp4plg94qefe968y9tnzxwc5ays2c8vuskrsycya5flq8ezju7dg6pc2r,kaspa:qp86wp4plg94qefe968y9tnzxwc5ays2c8vuskrsycya5flq8ezju7dg6pc2r,5660.40848179
145ff48ab3fcd45a10947c09f5824bb733b10b5644987dcaa6a1ee4b7239c7b4,2024-11-24T16:39:35.932000+00:00,kaspa:qzyg4lg0yzaav0vzmly26x3qkaht0gvl0xn8cul39pzaehzchuudwraaxqv6x,kaspa:qp86wp4plg94qefe968y9tnzxwc5ays2c8vuskrsycya5flq8ezju7dg6pc2r,5225.0
21d1cb3901677159e98b64160af46ad819505c53420e248c036c22148840a891,2024-11-24T16:38:48.543000+00:00,kaspa:pz2wdhlf5wq8mnqqvghzqux5c4fp0vavft5zqpt3yaucult4yf495vcmwss7s,kaspa:qp86wp4plg94qefe968y9tnzxwc5ays2c8vuskrsycya5flq8ezju7dg6pc2r,5.0
15fd959012f79271e5eca088d5bd03dec8b5f1a8161c4dff679c95bed25c5973,2024-11-24T16:38:45.687000+00:00,kaspa:qp86wp4plg94qefe968y9tnzxwc5ays2c8vuskrsycya5flq8ezju7dg6pc2r,kaspa:pz2wdhlf5wq8mnqqvghzqux5c4fp0vavft5zqpt3yaucult4yf495vcmwss7s,5.00003
15fd959012f79271e5eca088d5bd03dec8b5f1a8161c4dff679c95bed25c5973,2024-11-24T16:38:45.687000+00:00,kaspa:qp86wp4plg94qefe968y9tnzxwc5ays2c8vuskrsycya5flq8ezju7dg6pc2r,kaspa:qp86wp4plg94qefe968y9tnzxwc5ays2c8vuskrsycya5flq8ezju7dg6pc2r,430.40853969
d2b2e18177bf77e049f91ae34736ee67db84afa39a3c320bc7c2e629bc839762,2024-11-24T02:41:56.195000+00:00,kaspa:qp86wp4plg94qefe968y9tnzxwc5ays2c8vuskrsycya5flq8ezju7dg6pc2r,kaspa:pzs8akd9e08e25sy3ys2q2rfl5t7q5tntwhhmpd7rfp9r2g6hk7kjd90qck8g,1001.0
d2b2e18177bf77e049f91ae34736ee67db84afa39a3c320bc7c2e629bc839762,2024-11-24T02:41:56.195000+00:00,kaspa:qp86wp4plg94qefe968y9tnzxwc5ays2c8vuskrsycya5flq8ezju7dg6pc2r,kaspa:qqkm7pcztna2mm8vfymvqwmrwrudxc6fmh6s7lfc7w8yhlz6ywnkvqutw3m8l,100.0
d2b2e18177bf77e049f91ae34736ee67db84afa39a3c320bc7c2e629bc839762,2024-11-24T02:41:56.195000+00:00,kaspa:qp86wp4plg94qefe968y9tnzxwc5ays2c8vuskrsycya5flq8ezju7dg6pc2r,kaspa:qp86wp4plg94qefe968y9tnzxwc5ays2c8vuskrsycya5flq8ezju7dg6pc2r,435.4086004
ffd6b0a472e5853dd4972feed2e01b1a89cc3413785e168d94cbca6f4b5748f6,2024-11-24T02:41:09.686000+00:00,kaspa:qp2cwctzz6vz6794jp9zxq5atx3tjr4s3zaqpyy2xgdmvlced0cdxevpkcp5l,kaspa:qp86wp4plg94qefe968y9tnzxwc5ays2c8vuskrsycya5flq8ezju7dg6pc2r,1500.0
758fcf9325419a41859ee95d26c65134ed72a44cf7ecaa7cfa0737c8ea6d020f,2024-11-24T01:36:23.493000+00:00,kaspa:qp86wp4plg94qefe968y9tnzxwc5ays2c8vuskrsycya5flq8ezju7dg6pc2r,kaspa:pzvyhrqfpzy3tv3a920cf4nkec8avgh3lkqht6v3wen57smdmmya6wd3q05yj,101.0
758fcf9325419a41859ee95d26c65134ed72a44cf7ecaa7cfa0737c8ea6d020f,2024-11-24T01:36:23.493000+00:00,kaspa:qp86wp4plg94qefe968y9tnzxwc5ays2c8vuskrsycya5flq8ezju7dg6pc2r,kaspa:qqkm7pcztna2mm8vfymvqwmrwrudxc6fmh6s7lfc7w8yhlz6ywnkvqutw3m8l,10.0
758fcf9325419a41859ee95d26c65134ed72a44cf7ecaa7cfa0737c8ea6d020f,2024-11-24T01:36:23.493000+00:00,kaspa:qp86wp4plg94qefe968y9tnzxwc5ays2c8vuskrsycya5flq8ezju7dg6pc2r,kaspa:qp86wp4plg94qefe968y9tnzxwc5ays2c8vuskrsycya5flq8ezju7dg6pc2r,36.40863881
757fa679cebc61eefc80ecf5666348585436de93ff04dd7dce3946abdf0fe435,2024-11-07T03:56:41.584000+00:00,kaspa:ppsplxknmy9w7v935d7u9mrkmartgknudlz4aapyk0tdxdh3k8qvxu05s3xxh,kaspa:qp86wp4plg94qefe968y9tnzxwc5ays2c8vuskrsycya5flq8ezju7dg6pc2r,5.0
cd388e0840feb2f7a0766beda60152c7723eff9abad89eb9db75464cd9723998,2024-11-07T03:56:34.027000+00:00,kaspa:qp86wp4plg94qefe968y9tnzxwc5ays2c8vuskrsycya5flq8ezju7dg6pc2r,kaspa:qrgap0tzegvdg4etv6l9z7m0vmvvcnynl69rrndx4and9v9mh3e7gttz5xmde,505.00009
cd388e0840feb2f7a0766beda60152c7723eff9abad89eb9db75464cd9723998,2024-11-07T03:56:34.027000+00:00,kaspa:qp86wp4plg94qefe968y9tnzxwc5ays2c8vuskrsycya5flq8ezju7dg6pc2r,kaspa:qp86wp4plg94qefe968y9tnzxwc5ays2c8vuskrsycya5flq8ezju7dg6pc2r,142.40867458
886ec2aa093f90d1d04fd3b047fe5dee4c1749ea30c914e55c629313f8711a4f,2024-11-04T02:36:55.778000+00:00,kaspa:pzx9evvpunjx2w0yezvuec8vgecztv32skgjrc959a0ef22g3qx0z6z88n4uv,kaspa:qp86wp4plg94qefe968y9tnzxwc5ays2c8vuskrsycya5flq8ezju7dg6pc2r,5.0
d2212cd591fcb8dc0abfdf38c754eb10637a559a8dd84d7b48ce4c840e900275,2024-11-04T02:36:50.410000+00:00,kaspa:qp86wp4plg94qefe968y9tnzxwc5ays2c8vuskrsycya5flq8ezju7dg6pc2r,kaspa:pzx9evvpunjx2w0yezvuec8vgecztv32skgjrc959a0ef22g3qx0z6z88n4uv,5.64815237
d2212cd591fcb8dc0abfdf38c754eb10637a559a8dd84d7b48ce4c840e900275,2024-11-04T02:36:50.410000+00:00,kaspa:qp86wp4plg94qefe968y9tnzxwc5ays2c8vuskrsycya5flq8ezju7dg6pc2r,kaspa:qp86wp4plg94qefe968y9tnzxwc5ays2c8vuskrsycya5flq8ezju7dg6pc2r,642.40881189
55a5adf83e5bbb567a0e8a2715597972c2bdf0d4117891d86fd9be979b758860,2024-11-04T02:28:12.252000+00:00,kaspa:pzpp7525avmj76xuejseuw7xhukjuctzndtej0hdhmfh4ktc7mx0ydg27tdpn,kaspa:qp86wp4plg94qefe968y9tnzxwc5ays2c8vuskrsycya5flq8ezju7dg6pc2r,524.39034175
0eab87d4ad3166fc97c8545394b9bb52026bbbb3ee0cdda7eced9848ed7f8c39,2024-11-04T00:17:31.872000+00:00,kaspa:qp86wp4plg94qefe968y9tnzxwc5ays2c8vuskrsycya5flq8ezju7dg6pc2r,kaspa:pzpp7525avmj76xuejseuw7xhukjuctzndtej0hdhmfh4ktc7mx0ydg27tdpn,1001.0
0eab87d4ad3166fc97c8545394b9bb52026bbbb3ee0cdda7eced9848ed7f8c39,2024-11-04T00:17:31.872000+00:00,kaspa:qp86wp4plg94qefe968y9tnzxwc5ays2c8vuskrsycya5flq8ezju7dg6pc2r,kaspa:qqkm7pcztna2mm8vfymvqwmrwrudxc6fmh6s7lfc7w8yhlz6ywnkvqutw3m8l,100.0
0eab87d4ad3166fc97c8545394b9bb52026bbbb3ee0cdda7eced9848ed7f8c39,2024-11-04T00:17:31.872000+00:00,kaspa:qp86wp4plg94qefe968y9tnzxwc5ays2c8vuskrsycya5flq8ezju7dg6pc2r,kaspa:qp86wp4plg94qefe968y9tnzxwc5ays2c8vuskrsycya5flq8ezju7dg6pc2r,124.69232363
835fb3ff6b0832bd5f40ba8ff5e2ea2a1f7c9c9c99e013b8819ca84b3dbe18bf,2024-11-04T00:16:53.039000+00:00,kaspa:qp2cwctzz6vz6794jp9zxq5atx3tjr4s3zaqpyy2xgdmvlced0cdxevpkcp5l,kaspa:qp86wp4plg94qefe968y9tnzxwc5ays2c8vuskrsycya5flq8ezju7dg6pc2r,1200.0
66ebd67a4665eaa19823bcfd8b2b6b88203b94244b73bfccf7f34de6ddae07ca,2024-11-03T23:54:43.627000+00:00,kaspa:qp86wp4plg94qefe968y9tnzxwc5ays2c8vuskrsycya5flq8ezju7dg6pc2r,kaspa:pzpp7525avmj76xuejseuw7xhukjuctzndtej0hdhmfh4ktc7mx0ydg27tdpn,76.0
66ebd67a4665eaa19823bcfd8b2b6b88203b94244b73bfccf7f34de6ddae07ca,2024-11-03T23:54:43.627000+00:00,kaspa:qp86wp4plg94qefe968y9tnzxwc5ays2c8vuskrsycya5flq8ezju7dg6pc2r,kaspa:qqkm7pcztna2mm8vfymvqwmrwrudxc6fmh6s7lfc7w8yhlz6ywnkvqutw3m8l,7.5
66ebd67a4665eaa19823bcfd8b2b6b88203b94244b73bfccf7f34de6ddae07ca,2024-11-03T23:54:43.627000+00:00,kaspa:qp86wp4plg94qefe968y9tnzxwc5ays2c8vuskrsycya5flq8ezju7dg6pc2r,kaspa:qp86wp4plg94qefe968y9tnzxwc5ays2c8vuskrsycya5flq8ezju7dg6pc2r,26.20506011
11c3a049e4a9d56258a767a73d08f15a57ca1ca00b1976629b017209676d2479,2024-11-03T23:31:58.080000+00:00,kaspa:qp86wp4plg94qefe968y9tnzxwc5ays2c8vuskrsycya5flq8ezju7dg6pc2r,kaspa:pzpp7525avmj76xuejseuw7xhukjuctzndtej0hdhmfh4ktc7mx0ydg27tdpn,301.0
11c3a049e4a9d56258a767a73d08f15a57ca1ca00b1976629b017209676d2479,2024-11-03T23:31:58.080000+00:00,kaspa:qp86wp4plg94qefe968y9tnzxwc5ays2c8vuskrsycya5flq8ezju7dg6pc2r,kaspa:qqkm7pcztna2mm8vfymvqwmrwrudxc6fmh6s7lfc7w8yhlz6ywnkvqutw3m8l,30.0
11c3a049e4a9d56258a767a73d08f15a57ca1ca00b1976629b017209676d2479,2024-11-03T23:31:58.080000+00:00,kaspa:qp86wp4plg94qefe968y9tnzxwc5ays2c8vuskrsycya5flq8ezju7dg6pc2r,kaspa:qp86wp4plg94qefe968y9tnzxwc5ays2c8vuskrsycya5flq8ezju7dg6pc2r,109.70650947
184ec957b04da3e0c679c8f32f66dd782e86c8ace7a3dd1fd01f2a470cb6b6ac,2024-11-03T23:31:29.225000+00:00,kaspa:qp2cwctzz6vz6794jp9zxq5atx3tjr4s3zaqpyy2xgdmvlced0cdxevpkcp5l,kaspa:qp86wp4plg94qefe968y9tnzxwc5ays2c8vuskrsycya5flq8ezju7dg6pc2r,400.0
a8a5da8e59b7f2c7eba0f079fb5b2e03f5f5135e304033ec915f1c1d5b31bc9e,2024-11-03T20:44:31.540000+00:00,kaspa:qp86wp4plg94qefe968y9tnzxwc5ays2c8vuskrsycya5flq8ezju7dg6pc2r,kaspa:pr6l439janu3cq0wtdaugjmd0y3p6nm3ahagcwhegyr4trwx0hdcshx5ympfd,361.0
a8a5da8e59b7f2c7eba0f079fb5b2e03f5f5135e304033ec915f1c1d5b31bc9e,2024-11-03T20:44:31.540000+00:00,kaspa:qp86wp4plg94qefe968y9tnzxwc5ays2c8vuskrsycya5flq8ezju7dg6pc2r,kaspa:qqkm7pcztna2mm8vfymvqwmrwrudxc6fmh6s7lfc7w8yhlz6ywnkvqutw3m8l,36.0
a8a5da8e59b7f2c7eba0f079fb5b2e03f5f5135e304033ec915f1c1d5b31bc9e,2024-11-03T20:44:31.540000+00:00,kaspa:qp86wp4plg94qefe968y9tnzxwc5ays2c8vuskrsycya5flq8ezju7dg6pc2r,kaspa:qp86wp4plg94qefe968y9tnzxwc5ays2c8vuskrsycya5flq8ezju7dg6pc2r,40.70656313
df655987610644ea6f75f778828d897264a622f2b67218479e042d8995e4ab9f,2024-11-03T20:44:03.467000+00:00,kaspa:qp2cwctzz6vz6794jp9zxq5atx3tjr4s3zaqpyy2xgdmvlced0cdxevpkcp5l,kaspa:qp86wp4plg94qefe968y9tnzxwc5ays2c8vuskrsycya5flq8ezju7dg6pc2r,400.0
28f5e31a8d65923cf2ba55326014a2a7bd0d98ebec423a909276c6e9e614ed82,2024-11-01T23:56:54.525000+00:00,kaspa:qp86wp4plg94qefe968y9tnzxwc5ays2c8vuskrsycya5flq8ezju7dg6pc2r,kaspa:pra5e5yzsdq9pcavgfmsa88vu65t5f4n3lyc7gkswtlgjhhkaqwry0xhuekva,41.0
28f5e31a8d65923cf2ba55326014a2a7bd0d98ebec423a909276c6e9e614ed82,2024-11-01T23:56:54.525000+00:00,kaspa:qp86wp4plg94qefe968y9tnzxwc5ays2c8vuskrsycya5flq8ezju7dg6pc2r,kaspa:qqkm7pcztna2mm8vfymvqwmrwrudxc6fmh6s7lfc7w8yhlz6ywnkvqutw3m8l,4.0
28f5e31a8d65923cf2ba55326014a2a7bd0d98ebec423a909276c6e9e614ed82,2024-11-01T23:56:54.525000+00:00,kaspa:qp86wp4plg94qefe968y9tnzxwc5ays2c8vuskrsycya5flq8ezju7dg6pc2r,kaspa:qp86wp4plg94qefe968y9tnzxwc5ays2c8vuskrsycya5flq8ezju7dg6pc2r,37.912397
bc827c2574ff4364acdf459800ddddbffc23d687fd94ec16741868b5232a4385,2024-10-30T17:16:12.919000+00:00,kaspa:qp86wp4plg94qefe968y9tnzxwc5ays2c8vuskrsycya5flq8ezju7dg6pc2r,kaspa:pp0x2mdqa8q4pd2a4agqre3rasg98npgtv3gax6c2958cp8kjy2sgx35v8yj2,112.26931563
bc827c2574ff4364acdf459800ddddbffc23d687fd94ec16741868b5232a4385,2024-10-30T17:16:12.919000+00:00,kaspa:qp86wp4plg94qefe968y9tnzxwc5ays2c8vuskrsycya5flq8ezju7dg6pc2r,kaspa:qqkm7pcztna2mm8vfymvqwmrwrudxc6fmh6s7lfc7w8yhlz6ywnkvqutw3m8l,5.0
bc827c2574ff4364acdf459800ddddbffc23d687fd94ec16741868b5232a4385,2024-10-30T17:16:12.919000+00:00,kaspa:qp86wp4plg94qefe968y9tnzxwc5ays2c8vuskrsycya5flq8ezju7dg6pc2r,kaspa:qp86wp4plg94qefe968y9tnzxwc5ays2c8vuskrsycya5flq8ezju7dg6pc2r,82.91244029
495a423952472afb5a68c9f5df29a623aafd9260a36dcfcbebd4bf54a130580c,2024-10-29T03:09:59.184000+00:00,kaspa:pqektx0jsdv67el3nsut05j8czzm6qwg45hener6cf3hws02zxkj2p4muclrw,kaspa:qp86wp4plg94qefe968y9tnzxwc5ays2c8vuskrsycya5flq8ezju7dg6pc2r,5.0
f99920f16cc965953aed8be48f712f989dcd5ae5569c7fe9731d261ede4bb97b,2024-10-29T03:09:55.686000+00:00,kaspa:qp86wp4plg94qefe968y9tnzxwc5ays2c8vuskrsycya5flq8ezju7dg6pc2r,kaspa:pqektx0jsdv67el3nsut05j8czzm6qwg45hener6cf3hws02zxkj2p4muclrw,5.00003
f99920f16cc965953aed8be48f712f989dcd5ae5569c7fe9731d261ede4bb97b,2024-10-29T03:09:55.686000+00:00,kaspa:qp86wp4plg94qefe968y9tnzxwc5ays2c8vuskrsycya5flq8ezju7dg6pc2r,kaspa:qp86wp4plg94qefe968y9tnzxwc5ays2c8vuskrsycya5flq8ezju7dg6pc2r,199.11888672
e85f249b1a0e0d27ae71ff291e28e44e5b4b92ba6fcd64f5a91d3d190cbe696c,2024-10-29T03:08:52.639000+00:00,kaspa:pq0h8hkqtq4lt54emvp662qth9zzv6d8rxvvg7e06qg3ghn8n4glum8a5jh4g,kaspa:qp86wp4plg94qefe968y9tnzxwc5ays2c8vuskrsycya5flq8ezju7dg6pc2r,5.0
76e787a4c643f4f522b1312873e6fc9afb202c6ad31b18fd84288ca43f6f9654,2024-10-29T03:08:45.399000+00:00,kaspa:qp86wp4plg94qefe968y9tnzxwc5ays2c8vuskrsycya5flq8ezju7dg6pc2r,kaspa:qp3ewrgrztyl8psc7hv2ngwk9jskxpjutprtypeyf4vcmkys45czq285yr3j5,209.00009
76e787a4c643f4f522b1312873e6fc9afb202c6ad31b18fd84288ca43f6f9654,2024-10-29T03:08:45.399000+00:00,kaspa:qp86wp4plg94qefe968y9tnzxwc5ays2c8vuskrsycya5flq8ezju7dg6pc2r,kaspa:qp86wp4plg94qefe968y9tnzxwc5ays2c8vuskrsycya5flq8ezju7dg6pc2r,199.1189642
3f60b4fb312cd34890a2bd31e53569136a8af65dd07e0bfe9ce1637ab7fca4d1,2024-10-29T00:54:48.254000+00:00,kaspa:pztgl70j0ns6sgysudrd2ws6fma5hdjplctd0y48433eex42gdkqxw42679e9,kaspa:qp86wp4plg94qefe968y9tnzxwc5ays2c8vuskrsycya5flq8ezju7dg6pc2r,5.0
054df9e9c5571560b6041e120bac27243ef9e74300351a21fe59f5a781b61033,2024-10-29T00:54:46.373000+00:00,kaspa:qp86wp4plg94qefe968y9tnzxwc5ays2c8vuskrsycya5flq8ezju7dg6pc2r,kaspa:pztgl70j0ns6sgysudrd2ws6fma5hdjplctd0y48433eex42gdkqxw42679e9,5.00010428
054df9e9c5571560b6041e120bac27243ef9e74300351a21fe59f5a781b61033,2024-10-29T00:54:46.373000+00:00,kaspa:qp86wp4plg94qefe968y9tnzxwc5ays2c8vuskrsycya5flq8ezju7dg6pc2r,kaspa:qp86wp4plg94qefe968y9tnzxwc5ays2c8vuskrsycya5flq8ezju7dg6pc2r,403.11910151
47581db1f889d9addf9adf6b91608831b96f715c8781db673454f31402eb5cfe,2024-10-28T22:11:12.732000+00:00,kaspa:qp86wp4plg94qefe968y9tnzxwc5ays2c8vuskrsycya5flq8ezju7dg6pc2r,kaspa:pzx3s2m20z85xsanqnt2gau4sy3ar4qsr5rcdqxlla8z038a6pz7yyvxpfna3,203.1501173
47581db1f889d9addf9adf6b91608831b96f715c8781db673454f31402eb5cfe,2024-10-28T22:11:12.732000+00:00,kaspa:qp86wp4plg94qefe968y9tnzxwc5ays2c8vuskrsycya5flq8ezju7dg6pc2r,kaspa:qqkm7pcztna2mm8vfymvqwmrwrudxc6fmh6s7lfc7w8yhlz6ywnkvqutw3m8l,10.0
47581db1f889d9addf9adf6b91608831b96f715c8781db673454f31402eb5cfe,2024-10-28T22:11:12.732000+00:00,kaspa:qp86wp4plg94qefe968y9tnzxwc5ays2c8vuskrsycya5flq8ezju7dg6pc2r,kaspa:qp86wp4plg94qefe968y9tnzxwc5ays2c8vuskrsycya5flq8ezju7dg6pc2r,408.11931253
90c817289cc9ef10c2dd8909316e741361b7d0bbe29dcac0563c51957e875845,2024-10-28T22:10:43.690000+00:00,kaspa:qp2cwctzz6vz6794jp9zxq5atx3tjr4s3zaqpyy2xgdmvlced0cdxevpkcp5l,kaspa:qp86wp4plg94qefe968y9tnzxwc5ays2c8vuskrsycya5flq8ezju7dg6pc2r,600.0
a55bf04687951a4e7f3322f911c7dfe25ed79d5e40f9fb6db600e55db790934b,2024-10-27T19:50:38.275000+00:00,kaspa:qp86wp4plg94qefe968y9tnzxwc5ays2c8vuskrsycya5flq8ezju7dg6pc2r,kaspa:pza4lcp7tqj6z5ntfl24jn6wv9ne92wt4vy5gvp6kgh2zqmrdguuurxhzc0gy,271.0
a55bf04687951a4e7f3322f911c7dfe25ed79d5e40f9fb6db600e55db790934b,2024-10-27T19:50:38.275000+00:00,kaspa:qp86wp4plg94qefe968y9tnzxwc5ays2c8vuskrsycya5flq8ezju7dg6pc2r,kaspa:qqkm7pcztna2mm8vfymvqwmrwrudxc6fmh6s7lfc7w8yhlz6ywnkvqutw3m8l,27.0
a55bf04687951a4e7f3322f911c7dfe25ed79d5e40f9fb6db600e55db790934b,2024-10-27T19:50:38.275000+00:00,kaspa:qp86wp4plg94qefe968y9tnzxwc5ays2c8vuskrsycya5flq8ezju7dg6pc2r,kaspa:qp86wp4plg94qefe968y9tnzxwc5ays2c8vuskrsycya5flq8ezju7dg6pc2r,24.86679601
f86cb22722050ce7a920a63f68379edf0d6f8abed3b3d3f1682cc1a55618e023,2024-10-27T18:26:24.021000+00:00,kaspa:pzmz7epg6jg7c9w6f08cvpd2nm2whlfdcql5yy3lkw47z9ddm65y2mn7ray5w,kaspa:qp86wp4plg94qefe968y9tnzxwc5ays2c8vuskrsycya5flq8ezju7dg6pc2r,233.00037065
9ad60823e9ec0c91873d7ccb419a9ebd254e610b78b5212f095abd3c89e32895,2024-10-27T18:17:39.689000+00:00,kaspa:qp86wp4plg94qefe968y9tnzxwc5ays2c8vuskrsycya5flq8ezju7dg6pc2r,kaspa:pzmz7epg6jg7c9w6f08cvpd2nm2whlfdcql5yy3lkw47z9ddm65y2mn7ray5w,301.0
9ad60823e9ec0c91873d7ccb419a9ebd254e610b78b5212f095abd3c89e32895,2024-10-27T18:17:39.689000+00:00,kaspa:qp86wp4plg94qefe968y9tnzxwc5ays2c8vuskrsycya5flq8ezju7dg6pc2r,kaspa:qqkm7pcztna2mm8vfymvqwmrwrudxc6fmh6s7lfc7w8yhlz6ywnkvqutw3m8l,30.0
9ad60823e9ec0c91873d7ccb419a9ebd254e610b78b5212f095abd3c89e32895,2024-10-27T18:17:39.689000+00:00,kaspa:qp86wp4plg94qefe968y9tnzxwc5ays2c8vuskrsycya5flq8ezju7dg6pc2r,kaspa:qp86wp4plg94qefe968y9tnzxwc5ays2c8vuskrsycya5flq8ezju7dg6pc2r,89.86646113
07bbd60acc3964cb53be5b9f962212230f848e251fb8e9adb8ec80ccee5b3454,2024-10-27T18:16:45.083000+00:00,kaspa:qp2cwctzz6vz6794jp9zxq5atx3tjr4s3zaqpyy2xgdmvlced0cdxevpkcp5l,kaspa:qp86wp4plg94qefe968y9tnzxwc5ays2c8vuskrsycya5flq8ezju7dg6pc2r,400.0
d936783edd44b7db7ee4641fbd3692f10199794cbe466c74009c997a206969b7,2024-10-25T13:34:28.141000+00:00,kaspa:qp86wp4plg94qefe968y9tnzxwc5ays2c8vuskrsycya5flq8ezju7dg6pc2r,kaspa:pr6drzmvedhrttgmxmyywkyl2xl9zpgvvl8q3av0gnegrkpj2fr6yyqvxyrg0,221.0
d936783edd44b7db7ee4641fbd3692f10199794cbe466c74009c997a206969b7,2024-10-25T13:34:28.141000+00:00,kaspa:qp86wp4plg94qefe968y9tnzxwc5ays2c8vuskrsycya5flq8ezju7dg6pc2r,kaspa:qqkm7pcztna2mm8vfymvqwmrwrudxc6fmh6s7lfc7w8yhlz6ywnkvqutw3m8l,22.0
d936783edd44b7db7ee4641fbd3692f10199794cbe466c74009c997a206969b7,2024-10-25T13:34:28.141000+00:00,kaspa:qp86wp4plg94qefe968y9tnzxwc5ays2c8vuskrsycya5flq8ezju7dg6pc2r,kaspa:qp86wp4plg94qefe968y9tnzxwc5ays2c8vuskrsycya5flq8ezju7dg6pc2r,22.03205145
612a778489fcf212cbbdffa6311c427e7663844dddbce5e6787e0e9652c3dac3,2024-10-24T19:36:55.751000+00:00,kaspa:ppn59sy0xq2flmga6hfky5zul245478xkckaygf5l4elemu2zzjn6ej78chpj,kaspa:qp86wp4plg94qefe968y9tnzxwc5ays2c8vuskrsycya5flq8ezju7dg6pc2r,93.70827809
c154e270fb93cbad066cd024908be89349a0a8812b4dee1a6fdfbc8702ee1982,2024-10-24T19:04:03.062000+00:00,kaspa:qp86wp4plg94qefe968y9tnzxwc5ays2c8vuskrsycya5flq8ezju7dg6pc2r,kaspa:ppn59sy0xq2flmga6hfky5zul245478xkckaygf5l4elemu2zzjn6ej78chpj,301.0
c154e270fb93cbad066cd024908be89349a0a8812b4dee1a6fdfbc8702ee1982,2024-10-24T19:04:03.062000+00:00,kaspa:qp86wp4plg94qefe968y9tnzxwc5ays2c8vuskrsycya5flq8ezju7dg6pc2r,kaspa:qqkm7pcztna2mm8vfymvqwmrwrudxc6fmh6s7lfc7w8yhlz6ywnkvqutw3m8l,30.0
c154e270fb93cbad066cd024908be89349a0a8812b4dee1a6fdfbc8702ee1982,2024-10-24T19:04:03.062000+00:00,kaspa:qp86wp4plg94qefe968y9tnzxwc5ays2c8vuskrsycya5flq8ezju7dg6pc2r,kaspa:qp86wp4plg94qefe968y9tnzxwc5ays2c8vuskrsycya5flq8ezju7dg6pc2r,171.3238652
a5f288c5c1d4b0c0dacce9c75e91caca24fac8d259958fcb6aee81825fcb5477,2024-10-24T19:03:13.690000+00:00,kaspa:qp86wp4plg94qefe968y9tnzxwc5ays2c8vuskrsycya5flq8ezju7dg6pc2r,kaspa:qp86wp4plg94qefe968y9tnzxwc5ays2c8vuskrsycya5flq8ezju7dg6pc2r,503.08048202
59e714d79e42abb67533a78380e43b02b081b8d31b267e6e6e3d9a0337b5ee5f,2024-10-24T19:03:02.580000+00:00,kaspa:qp2cwctzz6vz6794jp9zxq5atx3tjr4s3zaqpyy2xgdmvlced0cdxevpkcp5l,kaspa:qp86wp4plg94qefe968y9tnzxwc5ays2c8vuskrsycya5flq8ezju7dg6pc2r,500.0
0e5d55adc34f3e6c7f5374293833792f58e6afb107fe3171b42970a168c12bc3,2024-10-22T17:05:47.630000+00:00,kaspa:pqlnklqevyw0kdlqwuss5t32cf8tecxldv0xyg8tvkp8qpqlgjpcwuukeuate,kaspa:qp86wp4plg94qefe968y9tnzxwc5ays2c8vuskrsycya5flq8ezju7dg6pc2r,5.0
3fc4aa14701cc152bb733fd4d10c6a6cd7675edb86742218ba9cf475b235a0ef,2024-10-22T17:05:44.103000+00:00,kaspa:qp86wp4plg94qefe968y9tnzxwc5ays2c8vuskrsycya5flq8ezju7dg6pc2r,kaspa:pqlnklqevyw0kdlqwuss5t32cf8tecxldv0xyg8tvkp8qpqlgjpcwuukeuate,6.35454484
3fc4aa14701cc152bb733fd4d10c6a6cd7675edb86742218ba9cf475b235a0ef,2024-10-22T17:05:44.103000+00:00,kaspa:qp86wp4plg94qefe968y9tnzxwc5ays2c8vuskrsycya5flq8ezju7dg6pc2r,kaspa:qp86wp4plg94qefe968y9tnzxwc5ays2c8vuskrsycya5flq8ezju7dg6pc2r,4.66076348
6931e3ea8a3cceea951faa55a17f4a1fb9cc04a01638beb4885884a31c8a76f9,2024-10-22T16:39:43.995000+00:00,kaspa:qp86wp4plg94qefe968y9tnzxwc5ays2c8vuskrsycya5flq8ezju7dg6pc2r,kaspa:ppsnlecsxq3h93hagp3nuxcvwycqvq0854m8mualmjjraq5983pe7sznqlk8d,41.0
6931e3ea8a3cceea951faa55a17f4a1fb9cc04a01638beb4885884a31c8a76f9,2024-10-22T16:39:43.995000+00:00,kaspa:qp86wp4plg94qefe968y9tnzxwc5ays2c8vuskrsycya5flq8ezju7dg6pc2r,kaspa:qqkm7pcztna2mm8vfymvqwmrwrudxc6fmh6s7lfc7w8yhlz6ywnkvqutw3m8l,4.0
6931e3ea8a3cceea951faa55a17f4a1fb9cc04a01638beb4885884a31c8a76f9,2024-10-22T16:39:43.995000+00:00,kaspa:qp86wp4plg94qefe968y9tnzxwc5ays2c8vuskrsycya5flq8ezju7dg6pc2r,kaspa:qp86wp4plg94qefe968y9tnzxwc5ays2c8vuskrsycya5flq8ezju7dg6pc2r,12.86697112
fa12814c1b40ade40ab7233b8eb411c1a81e4fc92acda5e77d161080aea2dd13,2024-10-22T16:09:11.626000+00:00,kaspa:qp86wp4plg94qefe968y9tnzxwc5ays2c8vuskrsycya5flq8ezju7dg6pc2r,kaspa:ppsnlecsxq3h93hagp3nuxcvwycqvq0854m8mualmjjraq5983pe7sznqlk8d,401.0
fa12814c1b40ade40ab7233b8eb411c1a81e4fc92acda5e77d161080aea2dd13,2024-10-22T16:09:11.626000+00:00,kaspa:qp86wp4plg94qefe968y9tnzxwc5ays2c8vuskrsycya5flq8ezju7dg6pc2r,kaspa:qqkm7pcztna2mm8vfymvqwmrwrudxc6fmh6s7lfc7w8yhlz6ywnkvqutw3m8l,40.0
fa12814c1b40ade40ab7233b8eb411c1a81e4fc92acda5e77d161080aea2dd13,2024-10-22T16:09:11.626000+00:00,kaspa:qp86wp4plg94qefe968y9tnzxwc5ays2c8vuskrsycya5flq8ezju7dg6pc2r,kaspa:qp86wp4plg94qefe968y9tnzxwc5ays2c8vuskrsycya5flq8ezju7dg6pc2r,58.63559973
0c425c4d6b7550ebeeba566073ee8a925c7aead44b555b140bf0ec2bd8ba97c5,2024-10-22T16:08:33.051000+00:00,kaspa:qp2cwctzz6vz6794jp9zxq5atx3tjr4s3zaqpyy2xgdmvlced0cdxevpkcp5l,kaspa:qp86wp4plg94qefe968y9tnzxwc5ays2c8vuskrsycya5flq8ezju7dg6pc2r,500.0
d5bcdb1ba3e1317d4c25a41f5f6d61f52dae0eb3e69ff206301d70e4a5145078,2024-10-21T00:52:29.986000+00:00,kaspa:qp86wp4plg94qefe968y9tnzxwc5ays2c8vuskrsycya5flq8ezju7dg6pc2r,kaspa:qp2cwctzz6vz6794jp9zxq5atx3tjr4s3zaqpyy2xgdmvlced0cdxevpkcp5l,105.97
4b29191f8700aa652333fad29d8e3913a05be1761bd933d846af6d5a8b19eb57,2024-10-21T00:52:20.266000+00:00,kaspa:qp86wp4plg94qefe968y9tnzxwc5ays2c8vuskrsycya5flq8ezju7dg6pc2r,kaspa:qp86wp4plg94qefe968y9tnzxwc5ays2c8vuskrsycya5flq8ezju7dg6pc2r,105.99947973
63f5dc54f97af58b01528b539cf007ecf5505344d0f1aebdd00e1fd92b02f3cd,2024-10-20T11:17:44.069000+00:00,kaspa:qp2cwctzz6vz6794jp9zxq5atx3tjr4s3zaqpyy2xgdmvlced0cdxevpkcp5l,kaspa:qp86wp4plg94qefe968y9tnzxwc5ays2c8vuskrsycya5flq8ezju7dg6pc2r,100.0
dd790418fcceb0a1b555f7dad137c1fadc32b0158f2c134fb1cd8b3930ce47a1,2024-10-16T12:23:45.558000+00:00,kaspa:pzlr3jwmvttw8l5c5flv8dfmrguxgw7qrrc20qddmm6nzf5f02uww39f2anqx,kaspa:qp86wp4plg94qefe968y9tnzxwc5ays2c8vuskrsycya5flq8ezju7dg6pc2r,5.0
fbee5fff9315513978260f3d9ee9f5040930fb8a7462fed55658108940e04e56,2024-10-16T12:23:36.686000+00:00,kaspa:qp86wp4plg94qefe968y9tnzxwc5ays2c8vuskrsycya5flq8ezju7dg6pc2r,kaspa:qzhpjs7tgcwyza308s7dp5pasc64wgm0ps8cf5nwzcwelujk50qxytkdw2n8w,5.00006
fbee5fff9315513978260f3d9ee9f5040930fb8a7462fed55658108940e04e56,2024-10-16T12:23:36.686000+00:00,kaspa:qp86wp4plg94qefe968y9tnzxwc5ays2c8vuskrsycya5flq8ezju7dg6pc2r,kaspa:qp86wp4plg94qefe968y9tnzxwc5ays2c8vuskrsycya5flq8ezju7dg6pc2r,0.99953763
b193ded5bf32108c527302a83527004b46d7770bf0db69b8868164514efdc32d,2024-10-15T23:57:04.598000+00:00,kaspa:pp2wqz4d40zs98xgpm6hhy6gqdgefza3wty78nnyzddef579568ncu7z3nw9z,kaspa:qp86wp4plg94qefe968y9tnzxwc5ays2c8vuskrsycya5flq8ezju7dg6pc2r,5.0
4ac784d8671842de6b7177cca4c847f1bffa0beee079378b1613f3ee3f545ea7,2024-10-15T23:57:02.525000+00:00,kaspa:qp86wp4plg94qefe968y9tnzxwc5ays2c8vuskrsycya5flq8ezju7dg6pc2r,kaspa:pp2wqz4d40zs98xgpm6hhy6gqdgefza3wty78nnyzddef579568ncu7z3nw9z,5.00003
4ac784d8671842de6b7177cca4c847f1bffa0beee079378b1613f3ee3f545ea7,2024-10-15T23:57:02.525000+00:00,kaspa:qp86wp4plg94qefe968y9tnzxwc5ays2c8vuskrsycya5flq8ezju7dg6pc2r,kaspa:qp86wp4plg94qefe968y9tnzxwc5ays2c8vuskrsycya5flq8ezju7dg6pc2r,0.99964494
907d79d4fc8a87182ff706cd464d36434cb15033d8530713aae7a4a454d2fb9a,2024-10-06T02:08:10.354000+00:00,kaspa:pzuvxj6jmc829862wls38lmpuygzjvs325u6hjm3ysr2ynfwh3k2wfgpwj5lz,kaspa:qp86wp4plg94qefe968y9tnzxwc5ays2c8vuskrsycya5flq8ezju7dg6pc2r,5.0
66b42aaf6d61bf45aab9760eea58e62c6553370d55395eeea30b497271c31960,2024-10-06T02:08:07.829000+00:00,kaspa:qp86wp4plg94qefe968y9tnzxwc5ays2c8vuskrsycya5flq8ezju7dg6pc2r,kaspa:pzuvxj6jmc829862wls38lmpuygzjvs325u6hjm3ysr2ynfwh3k2wfgpwj5lz,5.00003
66b42aaf6d61bf45aab9760eea58e62c6553370d55395eeea30b497271c31960,2024-10-06T02:08:07.829000+00:00,kaspa:qp86wp4plg94qefe968y9tnzxwc5ays2c8vuskrsycya5flq8ezju7dg6pc2r,kaspa:qp86wp4plg94qefe968y9tnzxwc5ays2c8vuskrsycya5flq8ezju7dg6pc2r,0.99972242
afce784fb333fd4f7585b2a4c42c38d7c41381ce428da8289d034bb9eaa69001,2024-09-22T05:52:41.611000+00:00,kaspa:qp86wp4plg94qefe968y9tnzxwc5ays2c8vuskrsycya5flq8ezju7dg6pc2r,kaspa:pphmukgxmemzuqq047ekttf7mmkxwedmy6nev0uuj6nlqhcv9rltg0ce8xwde,21.0
afce784fb333fd4f7585b2a4c42c38d7c41381ce428da8289d034bb9eaa69001,2024-09-22T05:52:41.611000+00:00,kaspa:qp86wp4plg94qefe968y9tnzxwc5ays2c8vuskrsycya5flq8ezju7dg6pc2r,kaspa:qqkm7pcztna2mm8vfymvqwmrwrudxc6fmh6s7lfc7w8yhlz6ywnkvqutw3m8l,2.0
afce784fb333fd4f7585b2a4c42c38d7c41381ce428da8289d034bb9eaa69001,2024-09-22T05:52:41.611000+00:00,kaspa:qp86wp4plg94qefe968y9tnzxwc5ays2c8vuskrsycya5flq8ezju7dg6pc2r,kaspa:qp86wp4plg94qefe968y9tnzxwc5ays2c8vuskrsycya5flq8ezju7dg6pc2r,5.99990743
e4e084429a078ba2f6b1fe4b9648e1997672946e3df5e5d8c88bd9bfc740f68b,2024-09-22T05:32:53.362000+00:00,kaspa:qp86wp4plg94qefe968y9tnzxwc5ays2c8vuskrsycya5flq8ezju7dg6pc2r,kaspa:pphmukgxmemzuqq047ekttf7mmkxwedmy6nev0uuj6nlqhcv9rltg0ce8xwde,201.0
e4e084429a078ba2f6b1fe4b9648e1997672946e3df5e5d8c88bd9bfc740f68b,2024-09-22T05:32:53.362000+00:00,kaspa:qp86wp4plg94qefe968y9tnzxwc5ays2c8vuskrsycya5flq8ezju7dg6pc2r,kaspa:qqkm7pcztna2mm8vfymvqwmrwrudxc6fmh6s7lfc7w8yhlz6ywnkvqutw3m8l,20.0
e4e084429a078ba2f6b1fe4b9648e1997672946e3df5e5d8c88bd9bfc740f68b,2024-09-22T05:32:53.362000+00:00,kaspa:qp86wp4plg94qefe968y9tnzxwc5ays2c8vuskrsycya5flq8ezju7dg6pc2r,kaspa:qp86wp4plg94qefe968y9tnzxwc5ays2c8vuskrsycya5flq8ezju7dg6pc2r,28.99997541
f8f9af44a31803e84de0b83db0c14c5452cae857a47dc92c1a199c3d6d5d0ad3,2024-09-22T05:32:26.467000+00:00,kaspa:qp2cwctzz6vz6794jp9zxq5atx3tjr4s3zaqpyy2xgdmvlced0cdxevpkcp5l,kaspa:qp86wp4plg94qefe968y9tnzxwc5ays2c8vuskrsycya5flq8ezju7dg6pc2r,250.0
1dabfcfd4b9662d305a6a8ebe36b6c2fc7cdb0af3effe5c044df0669376f4cba,2024-09-19T19:42:09.025000+00:00,kaspa:qp86wp4plg94qefe968y9tnzxwc5ays2c8vuskrsycya5flq8ezju7dg6pc2r,kaspa:qp2cwctzz6vz6794jp9zxq5atx3tjr4s3zaqpyy2xgdmvlced0cdxevpkcp5l,13.27
765d3bd421e07d9f49a5983aaae3896774b4e76e0bd2ccb00f15ce8352a5798f,2024-09-19T19:28:03.686000+00:00,kaspa:pz2mwmtj9slkwa532wa5c3c25kpj3pr9kp36rqdhu59mlh80mh9tx8cdu5s6p,kaspa:qp86wp4plg94qefe968y9tnzxwc5ays2c8vuskrsycya5flq8ezju7dg6pc2r,5.0
fa95069484b169337a09c0db03e7a93f93494cdf955e871e41a21b81ac7f6994,2024-09-19T19:27:58.901000+00:00,kaspa:qp86wp4plg94qefe968y9tnzxwc5ays2c8vuskrsycya5flq8ezju7dg6pc2r,kaspa:pz2mwmtj9slkwa532wa5c3c25kpj3pr9kp36rqdhu59mlh80mh9tx8cdu5s6p,6.46674721
fa95069484b169337a09c0db03e7a93f93494cdf955e871e41a21b81ac7f6994,2024-09-19T19:27:58.901000+00:00,kaspa:qp86wp4plg94qefe968y9tnzxwc5ays2c8vuskrsycya5flq8ezju7dg6pc2r,kaspa:qp86wp4plg94qefe968y9tnzxwc5ays2c8vuskrsycya5flq8ezju7dg6pc2r,8.29885137
9f23bbe3a8f14b3653d7d581a90cddcca489f070be53bf0fed23daf026c3bde0,2024-09-19T19:27:14.478000+00:00,kaspa:qq5wk4huq5ccmkwru080kakcxuvq9mjwg0nsectls74802nuxtc07v6v0runf,kaspa:qp86wp4plg94qefe968y9tnzxwc5ays2c8vuskrsycya5flq8ezju7dg6pc2r,10.0
46f460d45edad9557aeb727493db2bff9db9206628348d6d7c52beaac1499ccd,2024-09-19T02:12:37.685000+00:00,kaspa:qp86wp4plg94qefe968y9tnzxwc5ays2c8vuskrsycya5flq8ezju7dg6pc2r,kaspa:pzk97wh53m6clfymrmghlseztj75k5l2phkwcg0sgweqrpxrf8qnxv5625led,48.0
46f460d45edad9557aeb727493db2bff9db9206628348d6d7c52beaac1499ccd,2024-09-19T02:12:37.685000+00:00,kaspa:qp86wp4plg94qefe968y9tnzxwc5ays2c8vuskrsycya5flq8ezju7dg6pc2r,kaspa:qqkm7pcztna2mm8vfymvqwmrwrudxc6fmh6s7lfc7w8yhlz6ywnkvqutw3m8l,4.7
46f460d45edad9557aeb727493db2bff9db9206628348d6d7c52beaac1499ccd,2024-09-19T02:12:37.685000+00:00,kaspa:qp86wp4plg94qefe968y9tnzxwc5ays2c8vuskrsycya5flq8ezju7dg6pc2r,kaspa:qp86wp4plg94qefe968y9tnzxwc5ays2c8vuskrsycya5flq8ezju7dg6pc2r,7.08672604
7222b8280ca8fdd6fd977d2fc6b608ab1b6c60a5ff0667fd654c4d21fa0c1524,2024-09-17T03:54:06.516000+00:00,kaspa:pp2y64t9ugnrfa2dgngcrls7qrtdw267rcqqpa4tpk2zmsrrxj7avnem83rx0,kaspa:qp86wp4plg94qefe968y9tnzxwc5ays2c8vuskrsycya5flq8ezju7dg6pc2r,5.0
2e849ba1cf4397c49e24834e14558026a88c76a0369a9ee375b8d8ca7eaee428,2024-09-17T03:54:03.499000+00:00,kaspa:qp86wp4plg94qefe968y9tnzxwc5ays2c8vuskrsycya5flq8ezju7dg6pc2r,kaspa:pp2y64t9ugnrfa2dgngcrls7qrtdw267rcqqpa4tpk2zmsrrxj7avnem83rx0,5.00003
2e849ba1cf4397c49e24834e14558026a88c76a0369a9ee375b8d8ca7eaee428,2024-09-17T03:54:03.499000+00:00,kaspa:qp86wp4plg94qefe968y9tnzxwc5ays2c8vuskrsycya5flq8ezju7dg6pc2r,kaspa:qp86wp4plg94qefe968y9tnzxwc5ays2c8vuskrsycya5flq8ezju7dg6pc2r,54.78676181
8e911b4dee9cdb6e0c29896820bfb1d6a442f0f4fed0864269294d47e6df2401,2024-09-17T03:53:30.524000+00:00,kaspa:ppqawmzj83t0ly0mm0fmgjfpjqr6gwy96sc8pefr58l5xrdfvu8qv009ncret,kaspa:qp86wp4plg94qefe968y9tnzxwc5ays2c8vuskrsycya5flq8ezju7dg6pc2r,5.0
e2ffebcf705cf37987539b06ec7c25377b33fe06ae90d8f77c96df00eb59bb56,2024-09-17T03:53:23.166000+00:00,kaspa:qp86wp4plg94qefe968y9tnzxwc5ays2c8vuskrsycya5flq8ezju7dg6pc2r,kaspa:ppqawmzj83t0ly0mm0fmgjfpjqr6gwy96sc8pefr58l5xrdfvu8qv009ncret,5.00003
e2ffebcf705cf37987539b06ec7c25377b33fe06ae90d8f77c96df00eb59bb56,2024-09-17T03:53:23.166000+00:00,kaspa:qp86wp4plg94qefe968y9tnzxwc5ays2c8vuskrsycya5flq8ezju7dg6pc2r,kaspa:qp86wp4plg94qefe968y9tnzxwc5ays2c8vuskrsycya5flq8ezju7dg6pc2r,54.78683929
ee5f03a938e460f0b8870ab849a019a75089aeeab0f9fa2618cb549e34804fd4,2024-09-15T21:17:58.892000+00:00,kaspa:qp86wp4plg94qefe968y9tnzxwc5ays2c8vuskrsycya5flq8ezju7dg6pc2r,kaspa:pqswvskj2wce8jm04s5prsr70a7hqt7wczsty7hjtqfz4n35ww7c236yveg7j,351.0
ee5f03a938e460f0b8870ab849a019a75089aeeab0f9fa2618cb549e34804fd4,2024-09-15T21:17:58.892000+00:00,kaspa:qp86wp4plg94qefe968y9tnzxwc5ays2c8vuskrsycya5flq8ezju7dg6pc2r,kaspa:qqkm7pcztna2mm8vfymvqwmrwrudxc6fmh6s7lfc7w8yhlz6ywnkvqutw3m8l,35.0
ee5f03a938e460f0b8870ab849a019a75089aeeab0f9fa2618cb549e34804fd4,2024-09-15T21:17:58.892000+00:00,kaspa:qp86wp4plg94qefe968y9tnzxwc5ays2c8vuskrsycya5flq8ezju7dg6pc2r,kaspa:qp86wp4plg94qefe968y9tnzxwc5ays2c8vuskrsycya5flq8ezju7dg6pc2r,59.7869
5074fdd697d706315ed093b5aeaa43781e1eaa527a9afca7e044feb84b27625a,2024-09-15T20:27:53.736000+00:00,kaspa:qp86wp4plg94qefe968y9tnzxwc5ays2c8vuskrsycya5flq8ezju7dg6pc2r,kaspa:pqswvskj2wce8jm04s5prsr70a7hqt7wczsty7hjtqfz4n35ww7c236yveg7j,201.0
5074fdd697d706315ed093b5aeaa43781e1eaa527a9afca7e044feb84b27625a,2024-09-15T20:27:53.736000+00:00,kaspa:qp86wp4plg94qefe968y9tnzxwc5ays2c8vuskrsycya5flq8ezju7dg6pc2r,kaspa:qqkm7pcztna2mm8vfymvqwmrwrudxc6fmh6s7lfc7w8yhlz6ywnkvqutw3m8l,20.0
5074fdd697d706315ed093b5aeaa43781e1eaa527a9afca7e044feb84b27625a,2024-09-15T20:27:53.736000+00:00,kaspa:qp86wp4plg94qefe968y9tnzxwc5ays2c8vuskrsycya5flq8ezju7dg6pc2r,kaspa:qp86wp4plg94qefe968y9tnzxwc5ays2c8vuskrsycya5flq8ezju7dg6pc2r,446.40165
4b3f6790ec9969f14d1dfddca0ee2097ff3684b78cbef09800084220ac458728,2024-09-15T15:12:57.933000+00:00,kaspa:qp86wp4plg94qefe968y9tnzxwc5ays2c8vuskrsycya5flq8ezju7dg6pc2r,kaspa:ppfwsrd7e26a3q0uxju95tgcauyrtx33l8nze5v57v3zv334v73c5clmvfcd2,301.0
4b3f6790ec9969f14d1dfddca0ee2097ff3684b78cbef09800084220ac458728,2024-09-15T15:12:57.933000+00:00,kaspa:qp86wp4plg94qefe968y9tnzxwc5ays2c8vuskrsycya5flq8ezju7dg6pc2r,kaspa:qqkm7pcztna2mm8vfymvqwmrwrudxc6fmh6s7lfc7w8yhlz6ywnkvqutw3m8l,30.0
4b3f6790ec9969f14d1dfddca0ee2097ff3684b78cbef09800084220ac458728,2024-09-15T15:12:57.933000+00:00,kaspa:qp86wp4plg94qefe968y9tnzxwc5ays2c8vuskrsycya5flq8ezju7dg6pc2r,kaspa:qp86wp4plg94qefe968y9tnzxwc5ays2c8vuskrsycya5flq8ezju7dg6pc2r,667.7705
4d5072ad46633f7be071a178f434611a10f1e35ee0aadd8fb4f90f5ef70c9a54,2024-09-15T14:32:33.690000+00:00,kaspa:qq5wk4huq5ccmkwru080kakcxuvq9mjwg0nsectls74802nuxtc07v6v0runf,kaspa:qp86wp4plg94qefe968y9tnzxwc5ays2c8vuskrsycya5flq8ezju7dg6pc2r,1000.0
