tx_id,timestamp,sender,recipient,amount_kas
27f65b3a1c8e6c9d526dd0139d4453a6c5ed02dbfab34684b56a63bb44b4d1c7,2025-08-30T06:38:19.588000+00:00,kaspa:pzu94xur5luuyathc8plzepmlzg3p4pucz5hejfp6srtm0dahvdr5vwswm8vn,kaspa:qzn29emflgvea47f63axr780qurrllye2jas7kt2ww9js4uzy23zxy3knw05a,5.0
ebf5b459115fa9a1bd1f6f2b33d3dac35f1c86e79421bb6ecfa46cddf74d111f,2025-08-30T06:38:17.558000+00:00,kaspa:qzn29emflgvea47f63axr780qurrllye2jas7kt2ww9js4uzy23zxy3knw05a,kaspa:qp56yut3hznsz0tm3ntcx90vuhn5yxs6xat35twf6w4ymg5g4r3xk9jhh7k8a,225.00009
ebf5b459115fa9a1bd1f6f2b33d3dac35f1c86e79421bb6ecfa46cddf74d111f,2025-08-30T06:38:17.558000+00:00,kaspa:qzn29emflgvea47f63axr780qurrllye2jas7kt2ww9js4uzy23zxy3knw05a,kaspa:qzn29emflgvea47f63axr780qurrllye2jas7kt2ww9js4uzy23zxy3knw05a,6501.94983788
41a71ca596179ad0a70c499e299bbc8b5769756c580a1640cad45207b86f72e9,2025-08-30T06:17:10.886000+00:00,kaspa:pzye4g9vrny0r9pkug92fk9vu5tqqdsj3ymdxv4y2ng8lrc4w50qcewv24pkd,kaspa:qzn29emflgvea47f63axr780qurrllye2jas7kt2ww9js4uzy23zxy3knw05a,5.0
905e957c1de3e3a004c668ae02ac3ff35c8b466f59244f2b3dc1653abd66d621,2025-08-30T06:17:06.853000+00:00,kaspa:qzn29emflgvea47f63axr780qurrllye2jas7kt2ww9js4uzy23zxy3knw05a,kaspa:qrwnplv99cw8j5hrhwjgcch3prjeefrclsat80nwcnky5ll8zc45jmem2g8z4,405.00009
905e957c1de3e3a004c668ae02ac3ff35c8b466f59244f2b3dc1653abd66d621,2025-08-30T06:17:06.853000+00:00,kaspa:qzn29emflgvea47f63axr780qurrllye2jas7kt2ww9js4uzy23zxy3knw05a,kaspa:qzn29emflgvea47f63axr780qurrllye2jas7kt2ww9js4uzy23zxy3knw05a,6721.94997519
1a43067091ba3dc87c114fc27e1e2ae50c0397144653fb11c1f681410502223c,2025-08-28T04:45:26.004000+00:00,kaspa:pqr0vkktugps0lu5gu09tmd8jrqsl2n7459zukdfhq94n8e66d4e5jfszaw2k,kaspa:qzn29emflgvea47f63axr780qurrllye2jas7kt2ww9js4uzy23zxy3knw05a,5.0
afb69e04d792ac65c21e654c16ad788c4e4a8d1971c97fa501fb7005defa560a,2025-08-28T04:45:22.927000+00:00,kaspa:qzn29emflgvea47f63axr780qurrllye2jas7kt2ww9js4uzy23zxy3knw05a,kaspa:qr6lhyll3zx3wl4qcqhe3rfcvlggfhnku7lj3teryxr89eulv87jkldst2j8l,5.00006
afb69e04d792ac65c21e654c16ad788c4e4a8d1971c97fa501fb7005defa560a,2025-08-28T04:45:22.927000+00:00,kaspa:qzn29emflgvea47f63axr780qurrllye2jas7kt2ww9js4uzy23zxy3knw05a,kaspa:qzn29emflgvea47f63axr780qurrllye2jas7kt2ww9js4uzy23zxy3knw05a,7121.9501125
027965a3c6c3a940a423318d24a1ed0a23ec6e2459c06d621a7f36962a339031,2025-08-28T04:44:10.414000+00:00,kaspa:pz5e9y2qr5lfqtdpjqtdyx66uxd2v9u7lx5jq6d65ep8unqeqc7zxvsdp5nep,kaspa:qzn29emflgvea47f63axr780qurrllye2jas7kt2ww9js4uzy23zxy3knw05a,5.0
58c6a1212bd50ee008ce9ec141b336ebca16a0f78b2e34b59d1da4d5f1d6867f,2025-08-28T04:44:04.240000+00:00,kaspa:qzn29emflgvea47f63axr780qurrllye2jas7kt2ww9js4uzy23zxy3knw05a,kaspa:qq02fwmjft0ae0g4hkwhlf0dj70r353868g947xdqjkm9fwknv9tq92znzujy,5.00006
58c6a1212bd50ee008ce9ec141b336ebca16a0f78b2e34b59d1da4d5f1d6867f,2025-08-28T04:44:04.240000+00:00,kaspa:qzn29emflgvea47f63axr780qurrllye2jas7kt2ww9js4uzy23zxy3knw05a,kaspa:qzn29emflgvea47f63axr780qurrllye2jas7kt2ww9js4uzy23zxy3knw05a,7121.95021981
3f67abc79e265484768a5e56f0c9e550f4d41043f0455a0692b56ca1f0953d88,2025-08-27T17:29:29.696000+00:00,kaspa:ppmekkyshnj0yj3s4lmnp20d5tqxrvfqlcatu4mrgs36m09suh425nwf5wgwp,kaspa:qzn29emflgvea47f63axr780qurrllye2jas7kt2ww9js4uzy23zxy3knw05a,5.0
4ef840666619b6bd27f5b38cf2ede7fc59a0e08e5ed15b29920bdb9856cf4fd1,2025-08-27T17:29:26.421000+00:00,kaspa:qzn29emflgvea47f63axr780qurrllye2jas7kt2ww9js4uzy23zxy3knw05a,kaspa:qzghjn5tew0cp4jgf97udyd696vrgjmfj7lgtcwzfkrr3dyfgu5kwmzq0h39n,5.00006
4ef840666619b6bd27f5b38cf2ede7fc59a0e08e5ed15b29920bdb9856cf4fd1,2025-08-27T17:29:26.421000+00:00,kaspa:qzn29emflgvea47f63axr780qurrllye2jas7kt2ww9js4uzy23zxy3knw05a,kaspa:qzn29emflgvea47f63axr780qurrllye2jas7kt2ww9js4uzy23zxy3knw05a,7121.95032712
571939bce984f3965195d42f11a30032fee22d8a6be2397318d73f3a4272fd1d,2025-08-27T17:29:01.625000+00:00,kaspa:pp0jlcu9tt8g7948xatnv98kxczyc23egmjg6jv3gul6mq0l7n7ygyfet34nw,kaspa:qzn29emflgvea47f63axr780qurrllye2jas7kt2ww9js4uzy23zxy3knw05a,5.0
e4cfb41591b2bcd884e7081ed0b16804d1d5082b30949b7f24eaf5713e7125fd,2025-08-27T17:28:58.248000+00:00,kaspa:qzn29emflgvea47f63axr780qurrllye2jas7kt2ww9js4uzy23zxy3knw05a,kaspa:qqhpvuf222379rfm3ch9ynnj69hw3erem2qcww7kvj4upjq2pc9dyjcw6vzhe,5.00006
e4cfb41591b2bcd884e7081ed0b16804d1d5082b30949b7f24eaf5713e7125fd,2025-08-27T17:28:58.248000+00:00,kaspa:qzn29emflgvea47f63axr780qurrllye2jas7kt2ww9js4uzy23zxy3knw05a,kaspa:qzn29emflgvea47f63axr780qurrllye2jas7kt2ww9js4uzy23zxy3knw05a,7121.95043443
3641b2bec09d75c141750427bc79cc7216a16f3a63c08e065c1650a3bb160230,2025-08-27T17:28:38.831000+00:00,kaspa:pz86mne5q8acn7wm4xkhf3p6yrhl638890sr8wqrm8txpn2dea8s766vdgnpf,kaspa:qzn29emflgvea47f63axr780qurrllye2jas7kt2ww9js4uzy23zxy3knw05a,5.0
3d913e5db7a9e92ef7f64f9e93bb00e0362c8979fc363cd3d882569452e3d9ba,2025-08-27T17:28:34.629000+00:00,kaspa:qzn29emflgvea47f63axr780qurrllye2jas7kt2ww9js4uzy23zxy3knw05a,kaspa:qq98q567ezfd5pprjv3q2qxtdrdncvkeq024f45w9qa5sg37eq58y8rpt70h5,5.00006
3d913e5db7a9e92ef7f64f9e93bb00e0362c8979fc363cd3d882569452e3d9ba,2025-08-27T17:28:34.629000+00:00,kaspa:qzn29emflgvea47f63axr780qurrllye2jas7kt2ww9js4uzy23zxy3knw05a,kaspa:qzn29emflgvea47f63axr780qurrllye2jas7kt2ww9js4uzy23zxy3knw05a,7121.95054174
8c754bc4803cfacc169506c82d85e5313312b6730f5ac6314c2ff8f65021b77f,2025-08-27T17:28:20.394000+00:00,kaspa:pqw7fl22a7lgvyulxvshmygkn0yu6zy6ppgj709kt5sqaayv02w0234lmyd3m,kaspa:qzn29emflgvea47f63axr780qurrllye2jas7kt2ww9js4uzy23zxy3knw05a,5.0
c2d2ee54be22fc0ac003717e48665a6d481d3b658fac7a206dc07f7663619784,2025-08-27T17:28:16.533000+00:00,kaspa:qzn29emflgvea47f63axr780qurrllye2jas7kt2ww9js4uzy23zxy3knw05a,kaspa:qrgmgddfv04slyxpgpvjne2cjxtz458v95sl4gvr6lrgfy5qdmvtwsz0tl649,5.00006
c2d2ee54be22fc0ac003717e48665a6d481d3b658fac7a206dc07f7663619784,2025-08-27T17:28:16.533000+00:00,kaspa:qzn29emflgvea47f63axr780qurrllye2jas7kt2ww9js4uzy23zxy3knw05a,kaspa:qzn29emflgvea47f63axr780qurrllye2jas7kt2ww9js4uzy23zxy3knw05a,7121.95064905
b778eb186bf040ae6383559e4a014792315991facd8ca3b32cd99887d38086d5,2025-08-27T17:27:52.208000+00:00,kaspa:pz93af8qg0kgl88chfrguc7rc4q9hzzx44vnex257xd6vuszzdxr706xg0cm6,kaspa:qzn29emflgvea47f63axr780qurrllye2jas7kt2ww9js4uzy23zxy3knw05a,5.0
ecc01c6be6b312ae6e9ac664b2a5be8f4232ddb81e2f77c5ecf14b4af9d0d762,2025-08-27T17:27:49.886000+00:00,kaspa:qzn29emflgvea47f63axr780qurrllye2jas7kt2ww9js4uzy23zxy3knw05a,kaspa:qp2euj7hag0hshf39w5unfdma53n9jg3fxqadeukhjh42sll07kjs0gj3k5qk,5.00006
ecc01c6be6b312ae6e9ac664b2a5be8f4232ddb81e2f77c5ecf14b4af9d0d762,2025-08-27T17:27:49.886000+00:00,kaspa:qzn29emflgvea47f63axr780qurrllye2jas7kt2ww9js4uzy23zxy3knw05a,kaspa:qzn29emflgvea47f63axr780qurrllye2jas7kt2ww9js4uzy23zxy3knw05a,7121.95075636
81158ef582a7a553551d10531649f2970d4ce1616d39941430573a27464bcbc9,2025-08-27T17:27:40.708000+00:00,kaspa:pqasezgchvn78aksvkhmwts9w393lagh0094nu9hu4lkqu32hj7sxsg3nzf7g,kaspa:qzn29emflgvea47f63axr780qurrllye2jas7kt2ww9js4uzy23zxy3knw05a,5.0
76156a00973c3eff49b07553e3881eb35f3fce7b9c4e419f235c9f0cc162d606,2025-08-27T17:27:38.531000+00:00,kaspa:qzn29emflgvea47f63axr780qurrllye2jas7kt2ww9js4uzy23zxy3knw05a,kaspa:qqrz6gsgyckqlxq4erk929h0v6tfkd9zzantur5mzyyf3q5mrlmcuzngstwe8,5.00006
76156a00973c3eff49b07553e3881eb35f3fce7b9c4e419f235c9f0cc162d606,2025-08-27T17:27:38.531000+00:00,kaspa:qzn29emflgvea47f63axr780qurrllye2jas7kt2ww9js4uzy23zxy3knw05a,kaspa:qzn29emflgvea47f63axr780qurrllye2jas7kt2ww9js4uzy23zxy3knw05a,7121.95086367
71bbf546b521ee3f10054069598b87abc2d6319dbea18abd0bcad45d64d0eafe,2025-08-27T04:39:09.340000+00:00,kaspa:prcvyynk8n83nxrx3rgyehlsgschum3jaq6n82yu0namnr2kggvpwq6453r4y,kaspa:qzn29emflgvea47f63axr780qurrllye2jas7kt2ww9js4uzy23zxy3knw05a,5.0
5966bb629cddd2aff98d9dd7e795138f6877cd79391ff8ba6c8a1e2405a80716,2025-08-27T04:39:07.717000+00:00,kaspa:qzn29emflgvea47f63axr780qurrllye2jas7kt2ww9js4uzy23zxy3knw05a,kaspa:prcvyynk8n83nxrx3rgyehlsgschum3jaq6n82yu0namnr2kggvpwq6453r4y,5.00003
5966bb629cddd2aff98d9dd7e795138f6877cd79391ff8ba6c8a1e2405a80716,2025-08-27T04:39:07.717000+00:00,kaspa:qzn29emflgvea47f63axr780qurrllye2jas7kt2ww9js4uzy23zxy3knw05a,kaspa:qzn29emflgvea47f63axr780qurrllye2jas7kt2ww9js4uzy23zxy3knw05a,7121.95097098
6bbf546c973b69e343609e8d0b1e90562885f637e41d81011d233878bb0b8eb1,2025-08-26T16:59:10.447000+00:00,kaspa:ppufgpgw6rxtf0jnwsjeuhreg49kxfu9akk6jtyz69suua779wv5x6fa5x2qk,kaspa:qzn29emflgvea47f63axr780qurrllye2jas7kt2ww9js4uzy23zxy3knw05a,5.0
85a021719ef7fcd472819d59b4d34d70bf680d730b3d69fe92042bd4e4e2ae94,2025-08-26T16:59:10.078000+00:00,kaspa:qzn29emflgvea47f63axr780qurrllye2jas7kt2ww9js4uzy23zxy3knw05a,kaspa:ppufgpgw6rxtf0jnwsjeuhreg49kxfu9akk6jtyz69suua779wv5x6fa5x2qk,5.00003
85a021719ef7fcd472819d59b4d34d70bf680d730b3d69fe92042bd4e4e2ae94,2025-08-26T16:59:10.078000+00:00,kaspa:qzn29emflgvea47f63axr780qurrllye2jas7kt2ww9js4uzy23zxy3knw05a,kaspa:qzn29emflgvea47f63axr780qurrllye2jas7kt2ww9js4uzy23zxy3knw05a,7121.95104846
21e29df40678dc7581b683070d462ecdda663991730fce35e40a0598f5f1e6ed,2025-08-26T14:35:55.969000+00:00,kaspa:prhp9d4rzr0e8m0jgkq6vh9x4utttwysqfnavhy9kqq792hkgs72q3x089u60,kaspa:qzn29emflgvea47f63axr780qurrllye2jas7kt2ww9js4uzy23zxy3knw05a,5.0
cd4c776585019a72c27d70c62d47506498267bfaebbfbf50e5cc4a36a4a65f81,2025-08-26T14:35:54.587000+00:00,kaspa:qzn29emflgvea47f63axr780qurrllye2jas7kt2ww9js4uzy23zxy3knw05a,kaspa:prhp9d4rzr0e8m0jgkq6vh9x4utttwysqfnavhy9kqq792hkgs72q3x089u60,5.00003
cd4c776585019a72c27d70c62d47506498267bfaebbfbf50e5cc4a36a4a65f81,2025-08-26T14:35:54.587000+00:00,kaspa:qzn29emflgvea47f63axr780qurrllye2jas7kt2ww9js4uzy23zxy3knw05a,kaspa:qzn29emflgvea47f63axr780qurrllye2jas7kt2ww9js4uzy23zxy3knw05a,7121.95112594
0a5f1a20bb4d735a1be3ecfafd11293e78ac0986a8779d37d30e1d09e0772c44,2025-08-26T14:27:41.636000+00:00,kaspa:qq3hn36n8wzdfq6h45muu77z3a6pmuqwkmuw42dccpkucx9frdcx73d39fc2k,kaspa:qzn29emflgvea47f63axr780qurrllye2jas7kt2ww9js4uzy23zxy3knw05a,628.9
0a5f1a20bb4d735a1be3ecfafd11293e78ac0986a8779d37d30e1d09e0772c44,2025-08-26T14:27:41.636000+00:00,kaspa:qq3hn36n8wzdfq6h45muu77z3a6pmuqwkmuw42dccpkucx9frdcx73d39fc2k,kaspa:qpjujc5v7f3fuglp4nadamx37gaqxzh6fqk3xx2sh5g7g5g3y7yu2w8pfwcwa,33.1
5b1ba2b96e2c8b9f81cbe8c43f9d78a4549fb2355c482359191b6699aab10c31,2025-08-26T14:01:23.284000+00:00,kaspa:pz89rxhnd00frd3pdgnlm6gw0cza2vmx2h56ck097urtnqzqa5l7c3n7ultgg,kaspa:qzn29emflgvea47f63axr780qurrllye2jas7kt2ww9js4uzy23zxy3knw05a,5.0
8f12b8d4a1c32d6660122792782544a1da79f7d0a59c573fc44cc0c8ac75a5e2,2025-08-26T14:01:21.797000+00:00,kaspa:qzn29emflgvea47f63axr780qurrllye2jas7kt2ww9js4uzy23zxy3knw05a,kaspa:pz89rxhnd00frd3pdgnlm6gw0cza2vmx2h56ck097urtnqzqa5l7c3n7ultgg,5.00003
8f12b8d4a1c32d6660122792782544a1da79f7d0a59c573fc44cc0c8ac75a5e2,2025-08-26T14:01:21.797000+00:00,kaspa:qzn29emflgvea47f63axr780qurrllye2jas7kt2ww9js4uzy23zxy3knw05a,kaspa:qzn29emflgvea47f63axr780qurrllye2jas7kt2ww9js4uzy23zxy3knw05a,7121.95120342
a9c3f779e416b14c92ed4f260bea21634b961026c85835577ddce218cafe615d,2025-08-26T13:37:28.104000+00:00,kaspa:qpfvwnrygm4xvdpvfzhzr5ylhgzuj0wx3jlccs7zkvcqrqffghgxvplnajcnd,kaspa:qzn29emflgvea47f63axr780qurrllye2jas7kt2ww9js4uzy23zxy3knw05a,617.5
a9c3f779e416b14c92ed4f260bea21634b961026c85835577ddce218cafe615d,2025-08-26T13:37:28.104000+00:00,kaspa:qpfvwnrygm4xvdpvfzhzr5ylhgzuj0wx3jlccs7zkvcqrqffghgxvplnajcnd,kaspa:qpjujc5v7f3fuglp4nadamx37gaqxzh6fqk3xx2sh5g7g5g3y7yu2w8pfwcwa,32.5
6e486b02b1202dcfe8c2d44694571f2798e33714b2299fe452e2b2e71e16c477,2025-08-26T13:20:17.907000+00:00,kaspa:pqq04lwgzkp8puky7tftqgd8kyy5yj6z5r8zcqtp6gq4lx9lncnrzrxpzn39s,kaspa:qzn29emflgvea47f63axr780qurrllye2jas7kt2ww9js4uzy23zxy3knw05a,5.0
3f912fdb741601008d09b05634c04fd8462ffb0e4dcaa87cf01d774b2e302c66,2025-08-26T13:20:16.933000+00:00,kaspa:qzn29emflgvea47f63axr780qurrllye2jas7kt2ww9js4uzy23zxy3knw05a,kaspa:pqq04lwgzkp8puky7tftqgd8kyy5yj6z5r8zcqtp6gq4lx9lncnrzrxpzn39s,5.00003
3f912fdb741601008d09b05634c04fd8462ffb0e4dcaa87cf01d774b2e302c66,2025-08-26T13:20:16.933000+00:00,kaspa:qzn29emflgvea47f63axr780qurrllye2jas7kt2ww9js4uzy23zxy3knw05a,kaspa:qzn29emflgvea47f63axr780qurrllye2jas7kt2ww9js4uzy23zxy3knw05a,7121.9512809
2d38a5b47301f07715df78166828e884c22218880873ca00d11ace5ddc1495ce,2025-08-26T11:02:20.252000+00:00,kaspa:pz07h0u5puyx886rljw2vg9yll259khu53cqrgwq58lrxlmlra6ycn7cx09rq,kaspa:qzn29emflgvea47f63axr780qurrllye2jas7kt2ww9js4uzy23zxy3knw05a,5.0
600bea21b09ca7ef0b6c5e6a5e85d25e9e050970fdabc278e1c9f8399e5ec123,2025-08-26T11:02:18.768000+00:00,kaspa:qzn29emflgvea47f63axr780qurrllye2jas7kt2ww9js4uzy23zxy3knw05a,kaspa:pz07h0u5puyx886rljw2vg9yll259khu53cqrgwq58lrxlmlra6ycn7cx09rq,5.00003
600bea21b09ca7ef0b6c5e6a5e85d25e9e050970fdabc278e1c9f8399e5ec123,2025-08-26T11:02:18.768000+00:00,kaspa:qzn29emflgvea47f63axr780qurrllye2jas7kt2ww9js4uzy23zxy3knw05a,kaspa:qzn29emflgvea47f63axr780qurrllye2jas7kt2ww9js4uzy23zxy3knw05a,7121.95135838
e5145e5b9aec24c768623617c4fa96d9b96e61984f3d4327b8fa0ee7b59e9236,2025-08-26T10:49:44.592000+00:00,kaspa:qq62m04xvst2qqqjmszm3alsvvz4avq8jqg2uar6q59tpl8frknjvpa6n8hfz,kaspa:qzn29emflgvea47f63axr780qurrllye2jas7kt2ww9js4uzy23zxy3knw05a,332.5
e5145e5b9aec24c768623617c4fa96d9b96e61984f3d4327b8fa0ee7b59e9236,2025-08-26T10:49:44.592000+00:00,kaspa:qq62m04xvst2qqqjmszm3alsvvz4avq8jqg2uar6q59tpl8frknjvpa6n8hfz,kaspa:qpjujc5v7f3fuglp4nadamx37gaqxzh6fqk3xx2sh5g7g5g3y7yu2w8pfwcwa,17.5
616a62a6f6ae6b7bec6d4440d4ec80e880fb694b1b8259f88c7410bcfd38babe,2025-08-26T10:22:36.836000+00:00,kaspa:pze30276jskwtfdv0elcfzl9xr3ley78fsdn8fy93ty5f8mvv0pksla034sug,kaspa:qzn29emflgvea47f63axr780qurrllye2jas7kt2ww9js4uzy23zxy3knw05a,5.0
353d9dae2eb47559e41fce0795a7f5fd3bfd967d466bfb035ae448f8ae7a4cf5,2025-08-26T10:22:35.144000+00:00,kaspa:qzn29emflgvea47f63axr780qurrllye2jas7kt2ww9js4uzy23zxy3knw05a,kaspa:pze30276jskwtfdv0elcfzl9xr3ley78fsdn8fy93ty5f8mvv0pksla034sug,5.00003
353d9dae2eb47559e41fce0795a7f5fd3bfd967d466bfb035ae448f8ae7a4cf5,2025-08-26T10:22:35.144000+00:00,kaspa:qzn29emflgvea47f63axr780qurrllye2jas7kt2ww9js4uzy23zxy3knw05a,kaspa:qzn29emflgvea47f63axr780qurrllye2jas7kt2ww9js4uzy23zxy3knw05a,7121.95143586
11b68a35656e938d7fd9aa209b84dc08b61a5b6abaea16af9c04a0a928bc3494,2025-08-26T10:21:34.046000+00:00,kaspa:pqvzph59d2836ryxnmf0klqmg0azr4tv3pswlxz0nvcr9kymkzrh5sla9n8hg,kaspa:qzn29emflgvea47f63axr780qurrllye2jas7kt2ww9js4uzy23zxy3knw05a,5.0
82c133a65cef9e661ad7a8d73515943a60378b1e8abb5b352055b4e135ced2f8,2025-08-26T10:21:33.284000+00:00,kaspa:qzn29emflgvea47f63axr780qurrllye2jas7kt2ww9js4uzy23zxy3knw05a,kaspa:pqvzph59d2836ryxnmf0klqmg0azr4tv3pswlxz0nvcr9kymkzrh5sla9n8hg,5.00003
82c133a65cef9e661ad7a8d73515943a60378b1e8abb5b352055b4e135ced2f8,2025-08-26T10:21:33.284000+00:00,kaspa:qzn29emflgvea47f63axr780qurrllye2jas7kt2ww9js4uzy23zxy3knw05a,kaspa:qzn29emflgvea47f63axr780qurrllye2jas7kt2ww9js4uzy23zxy3knw05a,7121.95151334
732d5fbda86a01e8b756dd501dc7e83487eaebb7e1192427dcdd8eaa5709ab94,2025-08-26T10:18:58.550000+00:00,kaspa:qr58758e8gf73y45hzufzf5z7ttvwu223epekuflyp66mnkq4uq3sgfer9e8j,kaspa:qzn29emflgvea47f63axr780qurrllye2jas7kt2ww9js4uzy23zxy3knw05a,679.25
732d5fbda86a01e8b756dd501dc7e83487eaebb7e1192427dcdd8eaa5709ab94,2025-08-26T10:18:58.550000+00:00,kaspa:qr58758e8gf73y45hzufzf5z7ttvwu223epekuflyp66mnkq4uq3sgfer9e8j,kaspa:qpjujc5v7f3fuglp4nadamx37gaqxzh6fqk3xx2sh5g7g5g3y7yu2w8pfwcwa,35.75
cf32d0545d238697e6c7df318ee74d2866c9e8659b52ab8a304b299d9ba24007,2025-08-26T08:41:32.376000+00:00,kaspa:ppnfwg8wfc90x03y455uqm660wkrll0rlhauyfslwqx6texmp5q2qt6mefcrr,kaspa:qzn29emflgvea47f63axr780qurrllye2jas7kt2ww9js4uzy23zxy3knw05a,5.0
86c99417a6249c21984fbce499d28a61de5382d5c6efb9d91806257f2fd946d1,2025-08-26T08:41:31.999000+00:00,kaspa:qzn29emflgvea47f63axr780qurrllye2jas7kt2ww9js4uzy23zxy3knw05a,kaspa:ppnfwg8wfc90x03y455uqm660wkrll0rlhauyfslwqx6texmp5q2qt6mefcrr,5.00003
86c99417a6249c21984fbce499d28a61de5382d5c6efb9d91806257f2fd946d1,2025-08-26T08:41:31.999000+00:00,kaspa:qzn29emflgvea47f63axr780qurrllye2jas7kt2ww9js4uzy23zxy3knw05a,kaspa:qzn29emflgvea47f63axr780qurrllye2jas7kt2ww9js4uzy23zxy3knw05a,7121.95159082
2eeffd9a7edb562b8600aef01f2b2fc67f0cbfdc2fc830d41b5db75c2ebe9aba,2025-08-26T07:31:48.354000+00:00,kaspa:pz6jzhj7mke5q0yh293nwl74c696jlw0qwg8l069pdtzyanvh022jj4cz3vsx,kaspa:qzn29emflgvea47f63axr780qurrllye2jas7kt2ww9js4uzy23zxy3knw05a,5.0
db3e98faf4742954d5886a041f3b7ed6dc61b57c14dcff102d265b6c899b71db,2025-08-26T07:31:46.757000+00:00,kaspa:qzn29emflgvea47f63axr780qurrllye2jas7kt2ww9js4uzy23zxy3knw05a,kaspa:pz6jzhj7mke5q0yh293nwl74c696jlw0qwg8l069pdtzyanvh022jj4cz3vsx,5.00003
db3e98faf4742954d5886a041f3b7ed6dc61b57c14dcff102d265b6c899b71db,2025-08-26T07:31:46.757000+00:00,kaspa:qzn29emflgvea47f63axr780qurrllye2jas7kt2ww9js4uzy23zxy3knw05a,kaspa:qzn29emflgvea47f63axr780qurrllye2jas7kt2ww9js4uzy23zxy3knw05a,7121.9516683
70552795b7448a8af1977d1db01f0197a352a6b5730091c589fc81c4a29415f0,2025-08-26T07:10:41.365000+00:00,kaspa:qphwueq7wjsm7sgtah63nakghm68etlu8sv6dz68l0xnsq8dxd5l5ujaeqjzx,kaspa:qzn29emflgvea47f63axr780qurrllye2jas7kt2ww9js4uzy23zxy3knw05a,337.25
70552795b7448a8af1977d1db01f0197a352a6b5730091c589fc81c4a29415f0,2025-08-26T07:10:41.365000+00:00,kaspa:qphwueq7wjsm7sgtah63nakghm68etlu8sv6dz68l0xnsq8dxd5l5ujaeqjzx,kaspa:qpjujc5v7f3fuglp4nadamx37gaqxzh6fqk3xx2sh5g7g5g3y7yu2w8pfwcwa,17.75
721953a477abeb3d7b3d62aa7cbbd526817e3143ad20bb7570302562de650228,2025-08-26T06:02:12.623000+00:00,kaspa:prp5w4ww3fs4mt2kszyp3j0yv8pykt2dfykv2t5hdnu6tq8uqtdc5nw67e4ce,kaspa:qzn29emflgvea47f63axr780qurrllye2jas7kt2ww9js4uzy23zxy3knw05a,5.0
7fde1fee3dae123f8a9cab22579e901a181522a6e5df31f8162b0006a035ca68,2025-08-26T06:02:11.802000+00:00,kaspa:qzn29emflgvea47f63axr780qurrllye2jas7kt2ww9js4uzy23zxy3knw05a,kaspa:prp5w4ww3fs4mt2kszyp3j0yv8pykt2dfykv2t5hdnu6tq8uqtdc5nw67e4ce,5.00003
7fde1fee3dae123f8a9cab22579e901a181522a6e5df31f8162b0006a035ca68,2025-08-26T06:02:11.802000+00:00,kaspa:qzn29emflgvea47f63axr780qurrllye2jas7kt2ww9js4uzy23zxy3knw05a,kaspa:qzn29emflgvea47f63axr780qurrllye2jas7kt2ww9js4uzy23zxy3knw05a,7121.95174578
c9b575acfb5eb6d2fe35f34a5f2cce74b43cb499b936a1ba411216a7a7dc3d4b,2025-08-26T05:40:33.076000+00:00,kaspa:qzj6rdm7psz3yh3pq0jf5jdvvjwnkf9cv7zesesajva8dhsrq8ffyyrvzm3qj,kaspa:qzn29emflgvea47f63axr780qurrllye2jas7kt2ww9js4uzy23zxy3knw05a,665.0
c9b575acfb5eb6d2fe35f34a5f2cce74b43cb499b936a1ba411216a7a7dc3d4b,2025-08-26T05:40:33.076000+00:00,kaspa:qzj6rdm7psz3yh3pq0jf5jdvvjwnkf9cv7zesesajva8dhsrq8ffyyrvzm3qj,kaspa:qpjujc5v7f3fuglp4nadamx37gaqxzh6fqk3xx2sh5g7g5g3y7yu2w8pfwcwa,35.0
8a30fadde83045d1ce78f7a473d4744984273025bb96deeef7309b6e021ddfe2,2025-08-26T04:48:16.697000+00:00,kaspa:qrhxsxq5tlc4d8ua70t5585ltr5hpvmd6ulr4kukprujg8f64qghx0t7hejez,kaspa:qzn29emflgvea47f63axr780qurrllye2jas7kt2ww9js4uzy23zxy3knw05a,612.75
8a30fadde83045d1ce78f7a473d4744984273025bb96deeef7309b6e021ddfe2,2025-08-26T04:48:16.697000+00:00,kaspa:qrhxsxq5tlc4d8ua70t5585ltr5hpvmd6ulr4kukprujg8f64qghx0t7hejez,kaspa:qpjujc5v7f3fuglp4nadamx37gaqxzh6fqk3xx2sh5g7g5g3y7yu2w8pfwcwa,32.25
a6a5ea02fa4c25e4b2019b9e08135c99b1f4015b906dfedc2349a727829a06a7,2025-08-26T04:46:57.920000+00:00,kaspa:pzcpe2ffggckef60hc6dmgt4pa2vtleqh66s7q88klljw0zcwmj5wxknwz8aj,kaspa:qzn29emflgvea47f63axr780qurrllye2jas7kt2ww9js4uzy23zxy3knw05a,5.0
d9ead5d3996dad19c4449d48cb35718adebcf8ad3948e5a930bffd3442f644d1,2025-08-26T04:46:57.080000+00:00,kaspa:qzn29emflgvea47f63axr780qurrllye2jas7kt2ww9js4uzy23zxy3knw05a,kaspa:pzcpe2ffggckef60hc6dmgt4pa2vtleqh66s7q88klljw0zcwmj5wxknwz8aj,5.00003
d9ead5d3996dad19c4449d48cb35718adebcf8ad3948e5a930bffd3442f644d1,2025-08-26T04:46:57.080000+00:00,kaspa:qzn29emflgvea47f63axr780qurrllye2jas7kt2ww9js4uzy23zxy3knw05a,kaspa:qzn29emflgvea47f63axr780qurrllye2jas7kt2ww9js4uzy23zxy3knw05a,7121.95182326
9bedab55ffcbe494ba0b14b02a3b61f7e6b2d4a3d5a0732cd16e6481005395c7,2025-08-26T04:42:35.456000+00:00,kaspa:qze3u30gd63kjn7jy5n0nqrpj9vkv7nqf0mgrewmgpu389xg4p6d2v7vnjqe0,kaspa:qzn29emflgvea47f63axr780qurrllye2jas7kt2ww9js4uzy23zxy3knw05a,304.0
9bedab55ffcbe494ba0b14b02a3b61f7e6b2d4a3d5a0732cd16e6481005395c7,2025-08-26T04:42:35.456000+00:00,kaspa:qze3u30gd63kjn7jy5n0nqrpj9vkv7nqf0mgrewmgpu389xg4p6d2v7vnjqe0,kaspa:qpjujc5v7f3fuglp4nadamx37gaqxzh6fqk3xx2sh5g7g5g3y7yu2w8pfwcwa,16.0
cd4b2f87ec57cf046f7f541b4bbfd423536f70e04bcb0aeb90d15831b4b732be,2025-08-26T04:38:59.395000+00:00,kaspa:ppg96c42mtaz7hs784y29gt93gfea3edfnj8jdry689jmwfwtgy7z0zw764je,kaspa:qzn29emflgvea47f63axr780qurrllye2jas7kt2ww9js4uzy23zxy3knw05a,5.0
91a31938355b9bd1c79cc0cae5dbc6e5472ca92cc023944f7690dd4d217ad85e,2025-08-26T04:38:58.012000+00:00,kaspa:qzn29emflgvea47f63axr780qurrllye2jas7kt2ww9js4uzy23zxy3knw05a,kaspa:ppg96c42mtaz7hs784y29gt93gfea3edfnj8jdry689jmwfwtgy7z0zw764je,5.00007748
91a31938355b9bd1c79cc0cae5dbc6e5472ca92cc023944f7690dd4d217ad85e,2025-08-26T04:38:58.012000+00:00,kaspa:qzn29emflgvea47f63axr780qurrllye2jas7kt2ww9js4uzy23zxy3knw05a,kaspa:qzn29emflgvea47f63axr780qurrllye2jas7kt2ww9js4uzy23zxy3knw05a,7121.95190074
b52977b8a2208a86d4bbbe3ff875bbd7ea084f72a77f9eb6aaf8031838feac94,2025-08-26T04:34:38.041000+00:00,kaspa:pqrk6axxjv4fys80c25ff6lkvjf3vdfw4phsyvrhcqu89cehskeusqps36kwz,kaspa:qzn29emflgvea47f63axr780qurrllye2jas7kt2ww9js4uzy23zxy3knw05a,5.0
55f7d2e6609c0f91b00020508f06fddc0083312cbde066de50a351db50e5270b,2025-08-26T04:34:35.805000+00:00,kaspa:qzn29emflgvea47f63axr780qurrllye2jas7kt2ww9js4uzy23zxy3knw05a,kaspa:pqrk6axxjv4fys80c25ff6lkvjf3vdfw4phsyvrhcqu89cehskeusqps36kwz,5.00003
55f7d2e6609c0f91b00020508f06fddc0083312cbde066de50a351db50e5270b,2025-08-26T04:34:35.805000+00:00,kaspa:qzn29emflgvea47f63axr780qurrllye2jas7kt2ww9js4uzy23zxy3knw05a,kaspa:qzn29emflgvea47f63axr780qurrllye2jas7kt2ww9js4uzy23zxy3knw05a,7121.95210083
11757a876ee3234e86690a71cbb46b174d53ebe66c705c49f5d50b95df3dcd0d,2025-08-26T04:30:50.116000+00:00,kaspa:qzgpa2pefq2fe0h4l3a883sjzeg5mr0684vzetn77akv0t8rnqrlczvky2exp,kaspa:qzn29emflgvea47f63axr780qurrllye2jas7kt2ww9js4uzy23zxy3knw05a,584.25
11757a876ee3234e86690a71cbb46b174d53ebe66c705c49f5d50b95df3dcd0d,2025-08-26T04:30:50.116000+00:00,kaspa:qzgpa2pefq2fe0h4l3a883sjzeg5mr0684vzetn77akv0t8rnqrlczvky2exp,kaspa:qpjujc5v7f3fuglp4nadamx37gaqxzh6fqk3xx2sh5g7g5g3y7yu2w8pfwcwa,30.75
798dc6c37825821e4f4c2c2003a583cae31ebfc5f4df360b7ad5019918178834,2025-08-26T04:28:40.960000+00:00,kaspa:ppue7p8rt27vpjr3u0407yf56dglp9wquzx0eyp25uxu9h4gvwhp5h20lxs9v,kaspa:qzn29emflgvea47f63axr780qurrllye2jas7kt2ww9js4uzy23zxy3knw05a,5.0
1230e0c8c94e02bba6f3c859fef2c4aed6ffd564c8c42baa217fd17e0f18172f,2025-08-26T04:28:40.159000+00:00,kaspa:qzn29emflgvea47f63axr780qurrllye2jas7kt2ww9js4uzy23zxy3knw05a,kaspa:ppue7p8rt27vpjr3u0407yf56dglp9wquzx0eyp25uxu9h4gvwhp5h20lxs9v,5.00003
1230e0c8c94e02bba6f3c859fef2c4aed6ffd564c8c42baa217fd17e0f18172f,2025-08-26T04:28:40.159000+00:00,kaspa:qzn29emflgvea47f63axr780qurrllye2jas7kt2ww9js4uzy23zxy3knw05a,kaspa:qzn29emflgvea47f63axr780qurrllye2jas7kt2ww9js4uzy23zxy3knw05a,7121.95217831
184e58bff9fd9f32e2c0f5cfb873a3ec29324ecc8672f2883c9ed6fe52099efa,2025-08-26T03:43:40.476000+00:00,kaspa:qp6kegehdrugu4j6gt8j27q88u3ukq8ylvccluh5dthn59f40xu0uejj3gg9q,kaspa:qzn29emflgvea47f63axr780qurrllye2jas7kt2ww9js4uzy23zxy3knw05a,570.0
184e58bff9fd9f32e2c0f5cfb873a3ec29324ecc8672f2883c9ed6fe52099efa,2025-08-26T03:43:40.476000+00:00,kaspa:qp6kegehdrugu4j6gt8j27q88u3ukq8ylvccluh5dthn59f40xu0uejj3gg9q,kaspa:qpjujc5v7f3fuglp4nadamx37gaqxzh6fqk3xx2sh5g7g5g3y7yu2w8pfwcwa,30.0
237a835fa28ed45ba73453e23c74cdf8c4b55c39705a82af3d9530cea2b030e6,2025-08-25T22:30:30.455000+00:00,kaspa:qplz2xhutzk6eqgnqmu36nme6mshc4v9au855f43l7wz25lnkhfqgj69xe7p2,kaspa:qzn29emflgvea47f63axr780qurrllye2jas7kt2ww9js4uzy23zxy3knw05a,237.5
237a835fa28ed45ba73453e23c74cdf8c4b55c39705a82af3d9530cea2b030e6,2025-08-25T22:30:30.455000+00:00,kaspa:qplz2xhutzk6eqgnqmu36nme6mshc4v9au855f43l7wz25lnkhfqgj69xe7p2,kaspa:qpjujc5v7f3fuglp4nadamx37gaqxzh6fqk3xx2sh5g7g5g3y7yu2w8pfwcwa,12.5
34f0270cfcefed48fbb14e5c681b01202547568b29d6ea3f6cd9e7fbe5ed546f,2025-08-25T22:17:57.841000+00:00,kaspa:qpxt3thgjqm8nlfn3lavzea7mjs9wk86udnwqym2d0tv2wt2lxg96wad2wh3w,kaspa:qzn29emflgvea47f63axr780qurrllye2jas7kt2ww9js4uzy23zxy3knw05a,475.0
34f0270cfcefed48fbb14e5c681b01202547568b29d6ea3f6cd9e7fbe5ed546f,2025-08-25T22:17:57.841000+00:00,kaspa:qpxt3thgjqm8nlfn3lavzea7mjs9wk86udnwqym2d0tv2wt2lxg96wad2wh3w,kaspa:qpjujc5v7f3fuglp4nadamx37gaqxzh6fqk3xx2sh5g7g5g3y7yu2w8pfwcwa,25.0
8024d171b9f8f27f9b9f08c2e450e2ede4cd4c222bc7ab03cf2b669a84c0b02e,2025-08-25T21:48:22.637000+00:00,kaspa:qprnu2cedztucjg60jylnl2v57qceu4ljqeuplqeu7yukdvx3axxcpwf0z8af,kaspa:qzn29emflgvea47f63axr780qurrllye2jas7kt2ww9js4uzy23zxy3knw05a,213.75
8024d171b9f8f27f9b9f08c2e450e2ede4cd4c222bc7ab03cf2b669a84c0b02e,2025-08-25T21:48:22.637000+00:00,kaspa:qprnu2cedztucjg60jylnl2v57qceu4ljqeuplqeu7yukdvx3axxcpwf0z8af,kaspa:qpjujc5v7f3fuglp4nadamx37gaqxzh6fqk3xx2sh5g7g5g3y7yu2w8pfwcwa,11.25
7b4484e6b868af0a001bc18788be3c8ac745143e594be7556a069d5c16028859,2025-08-25T18:56:45.954000+00:00,kaspa:pp4qzkg23fv0fu5j5hq4cq9vs5swld3h26cx7ehmxegkw3xqv8e4unk8np5ms,kaspa:qzn29emflgvea47f63axr780qurrllye2jas7kt2ww9js4uzy23zxy3knw05a,5.0
ad382bb62e6d9ff77cfcbe33dadb7dca3a6f02a79d6bbb55af4c81c2c1967284,2025-08-25T18:56:44.674000+00:00,kaspa:qzn29emflgvea47f63axr780qurrllye2jas7kt2ww9js4uzy23zxy3knw05a,kaspa:pp4qzkg23fv0fu5j5hq4cq9vs5swld3h26cx7ehmxegkw3xqv8e4unk8np5ms,5.00003
ad382bb62e6d9ff77cfcbe33dadb7dca3a6f02a79d6bbb55af4c81c2c1967284,2025-08-25T18:56:44.674000+00:00,kaspa:qzn29emflgvea47f63axr780qurrllye2jas7kt2ww9js4uzy23zxy3knw05a,kaspa:qzn29emflgvea47f63axr780qurrllye2jas7kt2ww9js4uzy23zxy3knw05a,7121.95225579
19ccb623fe54379a75929499a53f860c1ac1dded70a06960df3cb2bb15580c38,2025-08-25T18:45:41.945000+00:00,kaspa:prnvqcw2ca66nhj5zkesuthuk5g6djvp50xwdrw4wq2mxw805s9nsu9dcp9dv,kaspa:qzn29emflgvea47f63axr780qurrllye2jas7kt2ww9js4uzy23zxy3knw05a,5.0
7e638fa69a02144f41b1d6bb4ed1ad40c0c3a0e845cbf92075e00b51b668ff5f,2025-08-25T18:45:41.287000+00:00,kaspa:qzn29emflgvea47f63axr780qurrllye2jas7kt2ww9js4uzy23zxy3knw05a,kaspa:prnvqcw2ca66nhj5zkesuthuk5g6djvp50xwdrw4wq2mxw805s9nsu9dcp9dv,5.00003
7e638fa69a02144f41b1d6bb4ed1ad40c0c3a0e845cbf92075e00b51b668ff5f,2025-08-25T18:45:41.287000+00:00,kaspa:qzn29emflgvea47f63axr780qurrllye2jas7kt2ww9js4uzy23zxy3knw05a,kaspa:qzn29emflgvea47f63axr780qurrllye2jas7kt2ww9js4uzy23zxy3knw05a,7121.95233327
46fbf83781bb7ac97fface4b65f50356dfa301073e78d8b08982afb04d57775d,2025-08-25T18:44:33.740000+00:00,kaspa:pr2sftam483k0sp0njmftht4mqwat99r5ankffaa7sz9hd840005c72yfqjhe,kaspa:qzn29emflgvea47f63axr780qurrllye2jas7kt2ww9js4uzy23zxy3knw05a,5.0
5f38fddfe2680f46480e94872da015087d30bfa2fd827e5e52e2c080cf819e9b,2025-08-25T18:44:31.776000+00:00,kaspa:qzn29emflgvea47f63axr780qurrllye2jas7kt2ww9js4uzy23zxy3knw05a,kaspa:pr2sftam483k0sp0njmftht4mqwat99r5ankffaa7sz9hd840005c72yfqjhe,5.00003
5f38fddfe2680f46480e94872da015087d30bfa2fd827e5e52e2c080cf819e9b,2025-08-25T18:44:31.776000+00:00,kaspa:qzn29emflgvea47f63axr780qurrllye2jas7kt2ww9js4uzy23zxy3knw05a,kaspa:qzn29emflgvea47f63axr780qurrllye2jas7kt2ww9js4uzy23zxy3knw05a,7121.95241075
5f332255059e4199669753bbd0d1a775d7a124751d93ac4e18818930d225b9fc,2025-08-25T17:37:15.095000+00:00,kaspa:pqpmzv25fr2lrya6tqlu84acfhqnuun6apfe02zw0uqdctuujtrdwgerfyqyw,kaspa:qzn29emflgvea47f63axr780qurrllye2jas7kt2ww9js4uzy23zxy3knw05a,5.0
8fba62e609268a3aa744f0fe758cec8bad6db2034b894c52f94dcc63b26a867b,2025-08-25T17:37:14.052000+00:00,kaspa:qzn29emflgvea47f63axr780qurrllye2jas7kt2ww9js4uzy23zxy3knw05a,kaspa:pqpmzv25fr2lrya6tqlu84acfhqnuun6apfe02zw0uqdctuujtrdwgerfyqyw,5.00003
8fba62e609268a3aa744f0fe758cec8bad6db2034b894c52f94dcc63b26a867b,2025-08-25T17:37:14.052000+00:00,kaspa:qzn29emflgvea47f63axr780qurrllye2jas7kt2ww9js4uzy23zxy3knw05a,kaspa:qzn29emflgvea47f63axr780qurrllye2jas7kt2ww9js4uzy23zxy3knw05a,7121.95248823
edb0c6dc277ce21ac1a6c68801e07e15403af4dc2521acdd1f049c74eb44289d,2025-08-25T17:36:51.437000+00:00,kaspa:pprzqs5sz90sfqpyynqmscwxza36x55nzvaj7za4q8s22s3y2lxkkxxy6pg4m,kaspa:qzn29emflgvea47f63axr780qurrllye2jas7kt2ww9js4uzy23zxy3knw05a,5.0
8a33a84df37608c5c1a7bf53f963a44e287d872effda800e4b23f4181cb1810b,2025-08-25T17:36:49.212000+00:00,kaspa:qzn29emflgvea47f63axr780qurrllye2jas7kt2ww9js4uzy23zxy3knw05a,kaspa:pprzqs5sz90sfqpyynqmscwxza36x55nzvaj7za4q8s22s3y2lxkkxxy6pg4m,5.00003
8a33a84df37608c5c1a7bf53f963a44e287d872effda800e4b23f4181cb1810b,2025-08-25T17:36:49.212000+00:00,kaspa:qzn29emflgvea47f63axr780qurrllye2jas7kt2ww9js4uzy23zxy3knw05a,kaspa:qzn29emflgvea47f63axr780qurrllye2jas7kt2ww9js4uzy23zxy3knw05a,7121.95256571
cf1ad27f21f840ee83ee281b13975ad45246abc3c9c2add88afc6e92fa53ae8b,2025-08-25T17:36:28.089000+00:00,kaspa:pprtl5zracf94wfhveth5f3ykcpsa3vhm6c3vfl06aspwsxtrqg77r00jwcdf,kaspa:qzn29emflgvea47f63axr780qurrllye2jas7kt2ww9js4uzy23zxy3knw05a,5.0
636fc80f6d93b9da99c26e7ab8815c6ac3de13e729cfb3fa75847bc9145907c1,2025-08-25T17:36:26.806000+00:00,kaspa:qzn29emflgvea47f63axr780qurrllye2jas7kt2ww9js4uzy23zxy3knw05a,kaspa:pprtl5zracf94wfhveth5f3ykcpsa3vhm6c3vfl06aspwsxtrqg77r00jwcdf,5.00003
636fc80f6d93b9da99c26e7ab8815c6ac3de13e729cfb3fa75847bc9145907c1,2025-08-25T17:36:26.806000+00:00,kaspa:qzn29emflgvea47f63axr780qurrllye2jas7kt2ww9js4uzy23zxy3knw05a,kaspa:qzn29emflgvea47f63axr780qurrllye2jas7kt2ww9js4uzy23zxy3knw05a,7121.95264319
d5a3766be678bdf910cfc2460e051c4860a6b43dd6da184e0c14b018575bcf9a,2025-08-25T15:35:03.446000+00:00,kaspa:pqd43fsq6rzczw2v6cy2z74d6jgu8fhw6xygyqcnrut59ksq7apz5ckd646d3,kaspa:qzn29emflgvea47f63axr780qurrllye2jas7kt2ww9js4uzy23zxy3knw05a,5.0
dca9cde461a062a360ea55c394fc8cc1af498bfc74ae59370a5f9e744ed42a18,2025-08-25T15:35:01.964000+00:00,kaspa:qzn29emflgvea47f63axr780qurrllye2jas7kt2ww9js4uzy23zxy3knw05a,kaspa:pqd43fsq6rzczw2v6cy2z74d6jgu8fhw6xygyqcnrut59ksq7apz5ckd646d3,5.00003
dca9cde461a062a360ea55c394fc8cc1af498bfc74ae59370a5f9e744ed42a18,2025-08-25T15:35:01.964000+00:00,kaspa:qzn29emflgvea47f63axr780qurrllye2jas7kt2ww9js4uzy23zxy3knw05a,kaspa:qzn29emflgvea47f63axr780qurrllye2jas7kt2ww9js4uzy23zxy3knw05a,7121.95272067
eb06199bd1075c3739c93fc3c6ab67e7c145138953cab554569be47a9242ec4c,2025-08-25T15:05:05.084000+00:00,kaspa:qr6nv2y6xg2c83svgcaus3y46njuyejfqs8x8a5fawmq2lxyrwhsqzzmzuf9d,kaspa:qzn29emflgvea47f63axr780qurrllye2jas7kt2ww9js4uzy23zxy3knw05a,190.0
eb06199bd1075c3739c93fc3c6ab67e7c145138953cab554569be47a9242ec4c,2025-08-25T15:05:05.084000+00:00,kaspa:qr6nv2y6xg2c83svgcaus3y46njuyejfqs8x8a5fawmq2lxyrwhsqzzmzuf9d,kaspa:qpjujc5v7f3fuglp4nadamx37gaqxzh6fqk3xx2sh5g7g5g3y7yu2w8pfwcwa,10.0
6b96fde9738961cb6fecb858a7e00daa48f89d4738a8434c91f8bdda8d0c9ac6,2025-08-25T14:37:05.234000+00:00,kaspa:prtf0pakp2wkdf4eg84nfeu72ej3h8fs3pg8s0tr95np9lwene60kw76wlma5,kaspa:qzn29emflgvea47f63axr780qurrllye2jas7kt2ww9js4uzy23zxy3knw05a,5.0
9e13d3a4f0270bbc94881341e5391152be85fc7a3b74ce9b2cb67c40772636d5,2025-08-25T14:37:03.520000+00:00,kaspa:qzn29emflgvea47f63axr780qurrllye2jas7kt2ww9js4uzy23zxy3knw05a,kaspa:prtf0pakp2wkdf4eg84nfeu72ej3h8fs3pg8s0tr95np9lwene60kw76wlma5,5.00003
9e13d3a4f0270bbc94881341e5391152be85fc7a3b74ce9b2cb67c40772636d5,2025-08-25T14:37:03.520000+00:00,kaspa:qzn29emflgvea47f63axr780qurrllye2jas7kt2ww9js4uzy23zxy3knw05a,kaspa:qzn29emflgvea47f63axr780qurrllye2jas7kt2ww9js4uzy23zxy3knw05a,7121.95279815
3a2257effd6ef4f9d2b04b8387cbb06531220a028631b66a4f3bf825ed89298c,2025-08-25T14:36:29.747000+00:00,kaspa:ppvg2dhh93l3lcm8p70dv07mj7y2zg9eq6wcu3djt7lle02lglkmgfzp8pqj3,kaspa:qzn29emflgvea47f63axr780qurrllye2jas7kt2ww9js4uzy23zxy3knw05a,5.0
dc54aedcf235d20110d7544edd46abc960c186a88f769ba057c5fdaaa828d8a1,2025-08-25T14:36:27.322000+00:00,kaspa:qzn29emflgvea47f63axr780qurrllye2jas7kt2ww9js4uzy23zxy3knw05a,kaspa:ppvg2dhh93l3lcm8p70dv07mj7y2zg9eq6wcu3djt7lle02lglkmgfzp8pqj3,5.00003
dc54aedcf235d20110d7544edd46abc960c186a88f769ba057c5fdaaa828d8a1,2025-08-25T14:36:27.322000+00:00,kaspa:qzn29emflgvea47f63axr780qurrllye2jas7kt2ww9js4uzy23zxy3knw05a,kaspa:qzn29emflgvea47f63axr780qurrllye2jas7kt2ww9js4uzy23zxy3knw05a,7121.95287563
39ba2bb05de20583928b7a60c8e4e76c9e38531bcdd7b7f8ce1342e00a42c686,2025-08-25T14:34:13.096000+00:00,kaspa:qzn29emflgvea47f63axr780qurrllye2jas7kt2ww9js4uzy23zxy3knw05a,kaspa:pprysr7z5uc4dzfxrtha4uy5g8z0w9l95ksgnjyjgm3a5n0e4tsgxelwpfd86,201.0
39ba2bb05de20583928b7a60c8e4e76c9e38531bcdd7b7f8ce1342e00a42c686,2025-08-25T14:34:13.096000+00:00,kaspa:qzn29emflgvea47f63axr780qurrllye2jas7kt2ww9js4uzy23zxy3knw05a,kaspa:qqkm7pcztna2mm8vfymvqwmrwrudxc6fmh6s7lfc7w8yhlz6ywnkvqutw3m8l,20.0
39ba2bb05de20583928b7a60c8e4e76c9e38531bcdd7b7f8ce1342e00a42c686,2025-08-25T14:34:13.096000+00:00,kaspa:qzn29emflgvea47f63axr780qurrllye2jas7kt2ww9js4uzy23zxy3knw05a,kaspa:qzn29emflgvea47f63axr780qurrllye2jas7kt2ww9js4uzy23zxy3knw05a,6746.95295311
79645e5757730c95bdcbf44cb90b75c7265d4b9ffd5a830413024d687d83c6d0,2025-08-25T14:27:27.046000+00:00,kaspa:qru6tzykfqfcqtgm0yksq9syl7vguxgzctmq34hc7vgn3sxr7u67krfhll6a5,kaspa:qzn29emflgvea47f63axr780qurrllye2jas7kt2ww9js4uzy23zxy3knw05a,380.0
79645e5757730c95bdcbf44cb90b75c7265d4b9ffd5a830413024d687d83c6d0,2025-08-25T14:27:27.046000+00:00,kaspa:qru6tzykfqfcqtgm0yksq9syl7vguxgzctmq34hc7vgn3sxr7u67krfhll6a5,kaspa:qpjujc5v7f3fuglp4nadamx37gaqxzh6fqk3xx2sh5g7g5g3y7yu2w8pfwcwa,20.0
348d01027f2db3befa9aac2c012cd3ca7b86c7c4ea620a1453f6f4098d7692eb,2025-08-24T08:47:12.871000+00:00,kaspa:pzg3rlvphrj4gz6zxgmhgu3ean6xet9rxehm903gn530t2du2vhgc5tukgvfr,kaspa:qzn29emflgvea47f63axr780qurrllye2jas7kt2ww9js4uzy23zxy3knw05a,4.99992695
238495403f9799072df1f4673f3c605eb3d88e91700529e7b7962e96669455d2,2025-08-24T08:47:00.057000+00:00,kaspa:qzn29emflgvea47f63axr780qurrllye2jas7kt2ww9js4uzy23zxy3knw05a,kaspa:qpddylu3sjxz8fzl7ellp8hdh4ldrsugxmdtqmlp8z5wpyd2n9v3yx3700lt8,5.0
238495403f9799072df1f4673f3c605eb3d88e91700529e7b7962e96669455d2,2025-08-24T08:47:00.057000+00:00,kaspa:qzn29emflgvea47f63axr780qurrllye2jas7kt2ww9js4uzy23zxy3knw05a,kaspa:qzn29emflgvea47f63axr780qurrllye2jas7kt2ww9js4uzy23zxy3knw05a,531.99996846
d327c7f00dbb08c00dbfc5560654650b6ea9225317d9f2a1af0213d47fd4c8ca,2025-08-24T05:56:16.318000+00:00,kaspa:pr276wk7rd6l5msvhjcae2d5e7u5azy9xpltcrwcrzm8h89vrzdhgv2fx58wr,kaspa:qzn29emflgvea47f63axr780qurrllye2jas7kt2ww9js4uzy23zxy3knw05a,5.0
8284140597f091cf84f97626f3422febbb90f4a643de050e7f8081597ce42290,2025-08-24T05:56:13.301000+00:00,kaspa:qzn29emflgvea47f63axr780qurrllye2jas7kt2ww9js4uzy23zxy3knw05a,kaspa:qrmshq3kuvnt8jc6s0775mptp0ykkeccevkkn6cudrdf6mzw58khz0zgm3sk0,5.00006
8284140597f091cf84f97626f3422febbb90f4a643de050e7f8081597ce42290,2025-08-24T05:56:13.301000+00:00,kaspa:qzn29emflgvea47f63axr780qurrllye2jas7kt2ww9js4uzy23zxy3knw05a,kaspa:qzn29emflgvea47f63axr780qurrllye2jas7kt2ww9js4uzy23zxy3knw05a,6962.95306193
eeec71b8ff94b54009658c39c9ce2513f8c79073643fb40d7da23aeacaf334c1,2025-08-24T05:51:48.778000+00:00,kaspa:pq3dchvv24f0g5fh4yy9xnrv5xu5ggr24n29487tqayjlxh8ph267tsf3dvtz,kaspa:qzn29emflgvea47f63axr780qurrllye2jas7kt2ww9js4uzy23zxy3knw05a,5.0
9adf383c63438a8593e483248522368f1b755e4c947ab5930300c81843b4bbca,2025-08-24T05:51:47.151000+00:00,kaspa:qzn29emflgvea47f63axr780qurrllye2jas7kt2ww9js4uzy23zxy3knw05a,kaspa:pq3dchvv24f0g5fh4yy9xnrv5xu5ggr24n29487tqayjlxh8ph267tsf3dvtz,5.00003
9adf383c63438a8593e483248522368f1b755e4c947ab5930300c81843b4bbca,2025-08-24T05:51:47.151000+00:00,kaspa:qzn29emflgvea47f63axr780qurrllye2jas7kt2ww9js4uzy23zxy3knw05a,kaspa:qzn29emflgvea47f63axr780qurrllye2jas7kt2ww9js4uzy23zxy3knw05a,6962.95316924
e2b2dc4f51d1abfc55c14907dd32830eacfa47a3c3d0f11ff661736c8df37578,2025-08-23T17:44:55.348000+00:00,kaspa:pqqhkhg7cw0hlq48hxjqgn5zle4uq60ck60vw8lfddf5natcp32j6kuzd96lz,kaspa:qzn29emflgvea47f63axr780qurrllye2jas7kt2ww9js4uzy23zxy3knw05a,5.0
83fad77b5b77672709900d0b9f1a434c4e3cce98bfcf21941d4ab028c8ea152b,2025-08-23T17:44:54.069000+00:00,kaspa:qzn29emflgvea47f63axr780qurrllye2jas7kt2ww9js4uzy23zxy3knw05a,kaspa:pqqhkhg7cw0hlq48hxjqgn5zle4uq60ck60vw8lfddf5natcp32j6kuzd96lz,5.00003
83fad77b5b77672709900d0b9f1a434c4e3cce98bfcf21941d4ab028c8ea152b,2025-08-23T17:44:54.069000+00:00,kaspa:qzn29emflgvea47f63axr780qurrllye2jas7kt2ww9js4uzy23zxy3knw05a,kaspa:qzn29emflgvea47f63axr780qurrllye2jas7kt2ww9js4uzy23zxy3knw05a,6962.95324672
0f05b92c7c1163d88ce72eeacf4aced7b2beacebc2355f38004bfa4a295ffb16,2025-08-23T15:24:51.910000+00:00,kaspa:pp7xpjmn2jp84hq3m3m5qra548p7f4pv3cmsqg23tt0ccjq0ccpxkhvhq95wt,kaspa:qzn29emflgvea47f63axr780qurrllye2jas7kt2ww9js4uzy23zxy3knw05a,5.0
1028cf3834f3184f96098bd89186b413065e1da83925cfec212c7b0aa02e0d4d,2025-08-23T15:24:50.121000+00:00,kaspa:qzn29emflgvea47f63axr780qurrllye2jas7kt2ww9js4uzy23zxy3knw05a,kaspa:qqv0zx7h0g4tku65cxgtd0925zgpxs37kd5aa80f06y02r6yq6ue59zepxpzn,5.00006
1028cf3834f3184f96098bd89186b413065e1da83925cfec212c7b0aa02e0d4d,2025-08-23T15:24:50.121000+00:00,kaspa:qzn29emflgvea47f63axr780qurrllye2jas7kt2ww9js4uzy23zxy3knw05a,kaspa:qzn29emflgvea47f63axr780qurrllye2jas7kt2ww9js4uzy23zxy3knw05a,6962.9533242
9a389325430a0610e7ab273a2d468cbfba9baabfa064eae8933f1af913511300,2025-08-23T15:24:39.995000+00:00,kaspa:prfknypdc68mzvy0fc4er3xe3d9pymxx26ghj2hz0ft9ms87urtfuha25c88e,kaspa:qzn29emflgvea47f63axr780qurrllye2jas7kt2ww9js4uzy23zxy3knw05a,5.0
3fd145a99637e43418b11733ac8022b865cd68ec58d3453673789964a3c6792e,2025-08-23T15:24:37.850000+00:00,kaspa:qzn29emflgvea47f63axr780qurrllye2jas7kt2ww9js4uzy23zxy3knw05a,kaspa:qrlp5z3mtfp2rw5kxrulacl4ys764ww3y8ql9x2lkhgpzcygxcnsz3cu80cya,5.00006
3fd145a99637e43418b11733ac8022b865cd68ec58d3453673789964a3c6792e,2025-08-23T15:24:37.850000+00:00,kaspa:qzn29emflgvea47f63axr780qurrllye2jas7kt2ww9js4uzy23zxy3knw05a,kaspa:qzn29emflgvea47f63axr780qurrllye2jas7kt2ww9js4uzy23zxy3knw05a,6962.95343151
add12570f6f7619454dbb1724d43eb72b98a33bae52c218ad26204ac7f92b5b2,2025-08-23T14:16:50.835000+00:00,kaspa:qz5g7qmmq3v4c295xw8tn4469cvuycyxh5stztzvkqc7exrwupp2jn7hpyvpp,kaspa:qzn29emflgvea47f63axr780qurrllye2jas7kt2ww9js4uzy23zxy3knw05a,532.0
add12570f6f7619454dbb1724d43eb72b98a33bae52c218ad26204ac7f92b5b2,2025-08-23T14:16:50.835000+00:00,kaspa:qz5g7qmmq3v4c295xw8tn4469cvuycyxh5stztzvkqc7exrwupp2jn7hpyvpp,kaspa:qpjujc5v7f3fuglp4nadamx37gaqxzh6fqk3xx2sh5g7g5g3y7yu2w8pfwcwa,28.0
2c9b980b9646c3d7e19b84fffeb9f0bf1ff198264e1766d9bddba4a62fe52c37,2025-08-23T14:12:00.656000+00:00,kaspa:pzgy0utpj4js45yjhq4pg8gudrgpfcpur4ykykg5xsfvhltpz60cj6eqy4ge7,kaspa:qzn29emflgvea47f63axr780qurrllye2jas7kt2ww9js4uzy23zxy3knw05a,5.0
c170a4fce1a90039df4b371534b24353d9d5f0d4307d393f004a4e271ce44c49,2025-08-23T14:11:59.070000+00:00,kaspa:qzn29emflgvea47f63axr780qurrllye2jas7kt2ww9js4uzy23zxy3knw05a,kaspa:pzgy0utpj4js45yjhq4pg8gudrgpfcpur4ykykg5xsfvhltpz60cj6eqy4ge7,5.00003
c170a4fce1a90039df4b371534b24353d9d5f0d4307d393f004a4e271ce44c49,2025-08-23T14:11:59.070000+00:00,kaspa:qzn29emflgvea47f63axr780qurrllye2jas7kt2ww9js4uzy23zxy3knw05a,kaspa:qzn29emflgvea47f63axr780qurrllye2jas7kt2ww9js4uzy23zxy3knw05a,6962.95353882
fc807c40236e525dbc0901d6fed8940e3da03f75a5b630a556cb393d3e85d3ef,2025-08-23T12:57:13.018000+00:00,kaspa:pqxvfw2y4cq00n2xykygunnzyvvm2wly8ex8wmh4v3lr3q2dqpzac6hzgrqjk,kaspa:qzn29emflgvea47f63axr780qurrllye2jas7kt2ww9js4uzy23zxy3knw05a,5.0
82565fed1924ddb92eb92739c2a007dc750fc48e8bdb8ba95ad839f36cbb63c5,2025-08-23T12:57:12.193000+00:00,kaspa:qzn29emflgvea47f63axr780qurrllye2jas7kt2ww9js4uzy23zxy3knw05a,kaspa:pqxvfw2y4cq00n2xykygunnzyvvm2wly8ex8wmh4v3lr3q2dqpzac6hzgrqjk,5.00003
82565fed1924ddb92eb92739c2a007dc750fc48e8bdb8ba95ad839f36cbb63c5,2025-08-23T12:57:12.193000+00:00,kaspa:qzn29emflgvea47f63axr780qurrllye2jas7kt2ww9js4uzy23zxy3knw05a,kaspa:qzn29emflgvea47f63axr780qurrllye2jas7kt2ww9js4uzy23zxy3knw05a,6962.9536163
b68550ce6ca58c7579d0b0ae3a7d4d82c1da6154a329330d6465314c78a37bde,2025-08-23T11:21:04.635000+00:00,kaspa:prud9uffq9avrc70gsxp9exlr742eamm6n5csfl95cvy43htp5jnqcynl9c9e,kaspa:qzn29emflgvea47f63axr780qurrllye2jas7kt2ww9js4uzy23zxy3knw05a,5.0
05b50dcc789960df223491dda39021842eb9217f30c849d6ff7e52671bb61943,2025-08-23T11:21:03.379000+00:00,kaspa:qzn29emflgvea47f63axr780qurrllye2jas7kt2ww9js4uzy23zxy3knw05a,kaspa:prud9uffq9avrc70gsxp9exlr742eamm6n5csfl95cvy43htp5jnqcynl9c9e,5.00003
05b50dcc789960df223491dda39021842eb9217f30c849d6ff7e52671bb61943,2025-08-23T11:21:03.379000+00:00,kaspa:qzn29emflgvea47f63axr780qurrllye2jas7kt2ww9js4uzy23zxy3knw05a,kaspa:qzn29emflgvea47f63axr780qurrllye2jas7kt2ww9js4uzy23zxy3knw05a,6962.95369378
cc24b9ba6034f82b42815d3235cf9de3fcd6e8df83f3e13e711e116ceea73c0f,2025-08-23T11:18:31.482000+00:00,kaspa:qzt8n7hg0t4w4q9ekhesray5r920su0yxhxuj7p933thmh46vswuqndsamnx3,kaspa:qzn29emflgvea47f63axr780qurrllye2jas7kt2ww9js4uzy23zxy3knw05a,555.75
cc24b9ba6034f82b42815d3235cf9de3fcd6e8df83f3e13e711e116ceea73c0f,2025-08-23T11:18:31.482000+00:00,kaspa:qzt8n7hg0t4w4q9ekhesray5r920su0yxhxuj7p933thmh46vswuqndsamnx3,kaspa:qpjujc5v7f3fuglp4nadamx37gaqxzh6fqk3xx2sh5g7g5g3y7yu2w8pfwcwa,29.25
5c67ab18917bfbbdf8d287f2299ad0b03e1e1b016108f71107403fa504d54126,2025-08-23T11:18:03.391000+00:00,kaspa:pp3lf9tgfjcn7u0p8knzkx4zxyykpznapfyl3lcwlw62eyvh3gphquqv3jq6h,kaspa:qzn29emflgvea47f63axr780qurrllye2jas7kt2ww9js4uzy23zxy3knw05a,5.0
07c23df77d008a36284d0971026b968b816259ab7dcfd0765c17df9cc319f9aa,2025-08-23T11:18:01.730000+00:00,kaspa:qzn29emflgvea47f63axr780qurrllye2jas7kt2ww9js4uzy23zxy3knw05a,kaspa:pp3lf9tgfjcn7u0p8knzkx4zxyykpznapfyl3lcwlw62eyvh3gphquqv3jq6h,5.00003
07c23df77d008a36284d0971026b968b816259ab7dcfd0765c17df9cc319f9aa,2025-08-23T11:18:01.730000+00:00,kaspa:qzn29emflgvea47f63axr780qurrllye2jas7kt2ww9js4uzy23zxy3knw05a,kaspa:qzn29emflgvea47f63axr780qurrllye2jas7kt2ww9js4uzy23zxy3knw05a,6962.95377126
c629a538b63d3d5c56cf7a2f7a349f2457bff3e276cc6267130aced074d4cd51,2025-08-23T11:01:34.133000+00:00,kaspa:qrpeecamj3s3qt67la6w2fle8fxgtjyn5328vz53ca9754j2ug6y28ffzztay,kaspa:qzn29emflgvea47f63axr780qurrllye2jas7kt2ww9js4uzy23zxy3knw05a,1187.5
c629a538b63d3d5c56cf7a2f7a349f2457bff3e276cc6267130aced074d4cd51,2025-08-23T11:01:34.133000+00:00,kaspa:qrpeecamj3s3qt67la6w2fle8fxgtjyn5328vz53ca9754j2ug6y28ffzztay,kaspa:qpjujc5v7f3fuglp4nadamx37gaqxzh6fqk3xx2sh5g7g5g3y7yu2w8pfwcwa,62.5
4669beb7a108c3bbb136946c6e673024b56be0b8feec53ddc69269c2da946008,2025-08-23T10:39:32.974000+00:00,kaspa:qqxd6z2xpyed4rry8nxv0tyn8vpzvuxqglxxdkp03wdz4e6qq946kes6qlfxg,kaspa:qzn29emflgvea47f63axr780qurrllye2jas7kt2ww9js4uzy23zxy3knw05a,570.0
4669beb7a108c3bbb136946c6e673024b56be0b8feec53ddc69269c2da946008,2025-08-23T10:39:32.974000+00:00,kaspa:qqxd6z2xpyed4rry8nxv0tyn8vpzvuxqglxxdkp03wdz4e6qq946kes6qlfxg,kaspa:qpjujc5v7f3fuglp4nadamx37gaqxzh6fqk3xx2sh5g7g5g3y7yu2w8pfwcwa,30.0
6f8039ed7e012adf3ee45b0b8130cf9a2096cf2b7202310121d705642eed1c24,2025-08-23T10:38:19.095000+00:00,kaspa:qr02rwer7gtphtkxzxqlf52qlrhawt6wxlerx67rtl0en4htuzz8cgkpmlkym,kaspa:qzn29emflgvea47f63axr780qurrllye2jas7kt2ww9js4uzy23zxy3knw05a,565.25
6f8039ed7e012adf3ee45b0b8130cf9a2096cf2b7202310121d705642eed1c24,2025-08-23T10:38:19.095000+00:00,kaspa:qr02rwer7gtphtkxzxqlf52qlrhawt6wxlerx67rtl0en4htuzz8cgkpmlkym,kaspa:qpjujc5v7f3fuglp4nadamx37gaqxzh6fqk3xx2sh5g7g5g3y7yu2w8pfwcwa,29.75
4faa86bf62ad0bdc9018aa84eba3f46f697ba6eceef5210dcf0e4ec5f10ee713,2025-08-23T07:33:34.556000+00:00,kaspa:qpt0swr4ms9nf6gnp380ukvt7kp3ygtummf2w5dgr69m5uetpvm6sq3uqqgj2,kaspa:qzn29emflgvea47f63axr780qurrllye2jas7kt2ww9js4uzy23zxy3knw05a,1045.0
4faa86bf62ad0bdc9018aa84eba3f46f697ba6eceef5210dcf0e4ec5f10ee713,2025-08-23T07:33:34.556000+00:00,kaspa:qpt0swr4ms9nf6gnp380ukvt7kp3ygtummf2w5dgr69m5uetpvm6sq3uqqgj2,kaspa:qpjujc5v7f3fuglp4nadamx37gaqxzh6fqk3xx2sh5g7g5g3y7yu2w8pfwcwa,55.0
b7facaa517b883994738970506dc862c70d57ed950b8514b4955c8b2f5db5ba0,2025-08-23T07:33:33.422000+00:00,kaspa:ppl09ps59ge9hkmpltre4l09zmalva0hyj6lf9g8tqhrlsdcygfywx6dhacmd,kaspa:qzn29emflgvea47f63axr780qurrllye2jas7kt2ww9js4uzy23zxy3knw05a,5.0
142a2fadfa5e2ec6433499c92c145b48575cc3267fe589b4cd1bdbd5b6fb25b2,2025-08-23T07:33:31.812000+00:00,kaspa:qzn29emflgvea47f63axr780qurrllye2jas7kt2ww9js4uzy23zxy3knw05a,kaspa:ppl09ps59ge9hkmpltre4l09zmalva0hyj6lf9g8tqhrlsdcygfywx6dhacmd,5.00003
142a2fadfa5e2ec6433499c92c145b48575cc3267fe589b4cd1bdbd5b6fb25b2,2025-08-23T07:33:31.812000+00:00,kaspa:qzn29emflgvea47f63axr780qurrllye2jas7kt2ww9js4uzy23zxy3knw05a,kaspa:qzn29emflgvea47f63axr780qurrllye2jas7kt2ww9js4uzy23zxy3knw05a,6962.95384874
d40188234eeab4f8114290294f773bac6b5ff7d7db6fc7afd8e576c5d21b8fc8,2025-08-23T07:32:56.104000+00:00,kaspa:pr5erm0chm5uxdl3t994fjh5evv8j2as4y4yavnysfs7wt00cxmlgars7aqcg,kaspa:qzn29emflgvea47f63axr780qurrllye2jas7kt2ww9js4uzy23zxy3knw05a,5.0
1b2cbb07cdd50b673ab843bc19b5c745a8c476411f43a7c6fdd275b5da519c6d,2025-08-23T07:32:54.254000+00:00,kaspa:qzn29emflgvea47f63axr780qurrllye2jas7kt2ww9js4uzy23zxy3knw05a,kaspa:pr5erm0chm5uxdl3t994fjh5evv8j2as4y4yavnysfs7wt00cxmlgars7aqcg,5.00003
1b2cbb07cdd50b673ab843bc19b5c745a8c476411f43a7c6fdd275b5da519c6d,2025-08-23T07:32:54.254000+00:00,kaspa:qzn29emflgvea47f63axr780qurrllye2jas7kt2ww9js4uzy23zxy3knw05a,kaspa:qzn29emflgvea47f63axr780qurrllye2jas7kt2ww9js4uzy23zxy3knw05a,6962.95392622
689319e8b54ba8040b97e27607822fe198a5b761ea0fdf7a028d790f0b6618d1,2025-08-23T07:04:00.728000+00:00,kaspa:pzwgpxgue5yvtqjcaa3fttce093tmev6p9xnu6g4nn2kqenzn0kvw5yjavrmx,kaspa:qzn29emflgvea47f63axr780qurrllye2jas7kt2ww9js4uzy23zxy3knw05a,5.0
61c78ba723157f9101315e4618d55ef7ff8d05cce39b97044a00b823956b43c9,2025-08-23T07:03:59.353000+00:00,kaspa:qzn29emflgvea47f63axr780qurrllye2jas7kt2ww9js4uzy23zxy3knw05a,kaspa:pzwgpxgue5yvtqjcaa3fttce093tmev6p9xnu6g4nn2kqenzn0kvw5yjavrmx,5.00003
61c78ba723157f9101315e4618d55ef7ff8d05cce39b97044a00b823956b43c9,2025-08-23T07:03:59.353000+00:00,kaspa:qzn29emflgvea47f63axr780qurrllye2jas7kt2ww9js4uzy23zxy3knw05a,kaspa:qzn29emflgvea47f63axr780qurrllye2jas7kt2ww9js4uzy23zxy3knw05a,6962.9540037
c690bee5dfbb775def209e5354664dcaaf676bdd2a6661e47cd54742021405b9,2025-08-23T07:03:39.070000+00:00,kaspa:pzwgdxell43q6fapmx93pnl2ehal496pddrvpwn33r0j04k92u80shutdxkud,kaspa:qzn29emflgvea47f63axr780qurrllye2jas7kt2ww9js4uzy23zxy3knw05a,5.0
c94060b4be17daa4249795c500c01cbdf7163a1722a8f85a4c48a4309b06d1cc,2025-08-23T07:03:36.465000+00:00,kaspa:qzn29emflgvea47f63axr780qurrllye2jas7kt2ww9js4uzy23zxy3knw05a,kaspa:qpclsw6luz76a206wn9gzvnzeue8wtm7v5jzn8usny52ykpmwrs7uw55sfyg5,5.00006
c94060b4be17daa4249795c500c01cbdf7163a1722a8f85a4c48a4309b06d1cc,2025-08-23T07:03:36.465000+00:00,kaspa:qzn29emflgvea47f63axr780qurrllye2jas7kt2ww9js4uzy23zxy3knw05a,kaspa:qzn29emflgvea47f63axr780qurrllye2jas7kt2ww9js4uzy23zxy3knw05a,6962.95408118
10458282dd86a72c3e6a41ade275c356660edc8ba4d304672677396314795b4f,2025-08-23T07:02:02.943000+00:00,kaspa:pz5aanhhqtdqzvcntzxv4yaewmkvkp5j9zuyu3jfxmgkxq0ec9nv6c59e4ezc,kaspa:qzn29emflgvea47f63axr780qurrllye2jas7kt2ww9js4uzy23zxy3knw05a,5.0
b9ced32260a816e4e77937edc5f36007089c2533b9b6605f603da1231db59583,2025-08-23T07:02:01.712000+00:00,kaspa:qzn29emflgvea47f63axr780qurrllye2jas7kt2ww9js4uzy23zxy3knw05a,kaspa:pz5aanhhqtdqzvcntzxv4yaewmkvkp5j9zuyu3jfxmgkxq0ec9nv6c59e4ezc,5.00003
b9ced32260a816e4e77937edc5f36007089c2533b9b6605f603da1231db59583,2025-08-23T07:02:01.712000+00:00,kaspa:qzn29emflgvea47f63axr780qurrllye2jas7kt2ww9js4uzy23zxy3knw05a,kaspa:qzn29emflgvea47f63axr780qurrllye2jas7kt2ww9js4uzy23zxy3knw05a,6962.95418849
56a875efbb14a298ee3637693dfb1df6d81c74d6bdef3895ea93e0136bdffc0f,2025-08-23T06:31:51.802000+00:00,kaspa:prjvfg8appztvkzxer4d3rhrschywu47jfrv8hw9earlrrldz6huu8ce0l3pu,kaspa:qzn29emflgvea47f63axr780qurrllye2jas7kt2ww9js4uzy23zxy3knw05a,5.0
17b10156de02d30141f16348eefca5c4fc3a89241f3062eaceb8a35c5b738972,2025-08-23T06:31:50.541000+00:00,kaspa:qzn29emflgvea47f63axr780qurrllye2jas7kt2ww9js4uzy23zxy3knw05a,kaspa:prjvfg8appztvkzxer4d3rhrschywu47jfrv8hw9earlrrldz6huu8ce0l3pu,5.00003
17b10156de02d30141f16348eefca5c4fc3a89241f3062eaceb8a35c5b738972,2025-08-23T06:31:50.541000+00:00,kaspa:qzn29emflgvea47f63axr780qurrllye2jas7kt2ww9js4uzy23zxy3knw05a,kaspa:qzn29emflgvea47f63axr780qurrllye2jas7kt2ww9js4uzy23zxy3knw05a,6962.95426597
7253c3cefdb7de0da352aab27df991b906fdb86af2aa56f5d820bd03026e794b,2025-08-23T06:29:17.358000+00:00,kaspa:qq8pxcn96q7z6ag4htnwd6rywuylrcd3a042g4e5jkuxrsqyzpgj6aawjnt0j,kaspa:qzn29emflgvea47f63axr780qurrllye2jas7kt2ww9js4uzy23zxy3knw05a,950.0
7253c3cefdb7de0da352aab27df991b906fdb86af2aa56f5d820bd03026e794b,2025-08-23T06:29:17.358000+00:00,kaspa:qq8pxcn96q7z6ag4htnwd6rywuylrcd3a042g4e5jkuxrsqyzpgj6aawjnt0j,kaspa:qpjujc5v7f3fuglp4nadamx37gaqxzh6fqk3xx2sh5g7g5g3y7yu2w8pfwcwa,50.0
14aab350728093072cca0df5384854b9d3a8ffc2c4a7f083e6f0c2e1cbac3a59,2025-08-23T06:24:38.914000+00:00,kaspa:pr8tk8fvd02lanr0q7atvnq0d9gmeg6tsrncsfla2htha3pnwl40vvvv9qqhq,kaspa:qzn29emflgvea47f63axr780qurrllye2jas7kt2ww9js4uzy23zxy3knw05a,5.0
b12f59736b9710d55009d76867efd5e3018d8fff742432297fd702f4b5ad377b,2025-08-23T06:24:37.685000+00:00,kaspa:qzn29emflgvea47f63axr780qurrllye2jas7kt2ww9js4uzy23zxy3knw05a,kaspa:pr8tk8fvd02lanr0q7atvnq0d9gmeg6tsrncsfla2htha3pnwl40vvvv9qqhq,5.00003
b12f59736b9710d55009d76867efd5e3018d8fff742432297fd702f4b5ad377b,2025-08-23T06:24:37.685000+00:00,kaspa:qzn29emflgvea47f63axr780qurrllye2jas7kt2ww9js4uzy23zxy3knw05a,kaspa:qzn29emflgvea47f63axr780qurrllye2jas7kt2ww9js4uzy23zxy3knw05a,6962.95434345
073960dac82de574d0cc8292985df3703e3bd6ff3039ce714f76af5820eafa3c,2025-08-22T14:20:19.602000+00:00,kaspa:pp9x0a6vfdy2ujhax0fmc3wx5uc3m99zxatczvh648rk3xyarg4kvqgpme0xf,kaspa:qzn29emflgvea47f63axr780qurrllye2jas7kt2ww9js4uzy23zxy3knw05a,2.99996664
f5dcb977b58bb3db902108e41c93b8cb86f91c9a2956f9a28ba3187a7932bf2b,2025-08-22T14:20:17.795000+00:00,kaspa:qzn29emflgvea47f63axr780qurrllye2jas7kt2ww9js4uzy23zxy3knw05a,kaspa:pp9x0a6vfdy2ujhax0fmc3wx5uc3m99zxatczvh648rk3xyarg4kvqgpme0xf,3.0
f5dcb977b58bb3db902108e41c93b8cb86f91c9a2956f9a28ba3187a7932bf2b,2025-08-22T14:20:17.795000+00:00,kaspa:qzn29emflgvea47f63axr780qurrllye2jas7kt2ww9js4uzy23zxy3knw05a,kaspa:qzn29emflgvea47f63axr780qurrllye2jas7kt2ww9js4uzy23zxy3knw05a,703.97486896
f8fd7b5eae9935c99bd664e3b870434f7c7924fe99e22765410111fb85e7b863,2025-08-22T14:17:10.442000+00:00,kaspa:prdls5knlrvns99g8enguxu2jyk0p34rmew5a9ktfaaqrs35u098ycavw4t39,kaspa:qqre4wt08dp0rvmxwqgwdkz4zu4m36g9uvmfledd27mx939uxe2yjpmmd37zq,121.0
f8fd7b5eae9935c99bd664e3b870434f7c7924fe99e22765410111fb85e7b863,2025-08-22T14:17:10.442000+00:00,kaspa:prdls5knlrvns99g8enguxu2jyk0p34rmew5a9ktfaaqrs35u098ycavw4t39,kaspa:qypljgtgz5qscwlnq2k4edra5wsu4t9nef79ge24anpmn94xtlc26qg69nj9plm,3.025
f8fd7b5eae9935c99bd664e3b870434f7c7924fe99e22765410111fb85e7b863,2025-08-22T14:17:10.442000+00:00,kaspa:prdls5knlrvns99g8enguxu2jyk0p34rmew5a9ktfaaqrs35u098ycavw4t39,kaspa:qzn29emflgvea47f63axr780qurrllye2jas7kt2ww9js4uzy23zxy3knw05a,2.99993352
f900639dbd4c0fa12d3e4c1f63343b0f31628c1f5526d315248de2d39c23fc53,2025-08-22T14:17:07.870000+00:00,kaspa:qzn29emflgvea47f63axr780qurrllye2jas7kt2ww9js4uzy23zxy3knw05a,kaspa:prdls5knlrvns99g8enguxu2jyk0p34rmew5a9ktfaaqrs35u098ycavw4t39,137.025
f900639dbd4c0fa12d3e4c1f63343b0f31628c1f5526d315248de2d39c23fc53,2025-08-22T14:17:07.870000+00:00,kaspa:qzn29emflgvea47f63axr780qurrllye2jas7kt2ww9js4uzy23zxy3knw05a,kaspa:qzn29emflgvea47f63axr780qurrllye2jas7kt2ww9js4uzy23zxy3knw05a,703.97496835
88150f9bf09d4bb38a6e3daaebe4784c0cb140211d50b2705cba11708f39be42,2025-08-22T06:13:36.524000+00:00,kaspa:qpmyjm4kk0lgqa6fsjnr4mvtj43z9zewf7fq09k6src6x758fz6rqxz3tvgut,kaspa:qzn29emflgvea47f63axr780qurrllye2jas7kt2ww9js4uzy23zxy3knw05a,5377.0
88150f9bf09d4bb38a6e3daaebe4784c0cb140211d50b2705cba11708f39be42,2025-08-22T06:13:36.524000+00:00,kaspa:qpmyjm4kk0lgqa6fsjnr4mvtj43z9zewf7fq09k6src6x758fz6rqxz3tvgut,kaspa:qpjujc5v7f3fuglp4nadamx37gaqxzh6fqk3xx2sh5g7g5g3y7yu2w8pfwcwa,283.0
0273352135065ab241b3e46c69ece4f98e009b47a5506f025772b63d5b1ed3ad,2025-08-22T06:08:58.744000+00:00,kaspa:qp05hutvtxmg3d4kz2f3l02gp4s9zmud56nuz78nu5kkmpglu5sx79e39kxtz,kaspa:qzn29emflgvea47f63axr780qurrllye2jas7kt2ww9js4uzy23zxy3knw05a,1026.0
0273352135065ab241b3e46c69ece4f98e009b47a5506f025772b63d5b1ed3ad,2025-08-22T06:08:58.744000+00:00,kaspa:qp05hutvtxmg3d4kz2f3l02gp4s9zmud56nuz78nu5kkmpglu5sx79e39kxtz,kaspa:qpjujc5v7f3fuglp4nadamx37gaqxzh6fqk3xx2sh5g7g5g3y7yu2w8pfwcwa,54.0
682ffd0453e93da7841a51fd28ec9bace4c20443a56d1f4c4e17822628e3289c,2025-08-22T06:02:30.069000+00:00,kaspa:pqax372cdqsd4zzaq38lld4hxj93wx3e6nmljlhvdk0y3z220nyjjlvdqhp30,kaspa:qzn29emflgvea47f63axr780qurrllye2jas7kt2ww9js4uzy23zxy3knw05a,5.0
31344e393190862a63135953967e3166482d8d90a9509e503cb8ef63548f1805,2025-08-22T06:02:28.375000+00:00,kaspa:qzn29emflgvea47f63axr780qurrllye2jas7kt2ww9js4uzy23zxy3knw05a,kaspa:pqax372cdqsd4zzaq38lld4hxj93wx3e6nmljlhvdk0y3z220nyjjlvdqhp30,5.00003
31344e393190862a63135953967e3166482d8d90a9509e503cb8ef63548f1805,2025-08-22T06:02:28.375000+00:00,kaspa:qzn29emflgvea47f63axr780qurrllye2jas7kt2ww9js4uzy23zxy3knw05a,kaspa:qzn29emflgvea47f63axr780qurrllye2jas7kt2ww9js4uzy23zxy3knw05a,6964.95445429
80ad3bb0bdbc215bd0c0878d858efa9577bba8f2175b3169d18bef4240867317,2025-08-22T05:59:55.090000+00:00,kaspa:qqeqe06xk68uhgvqrn79vu9ksnvvp59fnur5u2de5ndhnypf0hw77tzuuncka,kaspa:qzn29emflgvea47f63axr780qurrllye2jas7kt2ww9js4uzy23zxy3knw05a,940.5
80ad3bb0bdbc215bd0c0878d858efa9577bba8f2175b3169d18bef4240867317,2025-08-22T05:59:55.090000+00:00,kaspa:qqeqe06xk68uhgvqrn79vu9ksnvvp59fnur5u2de5ndhnypf0hw77tzuuncka,kaspa:qpjujc5v7f3fuglp4nadamx37gaqxzh6fqk3xx2sh5g7g5g3y7yu2w8pfwcwa,49.5
7abdc4478a9a23649c8ec1932ac7a6a2bcc238ff4c5506c3442419e007692420,2025-08-22T05:52:50.340000+00:00,kaspa:qr74xsp2ml0lhulkwtr8cf8salv086np3jayjuzyfr6nsft3z79xx9q0wdeyj,kaspa:qzn29emflgvea47f63axr780qurrllye2jas7kt2ww9js4uzy23zxy3knw05a,878.75
7abdc4478a9a23649c8ec1932ac7a6a2bcc238ff4c5506c3442419e007692420,2025-08-22T05:52:50.340000+00:00,kaspa:qr74xsp2ml0lhulkwtr8cf8salv086np3jayjuzyfr6nsft3z79xx9q0wdeyj,kaspa:qpjujc5v7f3fuglp4nadamx37gaqxzh6fqk3xx2sh5g7g5g3y7yu2w8pfwcwa,46.25
59504824906ac073340146ec34cd97843637c5cd79fec87f994a91c7a556790f,2025-08-22T05:52:26.930000+00:00,kaspa:pqqy2nu566fqjnpvym3fqa2ue3urcxaxsqqd8hs3zqdv0rr3ukmwuknsuwv5g,kaspa:qzn29emflgvea47f63axr780qurrllye2jas7kt2ww9js4uzy23zxy3knw05a,5.0
bcd1473ada8b24bf9d4f6ebbb4b96210790c957cd038470f9d31d2b90112b304,2025-08-22T05:52:25.381000+00:00,kaspa:qzn29emflgvea47f63axr780qurrllye2jas7kt2ww9js4uzy23zxy3knw05a,kaspa:pqqy2nu566fqjnpvym3fqa2ue3urcxaxsqqd8hs3zqdv0rr3ukmwuknsuwv5g,5.00003
bcd1473ada8b24bf9d4f6ebbb4b96210790c957cd038470f9d31d2b90112b304,2025-08-22T05:52:25.381000+00:00,kaspa:qzn29emflgvea47f63axr780qurrllye2jas7kt2ww9js4uzy23zxy3knw05a,kaspa:qzn29emflgvea47f63axr780qurrllye2jas7kt2ww9js4uzy23zxy3knw05a,6964.95453177
af2e819c1dbfb1f27ed15ec2ff0e9856a34004a044e7454abf306afdc2a0f595,2025-08-22T05:50:58.824000+00:00,kaspa:ppgzl77rv86y59lcv3kaxurckxumrkg50zgptgh2p8ujnkavrqdvqkeegxujn,kaspa:qzn29emflgvea47f63axr780qurrllye2jas7kt2ww9js4uzy23zxy3knw05a,5.0
d856b265537df7e25752ec6be5b9ab25555359973e7a3e1fefe29af338866b50,2025-08-22T05:50:57.927000+00:00,kaspa:qzn29emflgvea47f63axr780qurrllye2jas7kt2ww9js4uzy23zxy3knw05a,kaspa:ppgzl77rv86y59lcv3kaxurckxumrkg50zgptgh2p8ujnkavrqdvqkeegxujn,5.00003
d856b265537df7e25752ec6be5b9ab25555359973e7a3e1fefe29af338866b50,2025-08-22T05:50:57.927000+00:00,kaspa:qzn29emflgvea47f63axr780qurrllye2jas7kt2ww9js4uzy23zxy3knw05a,kaspa:qzn29emflgvea47f63axr780qurrllye2jas7kt2ww9js4uzy23zxy3knw05a,6964.95460925
3d0119013ccc717825b083034e49c32f577f92fc9dd89a58fdf2c18969a78562,2025-08-22T05:47:52.533000+00:00,kaspa:pzpcl0mlyxad09na92y2qnp8fwm0gumslp585n07ffk0tt525tfnsdq862v86,kaspa:qzn29emflgvea47f63axr780qurrllye2jas7kt2ww9js4uzy23zxy3knw05a,5.0
bffaa65e4c4f634d4f356416dc945b9dea920a2a50fb0e8fc40a4f73fc38feab,2025-08-22T05:47:50.586000+00:00,kaspa:qzn29emflgvea47f63axr780qurrllye2jas7kt2ww9js4uzy23zxy3knw05a,kaspa:pzpcl0mlyxad09na92y2qnp8fwm0gumslp585n07ffk0tt525tfnsdq862v86,5.00003
bffaa65e4c4f634d4f356416dc945b9dea920a2a50fb0e8fc40a4f73fc38feab,2025-08-22T05:47:50.586000+00:00,kaspa:qzn29emflgvea47f63axr780qurrllye2jas7kt2ww9js4uzy23zxy3knw05a,kaspa:qzn29emflgvea47f63axr780qurrllye2jas7kt2ww9js4uzy23zxy3knw05a,6964.95468673
43ebcd353d4021afc7950f239717ebf779c434ff383514e8c90f30ee128da0c0,2025-08-22T05:46:28.050000+00:00,kaspa:qzpqtqh50fxqu6mm85h6m8t3yzueu0kpge9mfenvereuuh8ddtad53gkgm26l,kaspa:qzn29emflgvea47f63axr780qurrllye2jas7kt2ww9js4uzy23zxy3knw05a,931.0
43ebcd353d4021afc7950f239717ebf779c434ff383514e8c90f30ee128da0c0,2025-08-22T05:46:28.050000+00:00,kaspa:qzpqtqh50fxqu6mm85h6m8t3yzueu0kpge9mfenvereuuh8ddtad53gkgm26l,kaspa:qpjujc5v7f3fuglp4nadamx37gaqxzh6fqk3xx2sh5g7g5g3y7yu2w8pfwcwa,49.0
6ee7cb6d4f5c6fa279efd9d4ccb1dda66e8df46ae22184291af8b9fc5c06a5bd,2025-08-22T05:43:50.634000+00:00,kaspa:pplrdcsh0plqywhpaef5umxwnmr7jg6pzavl9jvyahr05jdjtcwg2etnl8usr,kaspa:qzn29emflgvea47f63axr780qurrllye2jas7kt2ww9js4uzy23zxy3knw05a,5.0
00379e729ac598ca2d02bb3e7690f80662c72fb7a9a90f4f5ac9651a3a4cddae,2025-08-22T05:43:48.232000+00:00,kaspa:qzn29emflgvea47f63axr780qurrllye2jas7kt2ww9js4uzy23zxy3knw05a,kaspa:pplrdcsh0plqywhpaef5umxwnmr7jg6pzavl9jvyahr05jdjtcwg2etnl8usr,5.00003
00379e729ac598ca2d02bb3e7690f80662c72fb7a9a90f4f5ac9651a3a4cddae,2025-08-22T05:43:48.232000+00:00,kaspa:qzn29emflgvea47f63axr780qurrllye2jas7kt2ww9js4uzy23zxy3knw05a,kaspa:qzn29emflgvea47f63axr780qurrllye2jas7kt2ww9js4uzy23zxy3knw05a,6964.95476421
9efa81f6d618ebc7675762aa4b48bfdf3a56883e6c71c1fc1a252903ac10e414,2025-08-22T05:38:24.967000+00:00,kaspa:qznemz07wzs2jz05vprqcuv85l3w2f3fcj8ejwntz2v8mv8yys847jlsqenre,kaspa:qzn29emflgvea47f63axr780qurrllye2jas7kt2ww9js4uzy23zxy3knw05a,836.0
9efa81f6d618ebc7675762aa4b48bfdf3a56883e6c71c1fc1a252903ac10e414,2025-08-22T05:38:24.967000+00:00,kaspa:qznemz07wzs2jz05vprqcuv85l3w2f3fcj8ejwntz2v8mv8yys847jlsqenre,kaspa:qpjujc5v7f3fuglp4nadamx37gaqxzh6fqk3xx2sh5g7g5g3y7yu2w8pfwcwa,44.0
6cb10381020054712b48989cbf8759b6af7a45cca82071245c91882e7db782e3,2025-08-22T05:36:35.252000+00:00,kaspa:pqhas03flpxhvykjlr7fkfg04gdkefklczc3rsur2yacgvm3g056vdvng78sr,kaspa:qzn29emflgvea47f63axr780qurrllye2jas7kt2ww9js4uzy23zxy3knw05a,5.0
8d598293927af279e05a2f1c2a611562d05fd78de4a6ed0ca8197dab4eb20f4a,2025-08-22T05:36:34.560000+00:00,kaspa:qzn29emflgvea47f63axr780qurrllye2jas7kt2ww9js4uzy23zxy3knw05a,kaspa:pqhas03flpxhvykjlr7fkfg04gdkefklczc3rsur2yacgvm3g056vdvng78sr,5.00003
8d598293927af279e05a2f1c2a611562d05fd78de4a6ed0ca8197dab4eb20f4a,2025-08-22T05:36:34.560000+00:00,kaspa:qzn29emflgvea47f63axr780qurrllye2jas7kt2ww9js4uzy23zxy3knw05a,kaspa:qzn29emflgvea47f63axr780qurrllye2jas7kt2ww9js4uzy23zxy3knw05a,6964.95484169
dcd353ef3094377f2c126222fa0b16b7d4251f922c9b131d167e7db1a0e73e2c,2025-08-21T19:36:12.140000+00:00,kaspa:qzn29emflgvea47f63axr780qurrllye2jas7kt2ww9js4uzy23zxy3knw05a,kaspa:pqw2ejz84stm7t7sr3zhkcndlflpvrcmga7fsxymsethx6j2lxjk2kj9h5d4r,201.0
dcd353ef3094377f2c126222fa0b16b7d4251f922c9b131d167e7db1a0e73e2c,2025-08-21T19:36:12.140000+00:00,kaspa:qzn29emflgvea47f63axr780qurrllye2jas7kt2ww9js4uzy23zxy3knw05a,kaspa:qqkm7pcztna2mm8vfymvqwmrwrudxc6fmh6s7lfc7w8yhlz6ywnkvqutw3m8l,20.0
dcd353ef3094377f2c126222fa0b16b7d4251f922c9b131d167e7db1a0e73e2c,2025-08-21T19:36:12.140000+00:00,kaspa:qzn29emflgvea47f63axr780qurrllye2jas7kt2ww9js4uzy23zxy3knw05a,kaspa:qzn29emflgvea47f63axr780qurrllye2jas7kt2ww9js4uzy23zxy3knw05a,4157.86618845
80d6a72b9a453282615a810da744c3ca91aa55315ac535b0a3e9d7da9ecd07b4,2025-08-17T13:48:21.632000+00:00,kaspa:prdls5knlrvns99g8enguxu2jyk0p34rmew5a9ktfaaqrs35u098ycavw4t39,kaspa:qqre4wt08dp0rvmxwqgwdkz4zu4m36g9uvmfledd27mx939uxe2yjpmmd37zq,121.0
80d6a72b9a453282615a810da744c3ca91aa55315ac535b0a3e9d7da9ecd07b4,2025-08-17T13:48:21.632000+00:00,kaspa:prdls5knlrvns99g8enguxu2jyk0p34rmew5a9ktfaaqrs35u098ycavw4t39,kaspa:qypljgtgz5qscwlnq2k4edra5wsu4t9nef79ge24anpmn94xtlc26qg69nj9plm,3.025
80d6a72b9a453282615a810da744c3ca91aa55315ac535b0a3e9d7da9ecd07b4,2025-08-17T13:48:21.632000+00:00,kaspa:prdls5knlrvns99g8enguxu2jyk0p34rmew5a9ktfaaqrs35u098ycavw4t39,kaspa:qzn29emflgvea47f63axr780qurrllye2jas7kt2ww9js4uzy23zxy3knw05a,2.99993352
d994dea8c0869b2dd75d8be1ad113ad27f6f390d5afb2dbd9ecd57045873a12c,2025-08-17T13:48:20.386000+00:00,kaspa:qzn29emflgvea47f63axr780qurrllye2jas7kt2ww9js4uzy23zxy3knw05a,kaspa:prdls5knlrvns99g8enguxu2jyk0p34rmew5a9ktfaaqrs35u098ycavw4t39,137.025
d994dea8c0869b2dd75d8be1ad113ad27f6f390d5afb2dbd9ecd57045873a12c,2025-08-17T13:48:20.386000+00:00,kaspa:qzn29emflgvea47f63axr780qurrllye2jas7kt2ww9js4uzy23zxy3knw05a,kaspa:qzn29emflgvea47f63axr780qurrllye2jas7kt2ww9js4uzy23zxy3knw05a,2812.08873072
a4e55af154d3f5161f0006cdc36d41322ad768074bb26f7e0d1b9325ed63f2d0,2025-08-17T13:46:46.769000+00:00,kaspa:prdls5knlrvns99g8enguxu2jyk0p34rmew5a9ktfaaqrs35u098ycavw4t39,kaspa:qqre4wt08dp0rvmxwqgwdkz4zu4m36g9uvmfledd27mx939uxe2yjpmmd37zq,121.0
a4e55af154d3f5161f0006cdc36d41322ad768074bb26f7e0d1b9325ed63f2d0,2025-08-17T13:46:46.769000+00:00,kaspa:prdls5knlrvns99g8enguxu2jyk0p34rmew5a9ktfaaqrs35u098ycavw4t39,kaspa:qypljgtgz5qscwlnq2k4edra5wsu4t9nef79ge24anpmn94xtlc26qg69nj9plm,3.025
a4e55af154d3f5161f0006cdc36d41322ad768074bb26f7e0d1b9325ed63f2d0,2025-08-17T13:46:46.769000+00:00,kaspa:prdls5knlrvns99g8enguxu2jyk0p34rmew5a9ktfaaqrs35u098ycavw4t39,kaspa:qzn29emflgvea47f63axr780qurrllye2jas7kt2ww9js4uzy23zxy3knw05a,2.99993352
3ff80a5e5fb6a23c52bd77c7666e59cce856f1687cab7cf851cc0e01feb0c3c4,2025-08-17T13:46:45.121000+00:00,kaspa:qzn29emflgvea47f63axr780qurrllye2jas7kt2ww9js4uzy23zxy3knw05a,kaspa:prdls5knlrvns99g8enguxu2jyk0p34rmew5a9ktfaaqrs35u098ycavw4t39,137.025
3ff80a5e5fb6a23c52bd77c7666e59cce856f1687cab7cf851cc0e01feb0c3c4,2025-08-17T13:46:45.121000+00:00,kaspa:qzn29emflgvea47f63axr780qurrllye2jas7kt2ww9js4uzy23zxy3knw05a,kaspa:qzn29emflgvea47f63axr780qurrllye2jas7kt2ww9js4uzy23zxy3knw05a,2946.11382885
8af9059729354dbf5ac0036c290355c62584ebace458cdd5b8b2d176fab0e8fd,2025-08-15T14:58:15.791000+00:00,kaspa:pzuhrmu9xkm9uhrgm6p8rx82qgzv55csklka6w8s9ga2dm6t9y60ze5pruahh,kaspa:qyp4nvaq3pdq7609z09fvdgwtc9c7rg07fuw5zgeee7xpr085de59eseqfcmynn,35.0
8af9059729354dbf5ac0036c290355c62584ebace458cdd5b8b2d176fab0e8fd,2025-08-15T14:58:15.791000+00:00,kaspa:pzuhrmu9xkm9uhrgm6p8rx82qgzv55csklka6w8s9ga2dm6t9y60ze5pruahh,kaspa:qypljgtgz5qscwlnq2k4edra5wsu4t9nef79ge24anpmn94xtlc26qg69nj9plm,0.875
8af9059729354dbf5ac0036c290355c62584ebace458cdd5b8b2d176fab0e8fd,2025-08-15T14:58:15.791000+00:00,kaspa:pzuhrmu9xkm9uhrgm6p8rx82qgzv55csklka6w8s9ga2dm6t9y60ze5pruahh,kaspa:qzn29emflgvea47f63axr780qurrllye2jas7kt2ww9js4uzy23zxy3knw05a,2.99983499
d45327e071413e4abbf97289adcda443184b8f6d809fa688a371cd2ce7adbbbd,2025-08-15T14:58:13.586000+00:00,kaspa:qzn29emflgvea47f63axr780qurrllye2jas7kt2ww9js4uzy23zxy3knw05a,kaspa:pzuhrmu9xkm9uhrgm6p8rx82qgzv55csklka6w8s9ga2dm6t9y60ze5pruahh,38.875
d45327e071413e4abbf97289adcda443184b8f6d809fa688a371cd2ce7adbbbd,2025-08-15T14:58:13.586000+00:00,kaspa:qzn29emflgvea47f63axr780qurrllye2jas7kt2ww9js4uzy23zxy3knw05a,kaspa:qzn29emflgvea47f63axr780qurrllye2jas7kt2ww9js4uzy23zxy3knw05a,3080.13902551
b3ca518560db8c954b4dea43922053c26ecef90ac62057bf356fe821d6c878fa,2025-08-15T14:57:55.567000+00:00,kaspa:pp3lyfhsef88885ddm9xkuy6lcfu7ldeu4qm8pdkt63apecccfupcgp9mlah9,kaspa:qyp4nvaq3pdq7609z09fvdgwtc9c7rg07fuw5zgeee7xpr085de59eseqfcmynn,525.0
b3ca518560db8c954b4dea43922053c26ecef90ac62057bf356fe821d6c878fa,2025-08-15T14:57:55.567000+00:00,kaspa:pp3lyfhsef88885ddm9xkuy6lcfu7ldeu4qm8pdkt63apecccfupcgp9mlah9,kaspa:qypljgtgz5qscwlnq2k4edra5wsu4t9nef79ge24anpmn94xtlc26qg69nj9plm,13.125
b3ca518560db8c954b4dea43922053c26ecef90ac62057bf356fe821d6c878fa,2025-08-15T14:57:55.567000+00:00,kaspa:pp3lyfhsef88885ddm9xkuy6lcfu7ldeu4qm8pdkt63apecccfupcgp9mlah9,kaspa:qzn29emflgvea47f63axr780qurrllye2jas7kt2ww9js4uzy23zxy3knw05a,2.99994193
d490e2b56be14f0c8102309653837f5151f55659802b9996268664aab1bd6ce5,2025-08-15T14:57:53.315000+00:00,kaspa:qzn29emflgvea47f63axr780qurrllye2jas7kt2ww9js4uzy23zxy3knw05a,kaspa:pp3lyfhsef88885ddm9xkuy6lcfu7ldeu4qm8pdkt63apecccfupcgp9mlah9,541.125
d490e2b56be14f0c8102309653837f5151f55659802b9996268664aab1bd6ce5,2025-08-15T14:57:53.315000+00:00,kaspa:qzn29emflgvea47f63axr780qurrllye2jas7kt2ww9js4uzy23zxy3knw05a,kaspa:qzn29emflgvea47f63axr780qurrllye2jas7kt2ww9js4uzy23zxy3knw05a,3116.01411523
905ccbed60d0f690a6d8974accedbeb95c57f41c17e72292df90952523df4965,2025-08-01T15:14:03.012000+00:00,kaspa:qpzpfwcsqsxhxwup26r55fd0ghqlhyugz8cp6y3wxuddc02vcxtjg75pspnwz,kaspa:qzn29emflgvea47f63axr780qurrllye2jas7kt2ww9js4uzy23zxy3knw05a,3858.77
905ccbed60d0f690a6d8974accedbeb95c57f41c17e72292df90952523df4965,2025-08-01T15:14:03.012000+00:00,kaspa:qpzpfwcsqsxhxwup26r55fd0ghqlhyugz8cp6y3wxuddc02vcxtjg75pspnwz,kaspa:qpzpfwcsqsxhxwup26r55fd0ghqlhyugz8cp6y3wxuddc02vcxtjg75pspnwz,278176.4204111
3d3a356bf89485ca197f97378a7197eeb41f88d4bc829d02c0bcf4007c838663,2025-07-22T18:32:34.926000+00:00,kaspa:pqqyh8rypghj6gh3v7y5ln36p5ulg8j8udngwag8dphestcxydwaxrw9sckc2,kaspa:qyp4nvaq3pdq7609z09fvdgwtc9c7rg07fuw5zgeee7xpr085de59eseqfcmynn,35.0
3d3a356bf89485ca197f97378a7197eeb41f88d4bc829d02c0bcf4007c838663,2025-07-22T18:32:34.926000+00:00,kaspa:pqqyh8rypghj6gh3v7y5ln36p5ulg8j8udngwag8dphestcxydwaxrw9sckc2,kaspa:qypljgtgz5qscwlnq2k4edra5wsu4t9nef79ge24anpmn94xtlc26qg69nj9plm,0.875
3d3a356bf89485ca197f97378a7197eeb41f88d4bc829d02c0bcf4007c838663,2025-07-22T18:32:34.926000+00:00,kaspa:pqqyh8rypghj6gh3v7y5ln36p5ulg8j8udngwag8dphestcxydwaxrw9sckc2,kaspa:qzn29emflgvea47f63axr780qurrllye2jas7kt2ww9js4uzy23zxy3knw05a,2.99983499
2e6beda5b17087cba0bf8a0d19b158e8fa2d5a521539ee9b475e99ebd3c5c460,2025-07-22T18:32:33.289000+00:00,kaspa:qzn29emflgvea47f63axr780qurrllye2jas7kt2ww9js4uzy23zxy3knw05a,kaspa:pqqyh8rypghj6gh3v7y5ln36p5ulg8j8udngwag8dphestcxydwaxrw9sckc2,38.875
2e6beda5b17087cba0bf8a0d19b158e8fa2d5a521539ee9b475e99ebd3c5c460,2025-07-22T18:32:33.289000+00:00,kaspa:qzn29emflgvea47f63axr780qurrllye2jas7kt2ww9js4uzy23zxy3knw05a,kaspa:qzn29emflgvea47f63axr780qurrllye2jas7kt2ww9js4uzy23zxy3knw05a,3654.13931189
985db0162359101ae1c263fc32c377bbe33e4bb0f975732a77beb401ac284eac,2025-07-22T18:18:28.229000+00:00,kaspa:pz7cucxswlkr4zxzsllmyjavnrwyxp3kchrz5e3scsgxeknl53f6uqkfux62u,kaspa:qyp4nvaq3pdq7609z09fvdgwtc9c7rg07fuw5zgeee7xpr085de59eseqfcmynn,35.0
985db0162359101ae1c263fc32c377bbe33e4bb0f975732a77beb401ac284eac,2025-07-22T18:18:28.229000+00:00,kaspa:pz7cucxswlkr4zxzsllmyjavnrwyxp3kchrz5e3scsgxeknl53f6uqkfux62u,kaspa:qypljgtgz5qscwlnq2k4edra5wsu4t9nef79ge24anpmn94xtlc26qg69nj9plm,0.875
985db0162359101ae1c263fc32c377bbe33e4bb0f975732a77beb401ac284eac,2025-07-22T18:18:28.229000+00:00,kaspa:pz7cucxswlkr4zxzsllmyjavnrwyxp3kchrz5e3scsgxeknl53f6uqkfux62u,kaspa:qzn29emflgvea47f63axr780qurrllye2jas7kt2ww9js4uzy23zxy3knw05a,2.99983499
23d3906bb42cdfa7ad6bf70eafeff1af19814cf22ca80498d528fca8661dc5ef,2025-07-22T18:18:25.411000+00:00,kaspa:qzn29emflgvea47f63axr780qurrllye2jas7kt2ww9js4uzy23zxy3knw05a,kaspa:pz7cucxswlkr4zxzsllmyjavnrwyxp3kchrz5e3scsgxeknl53f6uqkfux62u,38.875
23d3906bb42cdfa7ad6bf70eafeff1af19814cf22ca80498d528fca8661dc5ef,2025-07-22T18:18:25.411000+00:00,kaspa:qzn29emflgvea47f63axr780qurrllye2jas7kt2ww9js4uzy23zxy3knw05a,kaspa:qzn29emflgvea47f63axr780qurrllye2jas7kt2ww9js4uzy23zxy3knw05a,3690.01450855
6d35a2163ffa996fbcf3e94e7f4ba6e9be12b4461d7d0d30c997c3ca7cda60c7,2025-07-22T18:11:57.560000+00:00,kaspa:ppwqxjvku9u9ehcsn2usuxjmuzjd9p6sqwtclrwntyxpzw4yjsmn6rvazdtd7,kaspa:qyp4nvaq3pdq7609z09fvdgwtc9c7rg07fuw5zgeee7xpr085de59eseqfcmynn,35.0
6d35a2163ffa996fbcf3e94e7f4ba6e9be12b4461d7d0d30c997c3ca7cda60c7,2025-07-22T18:11:57.560000+00:00,kaspa:ppwqxjvku9u9ehcsn2usuxjmuzjd9p6sqwtclrwntyxpzw4yjsmn6rvazdtd7,kaspa:qypljgtgz5qscwlnq2k4edra5wsu4t9nef79ge24anpmn94xtlc26qg69nj9plm,0.875
6d35a2163ffa996fbcf3e94e7f4ba6e9be12b4461d7d0d30c997c3ca7cda60c7,2025-07-22T18:11:57.560000+00:00,kaspa:ppwqxjvku9u9ehcsn2usuxjmuzjd9p6sqwtclrwntyxpzw4yjsmn6rvazdtd7,kaspa:qzn29emflgvea47f63axr780qurrllye2jas7kt2ww9js4uzy23zxy3knw05a,2.99983499
42cbf12d40413487367d623e39b0ff7662696d9ce2597f5412ac7b73eb838dcd,2025-07-22T18:11:54.939000+00:00,kaspa:qzn29emflgvea47f63axr780qurrllye2jas7kt2ww9js4uzy23zxy3knw05a,kaspa:ppwqxjvku9u9ehcsn2usuxjmuzjd9p6sqwtclrwntyxpzw4yjsmn6rvazdtd7,38.875
42cbf12d40413487367d623e39b0ff7662696d9ce2597f5412ac7b73eb838dcd,2025-07-22T18:11:54.939000+00:00,kaspa:qzn29emflgvea47f63axr780qurrllye2jas7kt2ww9js4uzy23zxy3knw05a,kaspa:qzn29emflgvea47f63axr780qurrllye2jas7kt2ww9js4uzy23zxy3knw05a,3725.88970521
406d1dcdd52d1dfd3a72b940ac09966f7af1f5f75cd9798e696b4899fdffbf59,2025-07-22T09:39:57.888000+00:00,kaspa:prdls5knlrvns99g8enguxu2jyk0p34rmew5a9ktfaaqrs35u098ycavw4t39,kaspa:qqre4wt08dp0rvmxwqgwdkz4zu4m36g9uvmfledd27mx939uxe2yjpmmd37zq,121.0
406d1dcdd52d1dfd3a72b940ac09966f7af1f5f75cd9798e696b4899fdffbf59,2025-07-22T09:39:57.888000+00:00,kaspa:prdls5knlrvns99g8enguxu2jyk0p34rmew5a9ktfaaqrs35u098ycavw4t39,kaspa:qypljgtgz5qscwlnq2k4edra5wsu4t9nef79ge24anpmn94xtlc26qg69nj9plm,3.025
406d1dcdd52d1dfd3a72b940ac09966f7af1f5f75cd9798e696b4899fdffbf59,2025-07-22T09:39:57.888000+00:00,kaspa:prdls5knlrvns99g8enguxu2jyk0p34rmew5a9ktfaaqrs35u098ycavw4t39,kaspa:qzn29emflgvea47f63axr780qurrllye2jas7kt2ww9js4uzy23zxy3knw05a,2.99993352
39ac067a5f2c9674048eefd88b866ac64e978d6c6225745d79c542255b338f3e,2025-07-22T09:39:55.421000+00:00,kaspa:qzn29emflgvea47f63axr780qurrllye2jas7kt2ww9js4uzy23zxy3knw05a,kaspa:prdls5knlrvns99g8enguxu2jyk0p34rmew5a9ktfaaqrs35u098ycavw4t39,137.025
39ac067a5f2c9674048eefd88b866ac64e978d6c6225745d79c542255b338f3e,2025-07-22T09:39:55.421000+00:00,kaspa:qzn29emflgvea47f63axr780qurrllye2jas7kt2ww9js4uzy23zxy3knw05a,kaspa:qzn29emflgvea47f63axr780qurrllye2jas7kt2ww9js4uzy23zxy3knw05a,3761.76480334
5b60639a82b980ac07d8c212d703e6452c211ed0e6429e8d8caf6071ea2461f4,2025-07-16T08:30:04.215000+00:00,kaspa:qpzpfwcsqsxhxwup26r55fd0ghqlhyugz8cp6y3wxuddc02vcxtjg75pspnwz,kaspa:qzn29emflgvea47f63axr780qurrllye2jas7kt2ww9js4uzy23zxy3knw05a,3895.79
5b60639a82b980ac07d8c212d703e6452c211ed0e6429e8d8caf6071ea2461f4,2025-07-16T08:30:04.215000+00:00,kaspa:qpzpfwcsqsxhxwup26r55fd0ghqlhyugz8cp6y3wxuddc02vcxtjg75pspnwz,kaspa:qpzpfwcsqsxhxwup26r55fd0ghqlhyugz8cp6y3wxuddc02vcxtjg75pspnwz,16290.77972558
c238bf848666d8c016a0636ebd27766ae4a443508e3fdc3d9a34d470407f5420,2025-07-02T19:08:43.281000+00:00,kaspa:pqnznv6l67a80ec62jktp7xsdprwnxkmn9glmz8gjmsvxtzhkgra200jlnhje,kaspa:qyp4nvaq3pdq7609z09fvdgwtc9c7rg07fuw5zgeee7xpr085de59eseqfcmynn,35.0
c238bf848666d8c016a0636ebd27766ae4a443508e3fdc3d9a34d470407f5420,2025-07-02T19:08:43.281000+00:00,kaspa:pqnznv6l67a80ec62jktp7xsdprwnxkmn9glmz8gjmsvxtzhkgra200jlnhje,kaspa:qypljgtgz5qscwlnq2k4edra5wsu4t9nef79ge24anpmn94xtlc26qg69nj9plm,0.875
c238bf848666d8c016a0636ebd27766ae4a443508e3fdc3d9a34d470407f5420,2025-07-02T19:08:43.281000+00:00,kaspa:pqnznv6l67a80ec62jktp7xsdprwnxkmn9glmz8gjmsvxtzhkgra200jlnhje,kaspa:qzn29emflgvea47f63axr780qurrllye2jas7kt2ww9js4uzy23zxy3knw05a,2.99983499
88bdfa0a122d40ed7b482f87d63e91238fabee3987fba80d03c80fbbadd71b80,2025-07-02T19:08:40.669000+00:00,kaspa:qzn29emflgvea47f63axr780qurrllye2jas7kt2ww9js4uzy23zxy3knw05a,kaspa:pqnznv6l67a80ec62jktp7xsdprwnxkmn9glmz8gjmsvxtzhkgra200jlnhje,38.875
88bdfa0a122d40ed7b482f87d63e91238fabee3987fba80d03c80fbbadd71b80,2025-07-02T19:08:40.669000+00:00,kaspa:qzn29emflgvea47f63axr780qurrllye2jas7kt2ww9js4uzy23zxy3knw05a,kaspa:qzn29emflgvea47f63axr780qurrllye2jas7kt2ww9js4uzy23zxy3knw05a,4375.8662907
fe584f3326968a5d8d426672bd2b372d0291e284c37226462e3367b5f888f741,2025-07-02T19:03:35.573000+00:00,kaspa:prvddv26wwyqwr6jeyufw2huf3z0443qe3hmqnqpkma3c08p6kckzp92lg0mm,kaspa:qyp4nvaq3pdq7609z09fvdgwtc9c7rg07fuw5zgeee7xpr085de59eseqfcmynn,35.0
fe584f3326968a5d8d426672bd2b372d0291e284c37226462e3367b5f888f741,2025-07-02T19:03:35.573000+00:00,kaspa:prvddv26wwyqwr6jeyufw2huf3z0443qe3hmqnqpkma3c08p6kckzp92lg0mm,kaspa:qypljgtgz5qscwlnq2k4edra5wsu4t9nef79ge24anpmn94xtlc26qg69nj9plm,0.875
fe584f3326968a5d8d426672bd2b372d0291e284c37226462e3367b5f888f741,2025-07-02T19:03:35.573000+00:00,kaspa:prvddv26wwyqwr6jeyufw2huf3z0443qe3hmqnqpkma3c08p6kckzp92lg0mm,kaspa:qzn29emflgvea47f63axr780qurrllye2jas7kt2ww9js4uzy23zxy3knw05a,2.99983499
cb7dafa817ffc9515b6dd60c281a58b4b3d902ef0748b80a086b720d1520497f,2025-07-02T19:03:33.499000+00:00,kaspa:qzn29emflgvea47f63axr780qurrllye2jas7kt2ww9js4uzy23zxy3knw05a,kaspa:prvddv26wwyqwr6jeyufw2huf3z0443qe3hmqnqpkma3c08p6kckzp92lg0mm,38.875
cb7dafa817ffc9515b6dd60c281a58b4b3d902ef0748b80a086b720d1520497f,2025-07-02T19:03:33.499000+00:00,kaspa:qzn29emflgvea47f63axr780qurrllye2jas7kt2ww9js4uzy23zxy3knw05a,kaspa:qzn29emflgvea47f63axr780qurrllye2jas7kt2ww9js4uzy23zxy3knw05a,4411.74148736
950168d8af39cc03ebc8a232c1d7df9551302767df6e35f0a73a4c2591328cc5,2025-07-02T18:33:03.364000+00:00,kaspa:qpzpfwcsqsxhxwup26r55fd0ghqlhyugz8cp6y3wxuddc02vcxtjg75pspnwz,kaspa:qzn29emflgvea47f63axr780qurrllye2jas7kt2ww9js4uzy23zxy3knw05a,4442.74
950168d8af39cc03ebc8a232c1d7df9551302767df6e35f0a73a4c2591328cc5,2025-07-02T18:33:03.364000+00:00,kaspa:qpzpfwcsqsxhxwup26r55fd0ghqlhyugz8cp6y3wxuddc02vcxtjg75pspnwz,kaspa:qpzpfwcsqsxhxwup26r55fd0ghqlhyugz8cp6y3wxuddc02vcxtjg75pspnwz,816232.36279227
472e819e21ec75ac600db84145f0fb7dff16642fb99e816102a549d5e1b24d55,2025-06-28T16:43:09.458000+00:00,kaspa:pz3lxc3re69y5xjjqzug0nrvrntfhtdp3ql69mmqldvssu3865ny7649l20qp,kaspa:qpqgkpcl6eeksvz5094q0qx7yld6v08yujt8udrgukjv4lym9h065njcsfgn9,0.8482243570208825
472e819e21ec75ac600db84145f0fb7dff16642fb99e816102a549d5e1b24d55,2025-06-28T16:43:09.458000+00:00,kaspa:qzn29emflgvea47f63axr780qurrllye2jas7kt2ww9js4uzy23zxy3knw05a,kaspa:qpqgkpcl6eeksvz5094q0qx7yld6v08yujt8udrgukjv4lym9h065njcsfgn9,50.151792172979114
472e819e21ec75ac600db84145f0fb7dff16642fb99e816102a549d5e1b24d55,2025-06-28T16:43:09.458000+00:00,kaspa:pz3lxc3re69y5xjjqzug0nrvrntfhtdp3ql69mmqldvssu3865ny7649l20qp,kaspa:qzn29emflgvea47f63axr780qurrllye2jas7kt2ww9js4uzy23zxy3knw05a,0.13100104132103518
472e819e21ec75ac600db84145f0fb7dff16642fb99e816102a549d5e1b24d55,2025-06-28T16:43:09.458000+00:00,kaspa:qzn29emflgvea47f63axr780qurrllye2jas7kt2ww9js4uzy23zxy3knw05a,kaspa:qzn29emflgvea47f63axr780qurrllye2jas7kt2ww9js4uzy23zxy3knw05a,7.745517968678964
472e819e21ec75ac600db84145f0fb7dff16642fb99e816102a549d5e1b24d55,2025-06-28T16:43:09.458000+00:00,kaspa:pz3lxc3re69y5xjjqzug0nrvrntfhtdp3ql69mmqldvssu3865ny7649l20qp,kaspa:qypljgtgz5qscwlnq2k4edra5wsu4t9nef79ge24anpmn94xtlc26qg69nj9plm,0.02078980593373747
472e819e21ec75ac600db84145f0fb7dff16642fb99e816102a549d5e1b24d55,2025-06-28T16:43:09.458000+00:00,kaspa:qzn29emflgvea47f63axr780qurrllye2jas7kt2ww9js4uzy23zxy3knw05a,kaspa:qypljgtgz5qscwlnq2k4edra5wsu4t9nef79ge24anpmn94xtlc26qg69nj9plm,1.2292101940662625
84612ac0ebff34bf5ade96dd809a964e6cbe04529174ca2c908c1fb1da841b8e,2025-06-24T09:19:53.830000+00:00,kaspa:ppxq03s8lrjhrczf8gxqpt5s67dmf7ksylnrn27rtyztktwrs390uzaxvn235,kaspa:qpc5lc5urxhvlgft0duqlk50m3uerhey34g24nuzn6psmchgjlugs74s82ck7,287.0
84612ac0ebff34bf5ade96dd809a964e6cbe04529174ca2c908c1fb1da841b8e,2025-06-24T09:19:53.830000+00:00,kaspa:ppxq03s8lrjhrczf8gxqpt5s67dmf7ksylnrn27rtyztktwrs390uzaxvn235,kaspa:qypljgtgz5qscwlnq2k4edra5wsu4t9nef79ge24anpmn94xtlc26qg69nj9plm,7.175
84612ac0ebff34bf5ade96dd809a964e6cbe04529174ca2c908c1fb1da841b8e,2025-06-24T09:19:53.830000+00:00,kaspa:ppxq03s8lrjhrczf8gxqpt5s67dmf7ksylnrn27rtyztktwrs390uzaxvn235,kaspa:qzn29emflgvea47f63axr780qurrllye2jas7kt2ww9js4uzy23zxy3knw05a,2.99995272
f0dc2811c155c7627dccfd874be252c2c22d04daa3ec590ef3953f3910efb5cd,2025-06-24T09:19:00.084000+00:00,kaspa:qzn29emflgvea47f63axr780qurrllye2jas7kt2ww9js4uzy23zxy3knw05a,kaspa:ppxq03s8lrjhrczf8gxqpt5s67dmf7ksylnrn27rtyztktwrs390uzaxvn235,307.175
f0dc2811c155c7627dccfd874be252c2c22d04daa3ec590ef3953f3910efb5cd,2025-06-24T09:19:00.084000+00:00,kaspa:qzn29emflgvea47f63axr780qurrllye2jas7kt2ww9js4uzy23zxy3knw05a,kaspa:qzn29emflgvea47f63axr780qurrllye2jas7kt2ww9js4uzy23zxy3knw05a,56.126646
cce4f918037d1b06d5968354762c4406ffbff4ccd57e2397b220532d51f18bae,2025-06-20T20:45:55.835000+00:00,kaspa:qzn29emflgvea47f63axr780qurrllye2jas7kt2ww9js4uzy23zxy3knw05a,kaspa:pzxr2jqutmtkentcmmvqe2aremtrn9dg3n4we22cll0wx5k5ae7ygxmh3pf4n,36.0
cce4f918037d1b06d5968354762c4406ffbff4ccd57e2397b220532d51f18bae,2025-06-20T20:45:55.835000+00:00,kaspa:qzn29emflgvea47f63axr780qurrllye2jas7kt2ww9js4uzy23zxy3knw05a,kaspa:qqkm7pcztna2mm8vfymvqwmrwrudxc6fmh6s7lfc7w8yhlz6ywnkvqutw3m8l,3.5
cce4f918037d1b06d5968354762c4406ffbff4ccd57e2397b220532d51f18bae,2025-06-20T20:45:55.835000+00:00,kaspa:qzn29emflgvea47f63axr780qurrllye2jas7kt2ww9js4uzy23zxy3knw05a,kaspa:qzn29emflgvea47f63axr780qurrllye2jas7kt2ww9js4uzy23zxy3knw05a,277.30170765
c84779db732df108228fabdf1125f2405992e96277cd0ea3e240580983e3409f,2025-06-20T20:44:52.624000+00:00,kaspa:pzxr2jqutmtkentcmmvqe2aremtrn9dg3n4we22cll0wx5k5ae7ygxmh3pf4n,kaspa:qzn29emflgvea47f63axr780qurrllye2jas7kt2ww9js4uzy23zxy3knw05a,85.99997
4dd350054f8a2061c55c4ca7151d931e71f488da4d2c54f44b560d22aebe844f,2025-06-20T20:43:45.366000+00:00,kaspa:qzn29emflgvea47f63axr780qurrllye2jas7kt2ww9js4uzy23zxy3knw05a,kaspa:pzxr2jqutmtkentcmmvqe2aremtrn9dg3n4we22cll0wx5k5ae7ygxmh3pf4n,101.0
4dd350054f8a2061c55c4ca7151d931e71f488da4d2c54f44b560d22aebe844f,2025-06-20T20:43:45.366000+00:00,kaspa:qzn29emflgvea47f63axr780qurrllye2jas7kt2ww9js4uzy23zxy3knw05a,kaspa:qqkm7pcztna2mm8vfymvqwmrwrudxc6fmh6s7lfc7w8yhlz6ywnkvqutw3m8l,10.0
4dd350054f8a2061c55c4ca7151d931e71f488da4d2c54f44b560d22aebe844f,2025-06-20T20:43:45.366000+00:00,kaspa:qzn29emflgvea47f63axr780qurrllye2jas7kt2ww9js4uzy23zxy3knw05a,kaspa:qzn29emflgvea47f63axr780qurrllye2jas7kt2ww9js4uzy23zxy3knw05a,298.41905128
1eb85cf2bf8772bd9135c23bc0ed0385e765850e2397ebe4125fb63b21f948f2,2024-12-04T10:45:10.080000+00:00,kaspa:qp2xtkupcf4n9dx7jssexhh23msyftftz77jen3j6pq00ch6hlllgzve2yjqp,kaspa:qzn29emflgvea47f63axr780qurrllye2jas7kt2ww9js4uzy23zxy3knw05a,4.77923061
8c14f4595585c46ea6e13ea3b1959a59b1d9819c19f3cd900b8f78ce960c4edd,2024-12-04T10:20:31.271000+00:00,kaspa:qzn29emflgvea47f63axr780qurrllye2jas7kt2ww9js4uzy23zxy3knw05a,kaspa:qp2xtkupcf4n9dx7jssexhh23msyftftz77jen3j6pq00ch6hlllgzve2yjqp,5.0
8c14f4595585c46ea6e13ea3b1959a59b1d9819c19f3cd900b8f78ce960c4edd,2024-12-04T10:20:31.271000+00:00,kaspa:qzn29emflgvea47f63axr780qurrllye2jas7kt2ww9js4uzy23zxy3knw05a,kaspa:qzn29emflgvea47f63axr780qurrllye2jas7kt2ww9js4uzy23zxy3knw05a,404.63985644
c28a656c5ccb7c5a285c27888d804249aa7ed0c21e4854bd8031482fbb289852,2024-12-04T10:18:33.880000+00:00,kaspa:qp2xtkupcf4n9dx7jssexhh23msyftftz77jen3j6pq00ch6hlllgzve2yjqp,kaspa:qzn29emflgvea47f63axr780qurrllye2jas7kt2ww9js4uzy23zxy3knw05a,404.63990375
02c0c53c22400c2e69416149dd75f3a1225fe88b95b59cf0676e6efaf2d92dfc,2024-10-22T14:41:10.286000+00:00,kaspa:pzrdsysphaq67uuvl5haf3eq2smqjts5m5fkkj48hdukd0n7wl2l7qd2d4ryv,kaspa:qzn29emflgvea47f63axr780qurrllye2jas7kt2ww9js4uzy23zxy3knw05a,5.0
012e9057d2bc25ac836cc7894070d67a52aa160866831c9b0d5afca59e405829,2024-10-22T14:41:06.318000+00:00,kaspa:qzn29emflgvea47f63axr780qurrllye2jas7kt2ww9js4uzy23zxy3knw05a,kaspa:pzrdsysphaq67uuvl5haf3eq2smqjts5m5fkkj48hdukd0n7wl2l7qd2d4ryv,9.34243197
012e9057d2bc25ac836cc7894070d67a52aa160866831c9b0d5afca59e405829,2024-10-22T14:41:06.318000+00:00,kaspa:qzn29emflgvea47f63axr780qurrllye2jas7kt2ww9js4uzy23zxy3knw05a,kaspa:qzn29emflgvea47f63axr780qurrllye2jas7kt2ww9js4uzy23zxy3knw05a,18.38269214
8057c8155dfd1718910bc15f1cd354492dce50bf91094ed08c535ea21ba413f2,2024-10-22T06:11:22.484000+00:00,kaspa:qzn29emflgvea47f63axr780qurrllye2jas7kt2ww9js4uzy23zxy3knw05a,kaspa:ppck9zd9vgsa33z488e2tmfqe4wc6jey6u4s93t2832fepyjnaht5ukeysfgn,156.06649886
8057c8155dfd1718910bc15f1cd354492dce50bf91094ed08c535ea21ba413f2,2024-10-22T06:11:22.484000+00:00,kaspa:qzn29emflgvea47f63axr780qurrllye2jas7kt2ww9js4uzy23zxy3knw05a,kaspa:qqkm7pcztna2mm8vfymvqwmrwrudxc6fmh6s7lfc7w8yhlz6ywnkvqutw3m8l,10.0
8057c8155dfd1718910bc15f1cd354492dce50bf91094ed08c535ea21ba413f2,2024-10-22T06:11:22.484000+00:00,kaspa:qzn29emflgvea47f63axr780qurrllye2jas7kt2ww9js4uzy23zxy3knw05a,kaspa:qzn29emflgvea47f63axr780qurrllye2jas7kt2ww9js4uzy23zxy3knw05a,32.16960323
25e0d2edf1427a4039ae6a39c0d34683cb361f9659f546c45ad8d206984b3cde,2024-10-22T06:10:04.709000+00:00,kaspa:qp2xtkupcf4n9dx7jssexhh23msyftftz77jen3j6pq00ch6hlllgzve2yjqp,kaspa:qzn29emflgvea47f63axr780qurrllye2jas7kt2ww9js4uzy23zxy3knw05a,200.0
25e0d2edf1427a4039ae6a39c0d34683cb361f9659f546c45ad8d206984b3cde,2024-10-22T06:10:04.709000+00:00,kaspa:qp2xtkupcf4n9dx7jssexhh23msyftftz77jen3j6pq00ch6hlllgzve2yjqp,kaspa:qp2xtkupcf4n9dx7jssexhh23msyftftz77jen3j6pq00ch6hlllgzve2yjqp,272.8631779
f3df53a1b479ed24ae937558d0317a81f03689968481c9aac412ea64f9bc43db,2024-09-29T10:19:18.212000+00:00,kaspa:qzn29emflgvea47f63axr780qurrllye2jas7kt2ww9js4uzy23zxy3knw05a,kaspa:qz92a74le3arhcjpehc3hd86k8kannfw6zr7sn8uldfyw7vrwvqsq8vhje7wt,8.0
f3df53a1b479ed24ae937558d0317a81f03689968481c9aac412ea64f9bc43db,2024-09-29T10:19:18.212000+00:00,kaspa:qzn29emflgvea47f63axr780qurrllye2jas7kt2ww9js4uzy23zxy3knw05a,kaspa:qzn29emflgvea47f63axr780qurrllye2jas7kt2ww9js4uzy23zxy3knw05a,0.99971529
5827170539239ddf6d17f1ff668ef0b496a0127fd12a6d072d35019d4c941e44,2024-09-29T08:52:52.687000+00:00,kaspa:qzn29emflgvea47f63axr780qurrllye2jas7kt2ww9js4uzy23zxy3knw05a,kaspa:qquwwjyu473l5jcgrqnyfxnl7tefqqmq4q2hn668gurxyy6esxzr6dpc67plw,60.0
5827170539239ddf6d17f1ff668ef0b496a0127fd12a6d072d35019d4c941e44,2024-09-29T08:52:52.687000+00:00,kaspa:qzn29emflgvea47f63axr780qurrllye2jas7kt2ww9js4uzy23zxy3knw05a,kaspa:qzn29emflgvea47f63axr780qurrllye2jas7kt2ww9js4uzy23zxy3knw05a,8.99986739
92b85b82ae2bf822d5e8fd281ec99e1a9d7c10cd355cdec5459367bdc8696ee5,2024-09-25T21:12:12.347000+00:00,kaspa:ppslq64mamyaencl2nzfew9jcyu654grtv4p3d934lz8jf5vs7qh6nj59ykua,kaspa:qzn29emflgvea47f63axr780qurrllye2jas7kt2ww9js4uzy23zxy3knw05a,5.0
4ff3c31362d2dd0bf95dc228e90c138628aa1d497eb1f98f01107500c5dd8ad4,2024-09-25T21:12:09.390000+00:00,kaspa:qzn29emflgvea47f63axr780qurrllye2jas7kt2ww9js4uzy23zxy3knw05a,kaspa:ppslq64mamyaencl2nzfew9jcyu654grtv4p3d934lz8jf5vs7qh6nj59ykua,5.00003
4ff3c31362d2dd0bf95dc228e90c138628aa1d497eb1f98f01107500c5dd8ad4,2024-09-25T21:12:09.390000+00:00,kaspa:qzn29emflgvea47f63axr780qurrllye2jas7kt2ww9js4uzy23zxy3knw05a,kaspa:qzn29emflgvea47f63axr780qurrllye2jas7kt2ww9js4uzy23zxy3knw05a,63.9999147
6af7b525516b403ff102cf34a5ab02705ea7ccabf717158f67f6c9ef0c8d82ac,2024-09-22T16:32:06.239000+00:00,kaspa:qzn29emflgvea47f63axr780qurrllye2jas7kt2ww9js4uzy23zxy3knw05a,kaspa:ppq0pejtmfatykukaglkz4jcwscczurynvkjdpldd7swse97r2pjvkpx05zkl,51.0
6af7b525516b403ff102cf34a5ab02705ea7ccabf717158f67f6c9ef0c8d82ac,2024-09-22T16:32:06.239000+00:00,kaspa:qzn29emflgvea47f63axr780qurrllye2jas7kt2ww9js4uzy23zxy3knw05a,kaspa:qqkm7pcztna2mm8vfymvqwmrwrudxc6fmh6s7lfc7w8yhlz6ywnkvqutw3m8l,5.0
6af7b525516b403ff102cf34a5ab02705ea7ccabf717158f67f6c9ef0c8d82ac,2024-09-22T16:32:06.239000+00:00,kaspa:qzn29emflgvea47f63axr780qurrllye2jas7kt2ww9js4uzy23zxy3knw05a,kaspa:qzn29emflgvea47f63axr780qurrllye2jas7kt2ww9js4uzy23zxy3knw05a,68.99997541
fe2a89aba5ec5f776b135b2c119b18e181fe5f489252fff09e2acfd3070c6798,2024-09-22T16:28:08.992000+00:00,kaspa:qz2e8yduj4cy3kamd9lewnntefzrv0yw7hv7thaamwnnjwky3f9hz6dngcnf8,kaspa:qzn29emflgvea47f63axr780qurrllye2jas7kt2ww9js4uzy23zxy3knw05a,125.0
fe2a89aba5ec5f776b135b2c119b18e181fe5f489252fff09e2acfd3070c6798,2024-09-22T16:28:08.992000+00:00,kaspa:qz2e8yduj4cy3kamd9lewnntefzrv0yw7hv7thaamwnnjwky3f9hz6dngcnf8,kaspa:qz2e8yduj4cy3kamd9lewnntefzrv0yw7hv7thaamwnnjwky3f9hz6dngcnf8,13.34721539
