tx_id,timestamp,sender,recipient,amount_kas
9d0d40778f1b1170ccc5aa7dc624042f5b7526e9ad5a78244195f3147c9066df,2025-08-26T19:41:35.252000+00:00,kaspa:qzpzt5epww0hz0hzh2hc7flld5kadmx4j6yaa5u74yleelxpcz3uuk4c24wdu,kaspa:qypqq2ny33475vvzxnsxuwcpqlq9eexfp5k7zxgdyzqz8h4kspsfqfs3scv2rk2,1640.0
9d0d40778f1b1170ccc5aa7dc624042f5b7526e9ad5a78244195f3147c9066df,2025-08-26T19:41:35.252000+00:00,kaspa:qzpzt5epww0hz0hzh2hc7flld5kadmx4j6yaa5u74yleelxpcz3uuk4c24wdu,kaspa:qzpzt5epww0hz0hzh2hc7flld5kadmx4j6yaa5u74yleelxpcz3uuk4c24wdu,4.97109179
194be8a951e9d8cceef08a1e8b35902ef65378f344442fea770520bd6e433fd0,2025-08-26T12:00:37.588000+00:00,kaspa:pq3p5nmfpx728w68gd46k3cdnn7gh9va9d8lkn25xklzqdr4259f6afwtw3fx,kaspa:qzpzt5epww0hz0hzh2hc7flld5kadmx4j6yaa5u74yleelxpcz3uuk4c24wdu,0.15856476231221697
194be8a951e9d8cceef08a1e8b35902ef65378f344442fea770520bd6e433fd0,2025-08-26T12:00:37.588000+00:00,kaspa:qpdgx7r32r5w54vlpkvvgfn4qfj2lhldduwrskzllasf56ppdv9cgxkgy457e,kaspa:qzpzt5epww0hz0hzh2hc7flld5kadmx4j6yaa5u74yleelxpcz3uuk4c24wdu,320.8414478076878
0ed1a6df79e776da6bf6dd4c5daad926a2cdb6037b430fb254f1b1ba72ad7fea,2025-08-26T11:56:36.233000+00:00,kaspa:pq3p5nmfpx728w68gd46k3cdnn7gh9va9d8lkn25xklzqdr4259f6afwtw3fx,kaspa:qzpzt5epww0hz0hzh2hc7flld5kadmx4j6yaa5u74yleelxpcz3uuk4c24wdu,0.2595668188908139
0ed1a6df79e776da6bf6dd4c5daad926a2cdb6037b430fb254f1b1ba72ad7fea,2025-08-26T11:56:36.233000+00:00,kaspa:qz58m57aawnxnn6s66nhutmsysev50sm4xqsnlzq60k3xmu2ruddwlqa7q0sx,kaspa:qzpzt5epww0hz0hzh2hc7flld5kadmx4j6yaa5u74yleelxpcz3uuk4c24wdu,645.7404484111092
16179c4e481ce6da8ff6442034ef3c4110faf8d66763c8bf6222b6bc11cf3ba1,2025-08-26T11:56:13.746000+00:00,kaspa:pq3p5nmfpx728w68gd46k3cdnn7gh9va9d8lkn25xklzqdr4259f6afwtw3fx,kaspa:qzpzt5epww0hz0hzh2hc7flld5kadmx4j6yaa5u74yleelxpcz3uuk4c24wdu,0.11396769403708426
16179c4e481ce6da8ff6442034ef3c4110faf8d66763c8bf6222b6bc11cf3ba1,2025-08-26T11:56:13.746000+00:00,kaspa:qz58m57aawnxnn6s66nhutmsysev50sm4xqsnlzq60k3xmu2ruddwlqa7q0sx,kaspa:qzpzt5epww0hz0hzh2hc7flld5kadmx4j6yaa5u74yleelxpcz3uuk4c24wdu,320.8861074359629
26d4c0fec9041685a7e9b5316de0d2a68692dd454fccd6141801f66421cf8304,2025-08-26T11:55:41.047000+00:00,kaspa:pq3p5nmfpx728w68gd46k3cdnn7gh9va9d8lkn25xklzqdr4259f6afwtw3fx,kaspa:qzpzt5epww0hz0hzh2hc7flld5kadmx4j6yaa5u74yleelxpcz3uuk4c24wdu,0.10065292914730241
26d4c0fec9041685a7e9b5316de0d2a68692dd454fccd6141801f66421cf8304,2025-08-26T11:55:41.047000+00:00,kaspa:qz58m57aawnxnn6s66nhutmsysev50sm4xqsnlzq60k3xmu2ruddwlqa7q0sx,kaspa:qzpzt5epww0hz0hzh2hc7flld5kadmx4j6yaa5u74yleelxpcz3uuk4c24wdu,315.8994022108527
b647cf419c37a3da5fb75b3a249aeb8a955aaa89c84f2e3e4e1948c4e11f4d8e,2025-08-26T11:21:13.150000+00:00,kaspa:qzpzt5epww0hz0hzh2hc7flld5kadmx4j6yaa5u74yleelxpcz3uuk4c24wdu,kaspa:qypqq2ny33475vvzxnsxuwcpqlq9eexfp5k7zxgdyzqz8h4kspsfqfs3scv2rk2,7000.0
b647cf419c37a3da5fb75b3a249aeb8a955aaa89c84f2e3e4e1948c4e11f4d8e,2025-08-26T11:21:13.150000+00:00,kaspa:qzpzt5epww0hz0hzh2hc7flld5kadmx4j6yaa5u74yleelxpcz3uuk4c24wdu,kaspa:qzpzt5epww0hz0hzh2hc7flld5kadmx4j6yaa5u74yleelxpcz3uuk4c24wdu,40.97099891
6a1012b5efa231b7c0128143e99c3ff2dac35612970d74bb90f54ccd72c270e0,2025-08-26T11:20:47.830000+00:00,kaspa:qzpzt5epww0hz0hzh2hc7flld5kadmx4j6yaa5u74yleelxpcz3uuk4c24wdu,kaspa:qypqq2ny33475vvzxnsxuwcpqlq9eexfp5k7zxgdyzqz8h4kspsfqfs3scv2rk2,100.0
6a1012b5efa231b7c0128143e99c3ff2dac35612970d74bb90f54ccd72c270e0,2025-08-26T11:20:47.830000+00:00,kaspa:qzpzt5epww0hz0hzh2hc7flld5kadmx4j6yaa5u74yleelxpcz3uuk4c24wdu,kaspa:qzpzt5epww0hz0hzh2hc7flld5kadmx4j6yaa5u74yleelxpcz3uuk4c24wdu,1808.99967022
a00528d0f7bbfabf74363ac29786e64e490de165deb2f37e6f1137198217b05a,2025-08-26T11:01:47.038000+00:00,kaspa:qzpzt5epww0hz0hzh2hc7flld5kadmx4j6yaa5u74yleelxpcz3uuk4c24wdu,kaspa:pq3p5nmfpx728w68gd46k3cdnn7gh9va9d8lkn25xklzqdr4259f6afwtw3fx,0.9998241281633666
a00528d0f7bbfabf74363ac29786e64e490de165deb2f37e6f1137198217b05a,2025-08-26T11:01:47.038000+00:00,kaspa:pzk9pdq8xra7vm55fmc6hemxywr4tp3cxlvr6hhtxr4wv27aha2q75356egrp,kaspa:qzpzt5epww0hz0hzh2hc7flld5kadmx4j6yaa5u74yleelxpcz3uuk4c24wdu,0.9998241088528201
a00528d0f7bbfabf74363ac29786e64e490de165deb2f37e6f1137198217b05a,2025-08-26T11:01:47.038000+00:00,kaspa:qzpzt5epww0hz0hzh2hc7flld5kadmx4j6yaa5u74yleelxpcz3uuk4c24wdu,kaspa:qzpzt5epww0hz0hzh2hc7flld5kadmx4j6yaa5u74yleelxpcz3uuk4c24wdu,5230.971536231147
db68d53da1977873943b3d59d2472dcb3be2bc63ed362470b779ef4757243094,2025-08-26T11:01:44.900000+00:00,kaspa:qzpzt5epww0hz0hzh2hc7flld5kadmx4j6yaa5u74yleelxpcz3uuk4c24wdu,kaspa:pzk9pdq8xra7vm55fmc6hemxywr4tp3cxlvr6hhtxr4wv27aha2q75356egrp,1.00001523
db68d53da1977873943b3d59d2472dcb3be2bc63ed362470b779ef4757243094,2025-08-26T11:01:44.900000+00:00,kaspa:qzpzt5epww0hz0hzh2hc7flld5kadmx4j6yaa5u74yleelxpcz3uuk4c24wdu,kaspa:qzpzt5epww0hz0hzh2hc7flld5kadmx4j6yaa5u74yleelxpcz3uuk4c24wdu,1908.99969069
1ab8a9555f2008b3062e33cadb2d1e3c9a3f4c02b5a5db3f244933db9af5775b,2025-08-26T11:01:22.878000+00:00,kaspa:qzpzt5epww0hz0hzh2hc7flld5kadmx4j6yaa5u74yleelxpcz3uuk4c24wdu,kaspa:pq3p5nmfpx728w68gd46k3cdnn7gh9va9d8lkn25xklzqdr4259f6afwtw3fx,0.9984548986749473
1ab8a9555f2008b3062e33cadb2d1e3c9a3f4c02b5a5db3f244933db9af5775b,2025-08-26T11:01:22.878000+00:00,kaspa:prza4ur0xugevnz9j6xnqkzagw6x48uw2e9em6kcxupet45zkednyxgrzppfn,kaspa:qzpzt5epww0hz0hzh2hc7flld5kadmx4j6yaa5u74yleelxpcz3uuk4c24wdu,0.9984547419440287
1ab8a9555f2008b3062e33cadb2d1e3c9a3f4c02b5a5db3f244933db9af5775b,2025-08-26T11:01:22.878000+00:00,kaspa:qzpzt5epww0hz0hzh2hc7flld5kadmx4j6yaa5u74yleelxpcz3uuk4c24wdu,kaspa:qzpzt5epww0hz0hzh2hc7flld5kadmx4j6yaa5u74yleelxpcz3uuk4c24wdu,640.001528028056
b1aecda801cc35f211dd9b4d6db3982050be84c7b8aab4ebb7d239df931db26c,2025-08-26T11:01:20.943000+00:00,kaspa:qzpzt5epww0hz0hzh2hc7flld5kadmx4j6yaa5u74yleelxpcz3uuk4c24wdu,kaspa:prza4ur0xugevnz9j6xnqkzagw6x48uw2e9em6kcxupet45zkednyxgrzppfn,1.00001257
b1aecda801cc35f211dd9b4d6db3982050be84c7b8aab4ebb7d239df931db26c,2025-08-26T11:01:20.943000+00:00,kaspa:qzpzt5epww0hz0hzh2hc7flld5kadmx4j6yaa5u74yleelxpcz3uuk4c24wdu,kaspa:qzpzt5epww0hz0hzh2hc7flld5kadmx4j6yaa5u74yleelxpcz3uuk4c24wdu,5231.97146139
2e7bc12de28b9543cbbd81c6ffddb6ad3267bf2aace8ea30d239aa8414d72d79,2025-08-26T11:01:01.932000+00:00,kaspa:qzpzt5epww0hz0hzh2hc7flld5kadmx4j6yaa5u74yleelxpcz3uuk4c24wdu,kaspa:pq3p5nmfpx728w68gd46k3cdnn7gh9va9d8lkn25xklzqdr4259f6afwtw3fx,0.9969249054271068
2e7bc12de28b9543cbbd81c6ffddb6ad3267bf2aace8ea30d239aa8414d72d79,2025-08-26T11:01:01.932000+00:00,kaspa:prza4ur0xugevnz9j6xnqkzagw6x48uw2e9em6kcxupet45zkednyxgrzppfn,kaspa:qzpzt5epww0hz0hzh2hc7flld5kadmx4j6yaa5u74yleelxpcz3uuk4c24wdu,0.9969245919200989
2e7bc12de28b9543cbbd81c6ffddb6ad3267bf2aace8ea30d239aa8414d72d79,2025-08-26T11:01:01.932000+00:00,kaspa:qzpzt5epww0hz0hzh2hc7flld5kadmx4j6yaa5u74yleelxpcz3uuk4c24wdu,kaspa:qzpzt5epww0hz0hzh2hc7flld5kadmx4j6yaa5u74yleelxpcz3uuk4c24wdu,317.5030277680799
3230494b152ee11fdd6a1c02ddcbe431699201a3341ac28dfa019bfea9567c93,2025-08-26T11:01:00.617000+00:00,kaspa:qzpzt5epww0hz0hzh2hc7flld5kadmx4j6yaa5u74yleelxpcz3uuk4c24wdu,kaspa:prza4ur0xugevnz9j6xnqkzagw6x48uw2e9em6kcxupet45zkednyxgrzppfn,1.00005514
3230494b152ee11fdd6a1c02ddcbe431699201a3341ac28dfa019bfea9567c93,2025-08-26T11:01:00.617000+00:00,kaspa:qzpzt5epww0hz0hzh2hc7flld5kadmx4j6yaa5u74yleelxpcz3uuk4c24wdu,kaspa:qzpzt5epww0hz0hzh2hc7flld5kadmx4j6yaa5u74yleelxpcz3uuk4c24wdu,4914.47162154
e2db1081e621d36dd2e436ed7f9c50a53af53a288276c6a52b9cb8a58baecf2b,2025-08-26T10:52:47.203000+00:00,kaspa:pq3p5nmfpx728w68gd46k3cdnn7gh9va9d8lkn25xklzqdr4259f6afwtw3fx,kaspa:qzpzt5epww0hz0hzh2hc7flld5kadmx4j6yaa5u74yleelxpcz3uuk4c24wdu,0.011832546667688534
e2db1081e621d36dd2e436ed7f9c50a53af53a288276c6a52b9cb8a58baecf2b,2025-08-26T10:52:47.203000+00:00,kaspa:qpd68zp7zgn75au2590jhwt6a69dmlel9g89m2s0z79vscvu8gx4gwue3gfpu,kaspa:qzpzt5epww0hz0hzh2hc7flld5kadmx4j6yaa5u74yleelxpcz3uuk4c24wdu,640.9882508433324
39d6240ca75759fabec12f33f01ea0d6c39504b9018f37651293c5e0d5950780,2025-08-26T10:49:40.557000+00:00,kaspa:pq3p5nmfpx728w68gd46k3cdnn7gh9va9d8lkn25xklzqdr4259f6afwtw3fx,kaspa:qzpzt5epww0hz0hzh2hc7flld5kadmx4j6yaa5u74yleelxpcz3uuk4c24wdu,0.005918832389777078
39d6240ca75759fabec12f33f01ea0d6c39504b9018f37651293c5e0d5950780,2025-08-26T10:49:40.557000+00:00,kaspa:qpd68zp7zgn75au2590jhwt6a69dmlel9g89m2s0z79vscvu8gx4gwue3gfpu,kaspa:qzpzt5epww0hz0hzh2hc7flld5kadmx4j6yaa5u74yleelxpcz3uuk4c24wdu,318.49413368761026
73c4876dc145dddd20e000f5e5b51d833e90e2b7d56820375eee7e42a68ad0fe,2025-08-26T10:49:05.661000+00:00,kaspa:pq3p5nmfpx728w68gd46k3cdnn7gh9va9d8lkn25xklzqdr4259f6afwtw3fx,kaspa:qzpzt5epww0hz0hzh2hc7flld5kadmx4j6yaa5u74yleelxpcz3uuk4c24wdu,0.005837939791306875
73c4876dc145dddd20e000f5e5b51d833e90e2b7d56820375eee7e42a68ad0fe,2025-08-26T10:49:05.661000+00:00,kaspa:qpd68zp7zgn75au2590jhwt6a69dmlel9g89m2s0z79vscvu8gx4gwue3gfpu,kaspa:qzpzt5epww0hz0hzh2hc7flld5kadmx4j6yaa5u74yleelxpcz3uuk4c24wdu,315.9942064202087
06dd901972bd43883ef31ef873d2cec12e0982b19cab3c3beb26c12fc6a6e000,2025-08-26T10:48:51.679000+00:00,kaspa:qzpzt5epww0hz0hzh2hc7flld5kadmx4j6yaa5u74yleelxpcz3uuk4c24wdu,kaspa:pq3p5nmfpx728w68gd46k3cdnn7gh9va9d8lkn25xklzqdr4259f6afwtw3fx,0.9992958571013825
06dd901972bd43883ef31ef873d2cec12e0982b19cab3c3beb26c12fc6a6e000,2025-08-26T10:48:51.679000+00:00,kaspa:pzk9pdq8xra7vm55fmc6hemxywr4tp3cxlvr6hhtxr4wv27aha2q75356egrp,kaspa:qzpzt5epww0hz0hzh2hc7flld5kadmx4j6yaa5u74yleelxpcz3uuk4c24wdu,0.9992957776695629
06dd901972bd43883ef31ef873d2cec12e0982b19cab3c3beb26c12fc6a6e000,2025-08-26T10:48:51.679000+00:00,kaspa:qzpzt5epww0hz0hzh2hc7flld5kadmx4j6yaa5u74yleelxpcz3uuk4c24wdu,kaspa:qzpzt5epww0hz0hzh2hc7flld5kadmx4j6yaa5u74yleelxpcz3uuk4c24wdu,1268.0005272123306
93faef0286de2995c47bc4b24b4b33529a277a01dd3cedc4233c693f94b4c43e,2025-08-26T10:48:50.139000+00:00,kaspa:qzpzt5epww0hz0hzh2hc7flld5kadmx4j6yaa5u74yleelxpcz3uuk4c24wdu,kaspa:pzk9pdq8xra7vm55fmc6hemxywr4tp3cxlvr6hhtxr4wv27aha2q75356egrp,1.00008339
93faef0286de2995c47bc4b24b4b33529a277a01dd3cedc4233c693f94b4c43e,2025-08-26T10:48:50.139000+00:00,kaspa:qzpzt5epww0hz0hzh2hc7flld5kadmx4j6yaa5u74yleelxpcz3uuk4c24wdu,kaspa:qzpzt5epww0hz0hzh2hc7flld5kadmx4j6yaa5u74yleelxpcz3uuk4c24wdu,4599.47173225
7ea54e4c39320d335a30f848bfac612110065c82714ec0b5dd8a37a98327bbfe,2025-08-26T10:48:21.852000+00:00,kaspa:qzpzt5epww0hz0hzh2hc7flld5kadmx4j6yaa5u74yleelxpcz3uuk4c24wdu,kaspa:pq3p5nmfpx728w68gd46k3cdnn7gh9va9d8lkn25xklzqdr4259f6afwtw3fx,0.9992876101677081
7ea54e4c39320d335a30f848bfac612110065c82714ec0b5dd8a37a98327bbfe,2025-08-26T10:48:21.852000+00:00,kaspa:prza4ur0xugevnz9j6xnqkzagw6x48uw2e9em6kcxupet45zkednyxgrzppfn,kaspa:qzpzt5epww0hz0hzh2hc7flld5kadmx4j6yaa5u74yleelxpcz3uuk4c24wdu,0.9992875307444249
7ea54e4c39320d335a30f848bfac612110065c82714ec0b5dd8a37a98327bbfe,2025-08-26T10:48:21.852000+00:00,kaspa:qzpzt5epww0hz0hzh2hc7flld5kadmx4j6yaa5u74yleelxpcz3uuk4c24wdu,kaspa:qzpzt5epww0hz0hzh2hc7flld5kadmx4j6yaa5u74yleelxpcz3uuk4c24wdu,1268.0006363292555
69d93406641f17dea1092e65567a37bc22fa248bf3b0624c7a2175d17484ad62,2025-08-26T10:48:19.426000+00:00,kaspa:qzpzt5epww0hz0hzh2hc7flld5kadmx4j6yaa5u74yleelxpcz3uuk4c24wdu,kaspa:prza4ur0xugevnz9j6xnqkzagw6x48uw2e9em6kcxupet45zkednyxgrzppfn,1.00007513
69d93406641f17dea1092e65567a37bc22fa248bf3b0624c7a2175d17484ad62,2025-08-26T10:48:19.426000+00:00,kaspa:qzpzt5epww0hz0hzh2hc7flld5kadmx4j6yaa5u74yleelxpcz3uuk4c24wdu,kaspa:qzpzt5epww0hz0hzh2hc7flld5kadmx4j6yaa5u74yleelxpcz3uuk4c24wdu,1354.47194418
48e594e8f60e6f5b72acda5fa8cbb813ef1f7de80f5e72be81da7935556f277c,2025-08-26T10:48:00.470000+00:00,kaspa:qzpzt5epww0hz0hzh2hc7flld5kadmx4j6yaa5u74yleelxpcz3uuk4c24wdu,kaspa:pq3p5nmfpx728w68gd46k3cdnn7gh9va9d8lkn25xklzqdr4259f6afwtw3fx,0.9986278691183773
48e594e8f60e6f5b72acda5fa8cbb813ef1f7de80f5e72be81da7935556f277c,2025-08-26T10:48:00.470000+00:00,kaspa:prza4ur0xugevnz9j6xnqkzagw6x48uw2e9em6kcxupet45zkednyxgrzppfn,kaspa:qzpzt5epww0hz0hzh2hc7flld5kadmx4j6yaa5u74yleelxpcz3uuk4c24wdu,0.9986277257063051
48e594e8f60e6f5b72acda5fa8cbb813ef1f7de80f5e72be81da7935556f277c,2025-08-26T10:48:00.470000+00:00,kaspa:qzpzt5epww0hz0hzh2hc7flld5kadmx4j6yaa5u74yleelxpcz3uuk4c24wdu,kaspa:qzpzt5epww0hz0hzh2hc7flld5kadmx4j6yaa5u74yleelxpcz3uuk4c24wdu,700.0013060242936
c08fb12e3b887bbdcf398c3946cb9617c3fd1ef5dad197fc8ecbba4f199b48a2,2025-08-26T10:47:59.137000+00:00,kaspa:qzpzt5epww0hz0hzh2hc7flld5kadmx4j6yaa5u74yleelxpcz3uuk4c24wdu,kaspa:prza4ur0xugevnz9j6xnqkzagw6x48uw2e9em6kcxupet45zkednyxgrzppfn,1.00005252
c08fb12e3b887bbdcf398c3946cb9617c3fd1ef5dad197fc8ecbba4f199b48a2,2025-08-26T10:47:59.137000+00:00,kaspa:qzpzt5epww0hz0hzh2hc7flld5kadmx4j6yaa5u74yleelxpcz3uuk4c24wdu,kaspa:qzpzt5epww0hz0hzh2hc7flld5kadmx4j6yaa5u74yleelxpcz3uuk4c24wdu,654.47218534
c3cb27236ab25399ab5698e122f9a37dc3fe1fb970f0eba1aeabda60609b80a9,2025-08-26T10:47:30.838000+00:00,kaspa:qzpzt5epww0hz0hzh2hc7flld5kadmx4j6yaa5u74yleelxpcz3uuk4c24wdu,kaspa:pq3p5nmfpx728w68gd46k3cdnn7gh9va9d8lkn25xklzqdr4259f6afwtw3fx,0.9354073589464283
c3cb27236ab25399ab5698e122f9a37dc3fe1fb970f0eba1aeabda60609b80a9,2025-08-26T10:47:30.838000+00:00,kaspa:prza4ur0xugevnz9j6xnqkzagw6x48uw2e9em6kcxupet45zkednyxgrzppfn,kaspa:qzpzt5epww0hz0hzh2hc7flld5kadmx4j6yaa5u74yleelxpcz3uuk4c24wdu,0.9354020492523297
c3cb27236ab25399ab5698e122f9a37dc3fe1fb970f0eba1aeabda60609b80a9,2025-08-26T10:47:30.838000+00:00,kaspa:qzpzt5epww0hz0hzh2hc7flld5kadmx4j6yaa5u74yleelxpcz3uuk4c24wdu,kaspa:qzpzt5epww0hz0hzh2hc7flld5kadmx4j6yaa5u74yleelxpcz3uuk4c24wdu,13.53685886074767
fd5d08fd69531040477aee5739ddf19d375131a6f820693ff4096dd3217dc9e5,2025-08-26T10:47:29.338000+00:00,kaspa:qzpzt5epww0hz0hzh2hc7flld5kadmx4j6yaa5u74yleelxpcz3uuk4c24wdu,kaspa:prza4ur0xugevnz9j6xnqkzagw6x48uw2e9em6kcxupet45zkednyxgrzppfn,1.00004436
fd5d08fd69531040477aee5739ddf19d375131a6f820693ff4096dd3217dc9e5,2025-08-26T10:47:29.338000+00:00,kaspa:qzpzt5epww0hz0hzh2hc7flld5kadmx4j6yaa5u74yleelxpcz3uuk4c24wdu,kaspa:qzpzt5epww0hz0hzh2hc7flld5kadmx4j6yaa5u74yleelxpcz3uuk4c24wdu,3245.99997139
29181375136631b72d70f3d40a1430a63803a1b14abd5d574bcb2b4ed863b0b8,2025-08-26T04:42:42.698000+00:00,kaspa:pq3p5nmfpx728w68gd46k3cdnn7gh9va9d8lkn25xklzqdr4259f6afwtw3fx,kaspa:qzpzt5epww0hz0hzh2hc7flld5kadmx4j6yaa5u74yleelxpcz3uuk4c24wdu,0.029446824580265363
29181375136631b72d70f3d40a1430a63803a1b14abd5d574bcb2b4ed863b0b8,2025-08-26T04:42:42.698000+00:00,kaspa:qz58m57aawnxnn6s66nhutmsysev50sm4xqsnlzq60k3xmu2ruddwlqa7q0sx,kaspa:qzpzt5epww0hz0hzh2hc7flld5kadmx4j6yaa5u74yleelxpcz3uuk4c24wdu,700.9705875954197
cb21e4f3e5d039c0d14d64e60736066353bfaab9540fc32f162bdf31d642ec9b,2025-08-26T04:20:59.498000+00:00,kaspa:pq3p5nmfpx728w68gd46k3cdnn7gh9va9d8lkn25xklzqdr4259f6afwtw3fx,kaspa:qzpzt5epww0hz0hzh2hc7flld5kadmx4j6yaa5u74yleelxpcz3uuk4c24wdu,0.11076881591119002
cb21e4f3e5d039c0d14d64e60736066353bfaab9540fc32f162bdf31d642ec9b,2025-08-26T04:20:59.498000+00:00,kaspa:qqvxllfwylx406pphgx0zr6tl8vmfymxgwnqwl8wgrndrll2qhufqd6cd6gdy,kaspa:qzpzt5epww0hz0hzh2hc7flld5kadmx4j6yaa5u74yleelxpcz3uuk4c24wdu,2600.8892669640886
f9381416456fef3afba12240f1daaa04922bf5f23b4029e8140bb86302185be0,2025-08-26T04:17:59.202000+00:00,kaspa:pq3p5nmfpx728w68gd46k3cdnn7gh9va9d8lkn25xklzqdr4259f6afwtw3fx,kaspa:qzpzt5epww0hz0hzh2hc7flld5kadmx4j6yaa5u74yleelxpcz3uuk4c24wdu,0.01256911139304808
f9381416456fef3afba12240f1daaa04922bf5f23b4029e8140bb86302185be0,2025-08-26T04:17:59.202000+00:00,kaspa:qz58m57aawnxnn6s66nhutmsysev50sm4xqsnlzq60k3xmu2ruddwlqa7q0sx,kaspa:qzpzt5epww0hz0hzh2hc7flld5kadmx4j6yaa5u74yleelxpcz3uuk4c24wdu,645.987510758607
b9c110a22d4f430c62f3799a8d1bfc12b7a7af209df15731eb16401b6865e5c2,2025-08-26T04:17:41.438000+00:00,kaspa:pq3p5nmfpx728w68gd46k3cdnn7gh9va9d8lkn25xklzqdr4259f6afwtw3fx,kaspa:qzpzt5epww0hz0hzh2hc7flld5kadmx4j6yaa5u74yleelxpcz3uuk4c24wdu,0.012314617771615733
b9c110a22d4f430c62f3799a8d1bfc12b7a7af209df15731eb16401b6865e5c2,2025-08-26T04:17:41.438000+00:00,kaspa:qz58m57aawnxnn6s66nhutmsysev50sm4xqsnlzq60k3xmu2ruddwlqa7q0sx,kaspa:qzpzt5epww0hz0hzh2hc7flld5kadmx4j6yaa5u74yleelxpcz3uuk4c24wdu,640.9877618722284
c32504bfa42289a281ffe34478656b56c570a4e4a588a91995d1706d93e28ced,2025-08-26T00:46:54.502000+00:00,kaspa:pq3p5nmfpx728w68gd46k3cdnn7gh9va9d8lkn25xklzqdr4259f6afwtw3fx,kaspa:qzpzt5epww0hz0hzh2hc7flld5kadmx4j6yaa5u74yleelxpcz3uuk4c24wdu,0.07931469701795829
c32504bfa42289a281ffe34478656b56c570a4e4a588a91995d1706d93e28ced,2025-08-26T00:46:54.502000+00:00,kaspa:qz58m57aawnxnn6s66nhutmsysev50sm4xqsnlzq60k3xmu2ruddwlqa7q0sx,kaspa:qzpzt5epww0hz0hzh2hc7flld5kadmx4j6yaa5u74yleelxpcz3uuk4c24wdu,1268.9207100229821
a21bd44502f4a8111aa26c7b23a8ca7e797a1fbec929d4b3cfcfac5ad97608f5,2025-08-23T13:09:15.847000+00:00,kaspa:qzpzt5epww0hz0hzh2hc7flld5kadmx4j6yaa5u74yleelxpcz3uuk4c24wdu,kaspa:qpflu9ljwgeape8tyyglde0sluh32k0227gffqcnhty3hal0lsjlz07lk6537,700.0
a21bd44502f4a8111aa26c7b23a8ca7e797a1fbec929d4b3cfcfac5ad97608f5,2025-08-23T13:09:15.847000+00:00,kaspa:qzpzt5epww0hz0hzh2hc7flld5kadmx4j6yaa5u74yleelxpcz3uuk4c24wdu,kaspa:qzpzt5epww0hz0hzh2hc7flld5kadmx4j6yaa5u74yleelxpcz3uuk4c24wdu,14.47234306
2ce801bb7ff09eaef8aac281d54fe7fa004aae823c891feacb072f0e8eb9834c,2025-08-23T12:57:51.793000+00:00,kaspa:qzpzt5epww0hz0hzh2hc7flld5kadmx4j6yaa5u74yleelxpcz3uuk4c24wdu,kaspa:pq3p5nmfpx728w68gd46k3cdnn7gh9va9d8lkn25xklzqdr4259f6afwtw3fx,0.998636646020931
2ce801bb7ff09eaef8aac281d54fe7fa004aae823c891feacb072f0e8eb9834c,2025-08-23T12:57:51.793000+00:00,kaspa:pzk9pdq8xra7vm55fmc6hemxywr4tp3cxlvr6hhtxr4wv27aha2q75356egrp,kaspa:qzpzt5epww0hz0hzh2hc7flld5kadmx4j6yaa5u74yleelxpcz3uuk4c24wdu,0.9986365052839131
2ce801bb7ff09eaef8aac281d54fe7fa004aae823c891feacb072f0e8eb9834c,2025-08-23T12:57:51.793000+00:00,kaspa:qzpzt5epww0hz0hzh2hc7flld5kadmx4j6yaa5u74yleelxpcz3uuk4c24wdu,kaspa:qzpzt5epww0hz0hzh2hc7flld5kadmx4j6yaa5u74yleelxpcz3uuk4c24wdu,713.473726914716
830832eba2195e660c2ac9b7130c5c4b9ae1d041f9c3695e721a5822c01094ae,2025-08-23T12:57:47.563000+00:00,kaspa:qzpzt5epww0hz0hzh2hc7flld5kadmx4j6yaa5u74yleelxpcz3uuk4c24wdu,kaspa:pzk9pdq8xra7vm55fmc6hemxywr4tp3cxlvr6hhtxr4wv27aha2q75356egrp,1.00003442
830832eba2195e660c2ac9b7130c5c4b9ae1d041f9c3695e721a5822c01094ae,2025-08-23T12:57:47.563000+00:00,kaspa:qzpzt5epww0hz0hzh2hc7flld5kadmx4j6yaa5u74yleelxpcz3uuk4c24wdu,kaspa:qzpzt5epww0hz0hzh2hc7flld5kadmx4j6yaa5u74yleelxpcz3uuk4c24wdu,714.47246411
20517f0d8ecc90852148b10e81b25fdc7831e5176d80a8516e9cf60fb9a9c075,2025-08-23T12:56:22.492000+00:00,kaspa:qzpzt5epww0hz0hzh2hc7flld5kadmx4j6yaa5u74yleelxpcz3uuk4c24wdu,kaspa:pq3p5nmfpx728w68gd46k3cdnn7gh9va9d8lkn25xklzqdr4259f6afwtw3fx,0.998639953595951
20517f0d8ecc90852148b10e81b25fdc7831e5176d80a8516e9cf60fb9a9c075,2025-08-23T12:56:22.492000+00:00,kaspa:prqhhjw3pdtr83tr9crfu73yf538sq805kl5s9utgs5j3jmnqhr6545yt5fhq,kaspa:qzpzt5epww0hz0hzh2hc7flld5kadmx4j6yaa5u74yleelxpcz3uuk4c24wdu,0.9986398130552191
20517f0d8ecc90852148b10e81b25fdc7831e5176d80a8516e9cf60fb9a9c075,2025-08-23T12:56:22.492000+00:00,kaspa:qzpzt5epww0hz0hzh2hc7flld5kadmx4j6yaa5u74yleelxpcz3uuk4c24wdu,kaspa:qzpzt5epww0hz0hzh2hc7flld5kadmx4j6yaa5u74yleelxpcz3uuk4c24wdu,714.4739587069447
be4b4f9e76ad32a890ffc019b549a43c8d48aa3567029e4b455737b972387bf1,2025-08-23T12:56:19.922000+00:00,kaspa:qzpzt5epww0hz0hzh2hc7flld5kadmx4j6yaa5u74yleelxpcz3uuk4c24wdu,kaspa:prqhhjw3pdtr83tr9crfu73yf538sq805kl5s9utgs5j3jmnqhr6545yt5fhq,1.00003578
be4b4f9e76ad32a890ffc019b549a43c8d48aa3567029e4b455737b972387bf1,2025-08-23T12:56:19.922000+00:00,kaspa:qzpzt5epww0hz0hzh2hc7flld5kadmx4j6yaa5u74yleelxpcz3uuk4c24wdu,kaspa:qzpzt5epww0hz0hzh2hc7flld5kadmx4j6yaa5u74yleelxpcz3uuk4c24wdu,715.47269921
66544389dffff02d18f785ed18442231b8fcb9ffdde4b2fa871e972bc7f02e49,2025-08-23T12:55:31.796000+00:00,kaspa:qzpzt5epww0hz0hzh2hc7flld5kadmx4j6yaa5u74yleelxpcz3uuk4c24wdu,kaspa:pq3p5nmfpx728w68gd46k3cdnn7gh9va9d8lkn25xklzqdr4259f6afwtw3fx,0.9986308703417948
66544389dffff02d18f785ed18442231b8fcb9ffdde4b2fa871e972bc7f02e49,2025-08-23T12:55:31.796000+00:00,kaspa:ppq0udzncsxmr8f5h2u3y3zatkdj0cpv7c9revx9kuchjjanya6gqkerfz5rx,kaspa:qzpzt5epww0hz0hzh2hc7flld5kadmx4j6yaa5u74yleelxpcz3uuk4c24wdu,0.9986307299985421
66544389dffff02d18f785ed18442231b8fcb9ffdde4b2fa871e972bc7f02e49,2025-08-23T12:55:31.796000+00:00,kaspa:qzpzt5epww0hz0hzh2hc7flld5kadmx4j6yaa5u74yleelxpcz3uuk4c24wdu,kaspa:qzpzt5epww0hz0hzh2hc7flld5kadmx4j6yaa5u74yleelxpcz3uuk4c24wdu,715.4742042500015
47626868d9f623535f0de2d860812e1678e4883ce1fa3dd0937b57a22a27cb61,2025-08-23T12:55:28.263000+00:00,kaspa:qzpzt5epww0hz0hzh2hc7flld5kadmx4j6yaa5u74yleelxpcz3uuk4c24wdu,kaspa:ppq0udzncsxmr8f5h2u3y3zatkdj0cpv7c9revx9kuchjjanya6gqkerfz5rx,1.00002472
47626868d9f623535f0de2d860812e1678e4883ce1fa3dd0937b57a22a27cb61,2025-08-23T12:55:28.263000+00:00,kaspa:qzpzt5epww0hz0hzh2hc7flld5kadmx4j6yaa5u74yleelxpcz3uuk4c24wdu,kaspa:qzpzt5epww0hz0hzh2hc7flld5kadmx4j6yaa5u74yleelxpcz3uuk4c24wdu,716.47293567
80eeecc4860af25fd645d0bdb122523364e9ad98d01980a4be2be89e0ec4c2df,2025-08-23T12:54:45.418000+00:00,kaspa:qzpzt5epww0hz0hzh2hc7flld5kadmx4j6yaa5u74yleelxpcz3uuk4c24wdu,kaspa:pq3p5nmfpx728w68gd46k3cdnn7gh9va9d8lkn25xklzqdr4259f6afwtw3fx,0.9965332062353051
80eeecc4860af25fd645d0bdb122523364e9ad98d01980a4be2be89e0ec4c2df,2025-08-23T12:54:45.418000+00:00,kaspa:pzk9pdq8xra7vm55fmc6hemxywr4tp3cxlvr6hhtxr4wv27aha2q75356egrp,kaspa:qzpzt5epww0hz0hzh2hc7flld5kadmx4j6yaa5u74yleelxpcz3uuk4c24wdu,0.9965328514199346
80eeecc4860af25fd645d0bdb122523364e9ad98d01980a4be2be89e0ec4c2df,2025-08-23T12:54:45.418000+00:00,kaspa:qzpzt5epww0hz0hzh2hc7flld5kadmx4j6yaa5u74yleelxpcz3uuk4c24wdu,kaspa:qzpzt5epww0hz0hzh2hc7flld5kadmx4j6yaa5u74yleelxpcz3uuk4c24wdu,280.0034464585801
6b91b450513353d375a45957624ae8856b92dfbaf9c5042f4798ce277cf4cee4,2025-08-23T12:54:42.752000+00:00,kaspa:qzpzt5epww0hz0hzh2hc7flld5kadmx4j6yaa5u74yleelxpcz3uuk4c24wdu,kaspa:pzk9pdq8xra7vm55fmc6hemxywr4tp3cxlvr6hhtxr4wv27aha2q75356egrp,1.00007987
6b91b450513353d375a45957624ae8856b92dfbaf9c5042f4798ce277cf4cee4,2025-08-23T12:54:42.752000+00:00,kaspa:qzpzt5epww0hz0hzh2hc7flld5kadmx4j6yaa5u74yleelxpcz3uuk4c24wdu,kaspa:qzpzt5epww0hz0hzh2hc7flld5kadmx4j6yaa5u74yleelxpcz3uuk4c24wdu,436.47308066
5f21c7944576ab61f3f61043ded6d76660aad224c11589b88bc21622345c904c,2025-08-23T12:54:11.532000+00:00,kaspa:qzpzt5epww0hz0hzh2hc7flld5kadmx4j6yaa5u74yleelxpcz3uuk4c24wdu,kaspa:pq3p5nmfpx728w68gd46k3cdnn7gh9va9d8lkn25xklzqdr4259f6afwtw3fx,0.8662493894371575
5f21c7944576ab61f3f61043ded6d76660aad224c11589b88bc21622345c904c,2025-08-23T12:54:11.532000+00:00,kaspa:pzk9pdq8xra7vm55fmc6hemxywr4tp3cxlvr6hhtxr4wv27aha2q75356egrp,kaspa:qzpzt5epww0hz0hzh2hc7flld5kadmx4j6yaa5u74yleelxpcz3uuk4c24wdu,0.8662409562983309
5f21c7944576ab61f3f61043ded6d76660aad224c11589b88bc21622345c904c,2025-08-23T12:54:11.532000+00:00,kaspa:qzpzt5epww0hz0hzh2hc7flld5kadmx4j6yaa5u74yleelxpcz3uuk4c24wdu,kaspa:qzpzt5epww0hz0hzh2hc7flld5kadmx4j6yaa5u74yleelxpcz3uuk4c24wdu,5.607090763701669
36b1c4b8fa87d819283c244e97dba24ae5a7660b29131ffa2b4e1287dca4c4f3,2025-08-23T12:54:08.767000+00:00,kaspa:qzpzt5epww0hz0hzh2hc7flld5kadmx4j6yaa5u74yleelxpcz3uuk4c24wdu,kaspa:pzk9pdq8xra7vm55fmc6hemxywr4tp3cxlvr6hhtxr4wv27aha2q75356egrp,1.00007649
36b1c4b8fa87d819283c244e97dba24ae5a7660b29131ffa2b4e1287dca4c4f3,2025-08-23T12:54:08.767000+00:00,kaspa:qzpzt5epww0hz0hzh2hc7flld5kadmx4j6yaa5u74yleelxpcz3uuk4c24wdu,kaspa:qzpzt5epww0hz0hzh2hc7flld5kadmx4j6yaa5u74yleelxpcz3uuk4c24wdu,430.99992812
46525c94927ad575d019ad1f6fcf571ab72db52dbfba24ce463a2e409bd80599,2025-08-23T03:08:17.362000+00:00,kaspa:pq3p5nmfpx728w68gd46k3cdnn7gh9va9d8lkn25xklzqdr4259f6afwtw3fx,kaspa:qzpzt5epww0hz0hzh2hc7flld5kadmx4j6yaa5u74yleelxpcz3uuk4c24wdu,0.7021547050022304
46525c94927ad575d019ad1f6fcf571ab72db52dbfba24ce463a2e409bd80599,2025-08-23T03:08:17.362000+00:00,kaspa:qq0t2fkv95lcmcvjvq7js626tshpfgdkf8p4ldsvmme8krfeh6r0kwh7zatl9,kaspa:qzpzt5epww0hz0hzh2hc7flld5kadmx4j6yaa5u74yleelxpcz3uuk4c24wdu,290.29786798499777
770fa613fb7ec7bbc35b39b51384565da42279030bf189d6e58cee6f9a320681,2025-08-23T03:05:58.615000+00:00,kaspa:pq3p5nmfpx728w68gd46k3cdnn7gh9va9d8lkn25xklzqdr4259f6afwtw3fx,kaspa:qzpzt5epww0hz0hzh2hc7flld5kadmx4j6yaa5u74yleelxpcz3uuk4c24wdu,0.25273232652091343
770fa613fb7ec7bbc35b39b51384565da42279030bf189d6e58cee6f9a320681,2025-08-23T03:05:58.615000+00:00,kaspa:qq0t2fkv95lcmcvjvq7js626tshpfgdkf8p4ldsvmme8krfeh6r0kwh7zatl9,kaspa:qzpzt5epww0hz0hzh2hc7flld5kadmx4j6yaa5u74yleelxpcz3uuk4c24wdu,140.74734889347909
f3b432d24326145f0c91ab6fd6c547965be6f648dbc4d780c94ff20039594c42,2025-08-23T03:05:34.078000+00:00,kaspa:pq3p5nmfpx728w68gd46k3cdnn7gh9va9d8lkn25xklzqdr4259f6afwtw3fx,kaspa:qzpzt5epww0hz0hzh2hc7flld5kadmx4j6yaa5u74yleelxpcz3uuk4c24wdu,0.00743736593070101
f3b432d24326145f0c91ab6fd6c547965be6f648dbc4d780c94ff20039594c42,2025-08-23T03:05:34.078000+00:00,kaspa:qryutwdyemnvvve003g4yuzk0dy2q0k7rwnek0kafc3zkndktn29vl64h6gdl,kaspa:qzpzt5epww0hz0hzh2hc7flld5kadmx4j6yaa5u74yleelxpcz3uuk4c24wdu,280.9926419940693
85532d20968ebf6776721061a506a79da10f1aac362eba0515209e1eb23ee203,2025-08-22T21:18:53.906000+00:00,kaspa:qzpzt5epww0hz0hzh2hc7flld5kadmx4j6yaa5u74yleelxpcz3uuk4c24wdu,kaspa:pq3p5nmfpx728w68gd46k3cdnn7gh9va9d8lkn25xklzqdr4259f6afwtw3fx,0.8662101528286695
85532d20968ebf6776721061a506a79da10f1aac362eba0515209e1eb23ee203,2025-08-22T21:18:53.906000+00:00,kaspa:ppq0udzncsxmr8f5h2u3y3zatkdj0cpv7c9revx9kuchjjanya6gqkerfz5rx,kaspa:qzpzt5epww0hz0hzh2hc7flld5kadmx4j6yaa5u74yleelxpcz3uuk4c24wdu,0.8662017201539144
85532d20968ebf6776721061a506a79da10f1aac362eba0515209e1eb23ee203,2025-08-22T21:18:53.906000+00:00,kaspa:qzpzt5epww0hz0hzh2hc7flld5kadmx4j6yaa5u74yleelxpcz3uuk4c24wdu,kaspa:qzpzt5epww0hz0hzh2hc7flld5kadmx4j6yaa5u74yleelxpcz3uuk4c24wdu,5.607193019846085
a61652669763b6d815b266bd692788abf93e2003f133b1ccd515b6dceba3960e,2025-08-22T21:18:50.790000+00:00,kaspa:qzpzt5epww0hz0hzh2hc7flld5kadmx4j6yaa5u74yleelxpcz3uuk4c24wdu,kaspa:ppq0udzncsxmr8f5h2u3y3zatkdj0cpv7c9revx9kuchjjanya6gqkerfz5rx,1.00002269
a61652669763b6d815b266bd692788abf93e2003f133b1ccd515b6dceba3960e,2025-08-22T21:18:50.790000+00:00,kaspa:qzpzt5epww0hz0hzh2hc7flld5kadmx4j6yaa5u74yleelxpcz3uuk4c24wdu,kaspa:qzpzt5epww0hz0hzh2hc7flld5kadmx4j6yaa5u74yleelxpcz3uuk4c24wdu,6.47345776
9a8978731eaa8362d02e95f730570307c6bc740a656b88be7a3592a3be465436,2025-08-22T21:18:12.159000+00:00,kaspa:qzpzt5epww0hz0hzh2hc7flld5kadmx4j6yaa5u74yleelxpcz3uuk4c24wdu,kaspa:pq3p5nmfpx728w68gd46k3cdnn7gh9va9d8lkn25xklzqdr4259f6afwtw3fx,0.8820488317905497
9a8978731eaa8362d02e95f730570307c6bc740a656b88be7a3592a3be465436,2025-08-22T21:18:12.159000+00:00,kaspa:ppq0udzncsxmr8f5h2u3y3zatkdj0cpv7c9revx9kuchjjanya6gqkerfz5rx,kaspa:qzpzt5epww0hz0hzh2hc7flld5kadmx4j6yaa5u74yleelxpcz3uuk4c24wdu,0.8820408913267672
9a8978731eaa8362d02e95f730570307c6bc740a656b88be7a3592a3be465436,2025-08-22T21:18:12.159000+00:00,kaspa:qzpzt5epww0hz0hzh2hc7flld5kadmx4j6yaa5u74yleelxpcz3uuk4c24wdu,kaspa:qzpzt5epww0hz0hzh2hc7flld5kadmx4j6yaa5u74yleelxpcz3uuk4c24wdu,6.591541608673233
d70ccf0b945230ef76a14da4c3b7f802392211e58bab7e8f9f332e5f462b8187,2025-08-22T21:18:08.487000+00:00,kaspa:qzpzt5epww0hz0hzh2hc7flld5kadmx4j6yaa5u74yleelxpcz3uuk4c24wdu,kaspa:ppq0udzncsxmr8f5h2u3y3zatkdj0cpv7c9revx9kuchjjanya6gqkerfz5rx,1.00007936
d70ccf0b945230ef76a14da4c3b7f802392211e58bab7e8f9f332e5f462b8187,2025-08-22T21:18:08.487000+00:00,kaspa:qzpzt5epww0hz0hzh2hc7flld5kadmx4j6yaa5u74yleelxpcz3uuk4c24wdu,kaspa:qzpzt5epww0hz0hzh2hc7flld5kadmx4j6yaa5u74yleelxpcz3uuk4c24wdu,7.47364978
1959b94f1ae24e8911d54d531a1d5df32a69c10bf19463f281cd35eaae067b0f,2025-08-22T21:16:49.189000+00:00,kaspa:qzpzt5epww0hz0hzh2hc7flld5kadmx4j6yaa5u74yleelxpcz3uuk4c24wdu,kaspa:pq3p5nmfpx728w68gd46k3cdnn7gh9va9d8lkn25xklzqdr4259f6afwtw3fx,0.8945118424986106
1959b94f1ae24e8911d54d531a1d5df32a69c10bf19463f281cd35eaae067b0f,2025-08-22T21:16:49.189000+00:00,kaspa:pzk9pdq8xra7vm55fmc6hemxywr4tp3cxlvr6hhtxr4wv27aha2q75356egrp,kaspa:qzpzt5epww0hz0hzh2hc7flld5kadmx4j6yaa5u74yleelxpcz3uuk4c24wdu,0.8945043814609943
1959b94f1ae24e8911d54d531a1d5df32a69c10bf19463f281cd35eaae067b0f,2025-08-22T21:16:49.189000+00:00,kaspa:qzpzt5epww0hz0hzh2hc7flld5kadmx4j6yaa5u74yleelxpcz3uuk4c24wdu,kaspa:qzpzt5epww0hz0hzh2hc7flld5kadmx4j6yaa5u74yleelxpcz3uuk4c24wdu,7.579326328539006
b855aee42d13bb186a41fc9448d6061750c5f8599fe58310c987b7f1bd7e658d,2025-08-22T21:16:44.934000+00:00,kaspa:qzpzt5epww0hz0hzh2hc7flld5kadmx4j6yaa5u74yleelxpcz3uuk4c24wdu,kaspa:pzk9pdq8xra7vm55fmc6hemxywr4tp3cxlvr6hhtxr4wv27aha2q75356egrp,1.00008122
b855aee42d13bb186a41fc9448d6061750c5f8599fe58310c987b7f1bd7e658d,2025-08-22T21:16:44.934000+00:00,kaspa:qzpzt5epww0hz0hzh2hc7flld5kadmx4j6yaa5u74yleelxpcz3uuk4c24wdu,kaspa:qzpzt5epww0hz0hzh2hc7flld5kadmx4j6yaa5u74yleelxpcz3uuk4c24wdu,8.47390139
544c020314b163638e245c030ccfaa5f61f38310fa9355a43558271ec9b37d83,2025-08-22T12:15:18.285000+00:00,kaspa:qzpzt5epww0hz0hzh2hc7flld5kadmx4j6yaa5u74yleelxpcz3uuk4c24wdu,kaspa:qypqq2ny33475vvzxnsxuwcpqlq9eexfp5k7zxgdyzqz8h4kspsfqfs3scv2rk2,640.0
544c020314b163638e245c030ccfaa5f61f38310fa9355a43558271ec9b37d83,2025-08-22T12:15:18.285000+00:00,kaspa:qzpzt5epww0hz0hzh2hc7flld5kadmx4j6yaa5u74yleelxpcz3uuk4c24wdu,kaspa:qzpzt5epww0hz0hzh2hc7flld5kadmx4j6yaa5u74yleelxpcz3uuk4c24wdu,9.47408385
affdeed379eb279b3785cb3bee880719575d4d5f7926b4806637ac371b816921,2025-08-22T02:23:40.632000+00:00,kaspa:pq3p5nmfpx728w68gd46k3cdnn7gh9va9d8lkn25xklzqdr4259f6afwtw3fx,kaspa:qzpzt5epww0hz0hzh2hc7flld5kadmx4j6yaa5u74yleelxpcz3uuk4c24wdu,0.00805455899422114
affdeed379eb279b3785cb3bee880719575d4d5f7926b4806637ac371b816921,2025-08-22T02:23:40.632000+00:00,kaspa:qzn4cp4vmmea7v284vhjf07324j3g26fk80nzhggp8ndjm7fhr0kjgv8hsfva,kaspa:qzpzt5epww0hz0hzh2hc7flld5kadmx4j6yaa5u74yleelxpcz3uuk4c24wdu,429.23196017100577
36b53dfd77bd881fbd6ad9830e137d00bd051f93ede225a9e265e8604cc4f411,2025-08-22T02:16:18.575000+00:00,kaspa:pq3p5nmfpx728w68gd46k3cdnn7gh9va9d8lkn25xklzqdr4259f6afwtw3fx,kaspa:qzpzt5epww0hz0hzh2hc7flld5kadmx4j6yaa5u74yleelxpcz3uuk4c24wdu,0.6678308339814946
36b53dfd77bd881fbd6ad9830e137d00bd051f93ede225a9e265e8604cc4f411,2025-08-22T02:16:18.575000+00:00,kaspa:qq84mru62yrhav8t2xys5zu3nyxx884ekew76wfpxx8kzc4f8vq9jd2ska4ra,kaspa:qzpzt5epww0hz0hzh2hc7flld5kadmx4j6yaa5u74yleelxpcz3uuk4c24wdu,200.33225400601847
0fed889f60b5e8da6baeea805e14ec801199b017e49f08c75b19e04bda15da03,2025-08-21T22:05:50.295000+00:00,kaspa:qzpzt5epww0hz0hzh2hc7flld5kadmx4j6yaa5u74yleelxpcz3uuk4c24wdu,kaspa:pq3p5nmfpx728w68gd46k3cdnn7gh9va9d8lkn25xklzqdr4259f6afwtw3fx,0.9505918222798334
0fed889f60b5e8da6baeea805e14ec801199b017e49f08c75b19e04bda15da03,2025-08-21T22:05:50.295000+00:00,kaspa:pp9vnuvhla3vl6jyukctx5rchy2w2rupgvhdu79jgwjyxaz764hwuksyk5zsv,kaspa:qzpzt5epww0hz0hzh2hc7flld5kadmx4j6yaa5u74yleelxpcz3uuk4c24wdu,0.9505875447901776
0fed889f60b5e8da6baeea805e14ec801199b017e49f08c75b19e04bda15da03,2025-08-21T22:05:50.295000+00:00,kaspa:qzpzt5epww0hz0hzh2hc7flld5kadmx4j6yaa5u74yleelxpcz3uuk4c24wdu,kaspa:qzpzt5epww0hz0hzh2hc7flld5kadmx4j6yaa5u74yleelxpcz3uuk4c24wdu,18.28343956520982
b3073549e3a44cc8db154e5e2508b21d828bb9b7ca46eb33e9add1a93db57636,2025-08-21T22:05:46.461000+00:00,kaspa:qzpzt5epww0hz0hzh2hc7flld5kadmx4j6yaa5u74yleelxpcz3uuk4c24wdu,kaspa:pp9vnuvhla3vl6jyukctx5rchy2w2rupgvhdu79jgwjyxaz764hwuksyk5zsv,1.00001473
b3073549e3a44cc8db154e5e2508b21d828bb9b7ca46eb33e9add1a93db57636,2025-08-21T22:05:46.461000+00:00,kaspa:qzpzt5epww0hz0hzh2hc7flld5kadmx4j6yaa5u74yleelxpcz3uuk4c24wdu,kaspa:qzpzt5epww0hz0hzh2hc7flld5kadmx4j6yaa5u74yleelxpcz3uuk4c24wdu,19.23411366
ea6291d8e5529fb6bba38fa884bd0e09e5eb85cbbb5fe86343d6c19ed615786c,2025-08-21T22:04:32.898000+00:00,kaspa:qzpzt5epww0hz0hzh2hc7flld5kadmx4j6yaa5u74yleelxpcz3uuk4c24wdu,kaspa:pq3p5nmfpx728w68gd46k3cdnn7gh9va9d8lkn25xklzqdr4259f6afwtw3fx,0.9529834547841777
ea6291d8e5529fb6bba38fa884bd0e09e5eb85cbbb5fe86343d6c19ed615786c,2025-08-21T22:04:32.898000+00:00,kaspa:prnwfscapr5d2fmhvcyjl0wmpthvexc5uak7t09mcwkc9xunzks0xfyysrufp,kaspa:qzpzt5epww0hz0hzh2hc7flld5kadmx4j6yaa5u74yleelxpcz3uuk4c24wdu,0.952979346478894
ea6291d8e5529fb6bba38fa884bd0e09e5eb85cbbb5fe86343d6c19ed615786c,2025-08-21T22:04:32.898000+00:00,kaspa:qzpzt5epww0hz0hzh2hc7flld5kadmx4j6yaa5u74yleelxpcz3uuk4c24wdu,kaspa:qzpzt5epww0hz0hzh2hc7flld5kadmx4j6yaa5u74yleelxpcz3uuk4c24wdu,19.281249283521106
894d824570dc4e6db27651158b6e6f7c58b65f8a82ecfb9caeea14e9a9fb1f4b,2025-08-21T22:04:29.570000+00:00,kaspa:qzpzt5epww0hz0hzh2hc7flld5kadmx4j6yaa5u74yleelxpcz3uuk4c24wdu,kaspa:prnwfscapr5d2fmhvcyjl0wmpthvexc5uak7t09mcwkc9xunzks0xfyysrufp,1.00008484
894d824570dc4e6db27651158b6e6f7c58b65f8a82ecfb9caeea14e9a9fb1f4b,2025-08-21T22:04:29.570000+00:00,kaspa:qzpzt5epww0hz0hzh2hc7flld5kadmx4j6yaa5u74yleelxpcz3uuk4c24wdu,kaspa:qzpzt5epww0hz0hzh2hc7flld5kadmx4j6yaa5u74yleelxpcz3uuk4c24wdu,20.23431586
0228bc1da4623040d6efe8bedb3aef947aeec01061075980cf8a10d4ea496554,2025-08-21T22:03:18.031000+00:00,kaspa:qr5xy7w4esspt25tza5zxqflthgrlww7063l8cxl2vng6lz3kkaqc87mz6s4g,kaspa:qzpzt5epww0hz0hzh2hc7flld5kadmx4j6yaa5u74yleelxpcz3uuk4c24wdu,20.0
76881cc88870d196c7bc542ea4c312a36b2b489d7e44b07ae548972d161417ad,2025-08-21T19:56:51.390000+00:00,kaspa:qzpzt5epww0hz0hzh2hc7flld5kadmx4j6yaa5u74yleelxpcz3uuk4c24wdu,kaspa:qz8v4zne0j0lpmcja5qt6vk0vl57e8mgn3c7e5f2dwpaa6na25n9v30f35qpy,321.0
76881cc88870d196c7bc542ea4c312a36b2b489d7e44b07ae548972d161417ad,2025-08-21T19:56:51.390000+00:00,kaspa:qzpzt5epww0hz0hzh2hc7flld5kadmx4j6yaa5u74yleelxpcz3uuk4c24wdu,kaspa:qzpzt5epww0hz0hzh2hc7flld5kadmx4j6yaa5u74yleelxpcz3uuk4c24wdu,1.23448681
4525c311d5a9844c0238b3eb656c1ce1462ee7c3e2eb35ab23299700bfec329e,2025-08-21T19:56:24.967000+00:00,kaspa:qzpzt5epww0hz0hzh2hc7flld5kadmx4j6yaa5u74yleelxpcz3uuk4c24wdu,kaspa:qzpzt5epww0hz0hzh2hc7flld5kadmx4j6yaa5u74yleelxpcz3uuk4c24wdu,43.23459232161388
4525c311d5a9844c0238b3eb656c1ce1462ee7c3e2eb35ab23299700bfec329e,2025-08-21T19:56:24.967000+00:00,kaspa:pq3tuc2ut4vx082f23262c9xkpwkm0nmvydq9jcxajwlauejnch8g2k005pg7,kaspa:qzpzt5epww0hz0hzh2hc7flld5kadmx4j6yaa5u74yleelxpcz3uuk4c24wdu,278.9999754883861
2e2221d551b1e7c0c9975bdd7f93afa463d28264720a66ae273234a254c6426f,2025-08-21T19:48:32.832000+00:00,kaspa:qzpzt5epww0hz0hzh2hc7flld5kadmx4j6yaa5u74yleelxpcz3uuk4c24wdu,kaspa:pq3tuc2ut4vx082f23262c9xkpwkm0nmvydq9jcxajwlauejnch8g2k005pg7,444.0
2e2221d551b1e7c0c9975bdd7f93afa463d28264720a66ae273234a254c6426f,2025-08-21T19:48:32.832000+00:00,kaspa:qzpzt5epww0hz0hzh2hc7flld5kadmx4j6yaa5u74yleelxpcz3uuk4c24wdu,kaspa:qzpzt5epww0hz0hzh2hc7flld5kadmx4j6yaa5u74yleelxpcz3uuk4c24wdu,43.23459612
9b9977125cc78ba959ac5099554644c4489d10a734a02f5969e1e0a8c36f3de6,2025-08-21T19:47:31.811000+00:00,kaspa:qzpzt5epww0hz0hzh2hc7flld5kadmx4j6yaa5u74yleelxpcz3uuk4c24wdu,kaspa:qzpzt5epww0hz0hzh2hc7flld5kadmx4j6yaa5u74yleelxpcz3uuk4c24wdu,480.33462800380534
9b9977125cc78ba959ac5099554644c4489d10a734a02f5969e1e0a8c36f3de6,2025-08-21T19:47:31.811000+00:00,kaspa:pq3tuc2ut4vx082f23262c9xkpwkm0nmvydq9jcxajwlauejnch8g2k005pg7,kaspa:qzpzt5epww0hz0hzh2hc7flld5kadmx4j6yaa5u74yleelxpcz3uuk4c24wdu,3.9999997661947195
3f310d5a393d7673ac35951e5a987f5a669f5841ebf2bc79a17cee54ca6d4c69,2025-08-21T19:47:13.236000+00:00,kaspa:qzpzt5epww0hz0hzh2hc7flld5kadmx4j6yaa5u74yleelxpcz3uuk4c24wdu,kaspa:pq3tuc2ut4vx082f23262c9xkpwkm0nmvydq9jcxajwlauejnch8g2k005pg7,4.0
3f310d5a393d7673ac35951e5a987f5a669f5841ebf2bc79a17cee54ca6d4c69,2025-08-21T19:47:13.236000+00:00,kaspa:qzpzt5epww0hz0hzh2hc7flld5kadmx4j6yaa5u74yleelxpcz3uuk4c24wdu,kaspa:qzpzt5epww0hz0hzh2hc7flld5kadmx4j6yaa5u74yleelxpcz3uuk4c24wdu,480.33465608
2ab52e6fdf2c5365958df00cd7bafd1158a35b82c4430d444ec7e4ba43249744,2025-08-21T19:47:13.236000+00:00,kaspa:pq3tuc2ut4vx082f23262c9xkpwkm0nmvydq9jcxajwlauejnch8g2k005pg7,kaspa:qzpzt5epww0hz0hzh2hc7flld5kadmx4j6yaa5u74yleelxpcz3uuk4c24wdu,3.0
6c94a5237a053dd85dbb3aff95b0cd5f892f67a85330b6abcbf9f5ea99d3d51f,2025-08-21T19:46:53.650000+00:00,kaspa:qzpzt5epww0hz0hzh2hc7flld5kadmx4j6yaa5u74yleelxpcz3uuk4c24wdu,kaspa:pq3tuc2ut4vx082f23262c9xkpwkm0nmvydq9jcxajwlauejnch8g2k005pg7,4.0
6c94a5237a053dd85dbb3aff95b0cd5f892f67a85330b6abcbf9f5ea99d3d51f,2025-08-21T19:46:53.650000+00:00,kaspa:qzpzt5epww0hz0hzh2hc7flld5kadmx4j6yaa5u74yleelxpcz3uuk4c24wdu,kaspa:qzpzt5epww0hz0hzh2hc7flld5kadmx4j6yaa5u74yleelxpcz3uuk4c24wdu,481.33468773
c387dca288e87160b34029ef70d5239d7bb232ce13f6ad0a62da9ca16e5c8a5d,2025-08-21T19:46:53.650000+00:00,kaspa:pq3tuc2ut4vx082f23262c9xkpwkm0nmvydq9jcxajwlauejnch8g2k005pg7,kaspa:qzpzt5epww0hz0hzh2hc7flld5kadmx4j6yaa5u74yleelxpcz3uuk4c24wdu,3.0
0bdcf1306d07b1af23b9b2c7ee0027dfedf38d8e2dec89a537635048f10a5409,2025-08-21T19:44:31.718000+00:00,kaspa:pq3tuc2ut4vx082f23262c9xkpwkm0nmvydq9jcxajwlauejnch8g2k005pg7,kaspa:qzpzt5epww0hz0hzh2hc7flld5kadmx4j6yaa5u74yleelxpcz3uuk4c24wdu,3.0
a89c27bd924bac36d46e6c5a50c9597afc5d0d988335f196c370512224e0f7ba,2025-08-21T19:44:30.638000+00:00,kaspa:qzpzt5epww0hz0hzh2hc7flld5kadmx4j6yaa5u74yleelxpcz3uuk4c24wdu,kaspa:pq3tuc2ut4vx082f23262c9xkpwkm0nmvydq9jcxajwlauejnch8g2k005pg7,4.0
a89c27bd924bac36d46e6c5a50c9597afc5d0d988335f196c370512224e0f7ba,2025-08-21T19:44:30.638000+00:00,kaspa:qzpzt5epww0hz0hzh2hc7flld5kadmx4j6yaa5u74yleelxpcz3uuk4c24wdu,kaspa:qzpzt5epww0hz0hzh2hc7flld5kadmx4j6yaa5u74yleelxpcz3uuk4c24wdu,482.33471938
d67a24fc330c9ae620cbbcd36ab70d0358ce80c93e946173f8e52b29164f20d6,2025-08-21T19:41:54.930000+00:00,kaspa:qzkaphk6hvz860gvr4jdlfjn3q60umfw9vlq5mnhfqypjjw24qnm20s4wutc6,kaspa:qzpzt5epww0hz0hzh2hc7flld5kadmx4j6yaa5u74yleelxpcz3uuk4c24wdu,470.48
df1d8f49651352e61dc0e4c105bba929f1a00186c8041d7e3a7f88e12f62bcc3,2025-08-21T19:29:39.794000+00:00,kaspa:qzpzt5epww0hz0hzh2hc7flld5kadmx4j6yaa5u74yleelxpcz3uuk4c24wdu,kaspa:pq3tuc2ut4vx082f23262c9xkpwkm0nmvydq9jcxajwlauejnch8g2k005pg7,4.0
df1d8f49651352e61dc0e4c105bba929f1a00186c8041d7e3a7f88e12f62bcc3,2025-08-21T19:29:39.794000+00:00,kaspa:qzpzt5epww0hz0hzh2hc7flld5kadmx4j6yaa5u74yleelxpcz3uuk4c24wdu,kaspa:qzpzt5epww0hz0hzh2hc7flld5kadmx4j6yaa5u74yleelxpcz3uuk4c24wdu,15.85475103
e597d514a2fa676019a4cebed6ad92213a7dea9f2f902dbf9cdd5ced530a82bf,2025-05-29T23:15:06.232000+00:00,kaspa:pzl5kmvnhgpwffzw95apamn0z09n5wfz48mln0ezxhzz0c89qc4hjusdgghzm,kaspa:qzpzt5epww0hz0hzh2hc7flld5kadmx4j6yaa5u74yleelxpcz3uuk4c24wdu,2.99996664
cfcd2ccc7c63b9af9908415c15545733a339edf0e1a26b7577f80409d609c145,2025-05-29T23:15:03.927000+00:00,kaspa:qzpzt5epww0hz0hzh2hc7flld5kadmx4j6yaa5u74yleelxpcz3uuk4c24wdu,kaspa:pzl5kmvnhgpwffzw95apamn0z09n5wfz48mln0ezxhzz0c89qc4hjusdgghzm,3.0
cfcd2ccc7c63b9af9908415c15545733a339edf0e1a26b7577f80409d609c145,2025-05-29T23:15:03.927000+00:00,kaspa:qzpzt5epww0hz0hzh2hc7flld5kadmx4j6yaa5u74yleelxpcz3uuk4c24wdu,kaspa:qzpzt5epww0hz0hzh2hc7flld5kadmx4j6yaa5u74yleelxpcz3uuk4c24wdu,16.85481604
0ae9cc179df2c9ca73fa43eeed7eacbc76eec055928a778cc08aea096b4e4aeb,2025-05-29T22:33:10.720000+00:00,kaspa:pq62f59kd3r7rzc35gkf94fu9addat5347fsllwqvvvsvf0njdejzlj6l87xs,kaspa:qzpzt5epww0hz0hzh2hc7flld5kadmx4j6yaa5u74yleelxpcz3uuk4c24wdu,3.99994891
0fbdfc9e1eddb4afd26650d5dab4e89ba050c649ce78d4925c0bc9ffed25d05c,2025-05-29T22:33:00.068000+00:00,kaspa:qzpzt5epww0hz0hzh2hc7flld5kadmx4j6yaa5u74yleelxpcz3uuk4c24wdu,kaspa:qp9unhlww4t4sq30p68m9u30us4clpl78ts72phz6ke2qdd65zu9w4f6xyma4,7060.113
0fbdfc9e1eddb4afd26650d5dab4e89ba050c649ce78d4925c0bc9ffed25d05c,2025-05-29T22:33:00.068000+00:00,kaspa:qzpzt5epww0hz0hzh2hc7flld5kadmx4j6yaa5u74yleelxpcz3uuk4c24wdu,kaspa:qzpzt5epww0hz0hzh2hc7flld5kadmx4j6yaa5u74yleelxpcz3uuk4c24wdu,15.85489878
d642e57ce8b2a83c32f5c722ca308b7c1de4505abc8a5ed94b40185680d4cbe5,2025-05-29T22:32:49.366000+00:00,kaspa:qypqq2ny33475vvzxnsxuwcpqlq9eexfp5k7zxgdyzqz8h4kspsfqfs3scv2rk2,kaspa:qzpzt5epww0hz0hzh2hc7flld5kadmx4j6yaa5u74yleelxpcz3uuk4c24wdu,70.0
199e3b5fc46b9f1e701be8c3aaff756ff05fc003432edc63ddca778fb5cdd817,2025-05-29T22:32:17.824000+00:00,kaspa:qypqq2ny33475vvzxnsxuwcpqlq9eexfp5k7zxgdyzqz8h4kspsfqfs3scv2rk2,kaspa:qzpzt5epww0hz0hzh2hc7flld5kadmx4j6yaa5u74yleelxpcz3uuk4c24wdu,7000.0
a34c040aa91abe2323d0d431c6337ee9bc9d09fa907a5b7b0caef7de4b6ef874,2025-05-07T19:23:36.957000+00:00,kaspa:pp7swhj70pvj2mp09d68scda26u0hmcjrxlwvyeupmru6q2phgyvgfxfwnh8c,kaspa:qzpzt5epww0hz0hzh2hc7flld5kadmx4j6yaa5u74yleelxpcz3uuk4c24wdu,2.99987901
f26480cdab81d1175146cdeb2e82f12e4ded3e1f6bd2e11a29081ea643c4d0d5,2025-05-07T19:23:35.322000+00:00,kaspa:qzpzt5epww0hz0hzh2hc7flld5kadmx4j6yaa5u74yleelxpcz3uuk4c24wdu,kaspa:pp7swhj70pvj2mp09d68scda26u0hmcjrxlwvyeupmru6q2phgyvgfxfwnh8c,4.05
f26480cdab81d1175146cdeb2e82f12e4ded3e1f6bd2e11a29081ea643c4d0d5,2025-05-07T19:23:35.322000+00:00,kaspa:qzpzt5epww0hz0hzh2hc7flld5kadmx4j6yaa5u74yleelxpcz3uuk4c24wdu,kaspa:qzpzt5epww0hz0hzh2hc7flld5kadmx4j6yaa5u74yleelxpcz3uuk4c24wdu,2.96807367
dc065e240830226121d7f94ce35eb1a17c2a5675972423d1526a414cc163ffe2,2025-03-03T17:14:50.630000+00:00,kaspa:pp8mfcdc02r4t600za5ugsquvjej98an6vx9qrxm7kw7wpht5l4mvffx5r4ra,kaspa:qzpzt5epww0hz0hzh2hc7flld5kadmx4j6yaa5u74yleelxpcz3uuk4c24wdu,2.99996664
c009e98c6e42c1c04069e1d42f8cca2844c10473bf745e56409126c472bc2699,2025-03-03T17:14:42.897000+00:00,kaspa:qzpzt5epww0hz0hzh2hc7flld5kadmx4j6yaa5u74yleelxpcz3uuk4c24wdu,kaspa:pp8mfcdc02r4t600za5ugsquvjej98an6vx9qrxm7kw7wpht5l4mvffx5r4ra,3.0
c009e98c6e42c1c04069e1d42f8cca2844c10473bf745e56409126c472bc2699,2025-03-03T17:14:42.897000+00:00,kaspa:qzpzt5epww0hz0hzh2hc7flld5kadmx4j6yaa5u74yleelxpcz3uuk4c24wdu,kaspa:qzpzt5epww0hz0hzh2hc7flld5kadmx4j6yaa5u74yleelxpcz3uuk4c24wdu,4.01813868
a99efb74244a7b655f311e3d37b1e02c88d763725490c4ccb4f749fcab87ea73,2025-03-03T17:14:14.349000+00:00,kaspa:prwfwjm03fvhjjvdl09d6tuqsltkeatudvkrcwa3zdj3fc5lh9mxxf24n2sns,kaspa:qzpzt5epww0hz0hzh2hc7flld5kadmx4j6yaa5u74yleelxpcz3uuk4c24wdu,2.99996664
55f2fd3da6fb88f55319a8512b484d96ecc33d9695873a9484c6b2865b2da25f,2025-03-03T17:14:12.171000+00:00,kaspa:qzpzt5epww0hz0hzh2hc7flld5kadmx4j6yaa5u74yleelxpcz3uuk4c24wdu,kaspa:prwfwjm03fvhjjvdl09d6tuqsltkeatudvkrcwa3zdj3fc5lh9mxxf24n2sns,3.0
55f2fd3da6fb88f55319a8512b484d96ecc33d9695873a9484c6b2865b2da25f,2025-03-03T17:14:12.171000+00:00,kaspa:qzpzt5epww0hz0hzh2hc7flld5kadmx4j6yaa5u74yleelxpcz3uuk4c24wdu,kaspa:qzpzt5epww0hz0hzh2hc7flld5kadmx4j6yaa5u74yleelxpcz3uuk4c24wdu,4.01820369
a9b0c3f5f722a3e05870ee9ddfac0eb925afc185398f0a5999b5dccea37c0792,2025-03-03T17:13:43.279000+00:00,kaspa:prcf7ml3j93hwn0y7wap7z3lq93ctkp73f58stm9yyx8az9hk2vqk9xd56mjh,kaspa:qzpzt5epww0hz0hzh2hc7flld5kadmx4j6yaa5u74yleelxpcz3uuk4c24wdu,2.99996664
a0ce2cbe0c56eed1f3a633c684a3e026a0f02ff551a1d6e58dde70ed254f40df,2025-03-03T17:13:40.987000+00:00,kaspa:qzpzt5epww0hz0hzh2hc7flld5kadmx4j6yaa5u74yleelxpcz3uuk4c24wdu,kaspa:prcf7ml3j93hwn0y7wap7z3lq93ctkp73f58stm9yyx8az9hk2vqk9xd56mjh,3.0
a0ce2cbe0c56eed1f3a633c684a3e026a0f02ff551a1d6e58dde70ed254f40df,2025-03-03T17:13:40.987000+00:00,kaspa:qzpzt5epww0hz0hzh2hc7flld5kadmx4j6yaa5u74yleelxpcz3uuk4c24wdu,kaspa:qzpzt5epww0hz0hzh2hc7flld5kadmx4j6yaa5u74yleelxpcz3uuk4c24wdu,4.0182687
428c003c44cff04d2f0e31ee85a3a41f230daec1ed9156ba9a4feb2ba08a30bd,2025-02-15T18:01:51.918000+00:00,kaspa:ppre42vvsfu5spv9z6fuhfeapfq4ycaxyl5g82dcv64rntlmrgvvjw9kfph7e,kaspa:qzpzt5epww0hz0hzh2hc7flld5kadmx4j6yaa5u74yleelxpcz3uuk4c24wdu,2.99977407
f3bdeb789f62a7b37e09312d17d4abc22b5f97004613e7dccb8b66a7f3d39e55,2025-02-15T18:01:49.449000+00:00,kaspa:qzpzt5epww0hz0hzh2hc7flld5kadmx4j6yaa5u74yleelxpcz3uuk4c24wdu,kaspa:ppre42vvsfu5spv9z6fuhfeapfq4ycaxyl5g82dcv64rntlmrgvvjw9kfph7e,13.5
f3bdeb789f62a7b37e09312d17d4abc22b5f97004613e7dccb8b66a7f3d39e55,2025-02-15T18:01:49.449000+00:00,kaspa:qzpzt5epww0hz0hzh2hc7flld5kadmx4j6yaa5u74yleelxpcz3uuk4c24wdu,kaspa:qzpzt5epww0hz0hzh2hc7flld5kadmx4j6yaa5u74yleelxpcz3uuk4c24wdu,4.01852628
ae3013191d115ff73c3d31403cc605ce990327c917825a9f52ad5e778dd9a52c,2025-02-15T18:01:07.901000+00:00,kaspa:ppre42vvsfu5spv9z6fuhfeapfq4ycaxyl5g82dcv64rntlmrgvvjw9kfph7e,kaspa:qzpzt5epww0hz0hzh2hc7flld5kadmx4j6yaa5u74yleelxpcz3uuk4c24wdu,2.99977407
47222c935a5ca8e7d47069adf55b7988285208a3cdbf391a764c87752fbbbcd4,2025-02-15T18:01:05.226000+00:00,kaspa:qzpzt5epww0hz0hzh2hc7flld5kadmx4j6yaa5u74yleelxpcz3uuk4c24wdu,kaspa:ppre42vvsfu5spv9z6fuhfeapfq4ycaxyl5g82dcv64rntlmrgvvjw9kfph7e,13.5
47222c935a5ca8e7d47069adf55b7988285208a3cdbf391a764c87752fbbbcd4,2025-02-15T18:01:05.226000+00:00,kaspa:qzpzt5epww0hz0hzh2hc7flld5kadmx4j6yaa5u74yleelxpcz3uuk4c24wdu,kaspa:qzpzt5epww0hz0hzh2hc7flld5kadmx4j6yaa5u74yleelxpcz3uuk4c24wdu,14.51878386
3a7ba07dadb1bbcef4f70e01588ca0a587491e007df7d7d8e0592dc3dbfded00,2025-02-05T23:11:51.225000+00:00,kaspa:pzug4lxzf4jp3p4y83990wh8twjdg74j88ahrwgfng42jv27zwf969nc6ap6x,kaspa:qzpzt5epww0hz0hzh2hc7flld5kadmx4j6yaa5u74yleelxpcz3uuk4c24wdu,2.99996266
4582e9cdedcab6902cdd663dad6f793864714c2f484d70cf2d6b4fd337db528f,2025-02-05T23:11:49.475000+00:00,kaspa:qzpzt5epww0hz0hzh2hc7flld5kadmx4j6yaa5u74yleelxpcz3uuk4c24wdu,kaspa:pzug4lxzf4jp3p4y83990wh8twjdg74j88ahrwgfng42jv27zwf969nc6ap6x,1038.0
4582e9cdedcab6902cdd663dad6f793864714c2f484d70cf2d6b4fd337db528f,2025-02-05T23:11:49.475000+00:00,kaspa:qzpzt5epww0hz0hzh2hc7flld5kadmx4j6yaa5u74yleelxpcz3uuk4c24wdu,kaspa:qzpzt5epww0hz0hzh2hc7flld5kadmx4j6yaa5u74yleelxpcz3uuk4c24wdu,25.01885285
c478b8810b2def8c2e5e1f290b1d8063a9a1726f4022dd969364948b1ffb9807,2025-02-05T23:10:52.978000+00:00,kaspa:qypqq2ny33475vvzxnsxuwcpqlq9eexfp5k7zxgdyzqz8h4kspsfqfs3scv2rk2,kaspa:qzpzt5epww0hz0hzh2hc7flld5kadmx4j6yaa5u74yleelxpcz3uuk4c24wdu,1050.0
d780dc4ab6b88f4d82c539b63e4c642ef43e01d0c2d1f1ad80a7c407c1f7f412,2025-02-05T19:21:57.727000+00:00,kaspa:ppre42vvsfu5spv9z6fuhfeapfq4ycaxyl5g82dcv64rntlmrgvvjw9kfph7e,kaspa:qzpzt5epww0hz0hzh2hc7flld5kadmx4j6yaa5u74yleelxpcz3uuk4c24wdu,2.99977407
0df5b807a25dc655d8932286e6c2247c58e7518c8defdc965124c8967def019f,2025-02-05T19:21:53.682000+00:00,kaspa:qzpzt5epww0hz0hzh2hc7flld5kadmx4j6yaa5u74yleelxpcz3uuk4c24wdu,kaspa:ppre42vvsfu5spv9z6fuhfeapfq4ycaxyl5g82dcv64rntlmrgvvjw9kfph7e,13.5
0df5b807a25dc655d8932286e6c2247c58e7518c8defdc965124c8967def019f,2025-02-05T19:21:53.682000+00:00,kaspa:qzpzt5epww0hz0hzh2hc7flld5kadmx4j6yaa5u74yleelxpcz3uuk4c24wdu,kaspa:qzpzt5epww0hz0hzh2hc7flld5kadmx4j6yaa5u74yleelxpcz3uuk4c24wdu,7.01918984
4ab4a4d0fd909d14ed70347a048bd3ef242420ccd4ed422d40383f430d854d76,2025-02-05T19:21:43.858000+00:00,kaspa:pp478hy8mgvu42p0h66qdwykj8gpkccsz4fxzyetgvte7huy4wkug9twu8u4y,kaspa:qzpzt5epww0hz0hzh2hc7flld5kadmx4j6yaa5u74yleelxpcz3uuk4c24wdu,2.99994295
bd4560f214b667c3f53414182de89cc2d7837a37c460c26e0950ca2b83bfcfa9,2025-02-05T19:21:40.016000+00:00,kaspa:qzpzt5epww0hz0hzh2hc7flld5kadmx4j6yaa5u74yleelxpcz3uuk4c24wdu,kaspa:pp478hy8mgvu42p0h66qdwykj8gpkccsz4fxzyetgvte7huy4wkug9twu8u4y,186.225
bd4560f214b667c3f53414182de89cc2d7837a37c460c26e0950ca2b83bfcfa9,2025-02-05T19:21:40.016000+00:00,kaspa:qzpzt5epww0hz0hzh2hc7flld5kadmx4j6yaa5u74yleelxpcz3uuk4c24wdu,kaspa:qzpzt5epww0hz0hzh2hc7flld5kadmx4j6yaa5u74yleelxpcz3uuk4c24wdu,20.51921031
b119c350be4948abbded9e8b8720d4784fec1eacffa6af699d891ec38bc90b6b,2025-02-05T19:20:32.778000+00:00,kaspa:qypqq2ny33475vvzxnsxuwcpqlq9eexfp5k7zxgdyzqz8h4kspsfqfs3scv2rk2,kaspa:qzpzt5epww0hz0hzh2hc7flld5kadmx4j6yaa5u74yleelxpcz3uuk4c24wdu,175.0
569724b34906933caac870f3da609b070fa02fbaacdd4b6e8862109a3c56c66d,2025-02-05T19:11:05.768000+00:00,kaspa:pp478hy8mgvu42p0h66qdwykj8gpkccsz4fxzyetgvte7huy4wkug9twu8u4y,kaspa:qzpzt5epww0hz0hzh2hc7flld5kadmx4j6yaa5u74yleelxpcz3uuk4c24wdu,2.99994295
56c7499b8b9e87eb2b0f6be187f25ae0717008da9c4f830fe9f66fd6f957c205,2025-02-05T19:11:03.362000+00:00,kaspa:qzpzt5epww0hz0hzh2hc7flld5kadmx4j6yaa5u74yleelxpcz3uuk4c24wdu,kaspa:pp478hy8mgvu42p0h66qdwykj8gpkccsz4fxzyetgvte7huy4wkug9twu8u4y,186.225
56c7499b8b9e87eb2b0f6be187f25ae0717008da9c4f830fe9f66fd6f957c205,2025-02-05T19:11:03.362000+00:00,kaspa:qzpzt5epww0hz0hzh2hc7flld5kadmx4j6yaa5u74yleelxpcz3uuk4c24wdu,kaspa:qzpzt5epww0hz0hzh2hc7flld5kadmx4j6yaa5u74yleelxpcz3uuk4c24wdu,28.74431019
e380fc3f1a935d920401d03476f617d1968c9d220a6c6f67e2bfd1b1c1fb83ec,2025-02-05T19:10:17.178000+00:00,kaspa:qypqq2ny33475vvzxnsxuwcpqlq9eexfp5k7zxgdyzqz8h4kspsfqfs3scv2rk2,kaspa:qzpzt5epww0hz0hzh2hc7flld5kadmx4j6yaa5u74yleelxpcz3uuk4c24wdu,200.0
f1fff2ba32162f3caa64f31fbd86d47cf0e15fb23ea62eb2644f82503eb0355a,2025-02-05T18:43:07.661000+00:00,kaspa:pzug4lxzf4jp3p4y83990wh8twjdg74j88ahrwgfng42jv27zwf969nc6ap6x,kaspa:qzpzt5epww0hz0hzh2hc7flld5kadmx4j6yaa5u74yleelxpcz3uuk4c24wdu,2.99996266
df0196a0abb14b081db3d5976316739f430dc64f06da48e381f217144244b649,2025-02-05T18:43:03.488000+00:00,kaspa:qzpzt5epww0hz0hzh2hc7flld5kadmx4j6yaa5u74yleelxpcz3uuk4c24wdu,kaspa:pzug4lxzf4jp3p4y83990wh8twjdg74j88ahrwgfng42jv27zwf969nc6ap6x,1038.0
df0196a0abb14b081db3d5976316739f430dc64f06da48e381f217144244b649,2025-02-05T18:43:03.488000+00:00,kaspa:qzpzt5epww0hz0hzh2hc7flld5kadmx4j6yaa5u74yleelxpcz3uuk4c24wdu,kaspa:qzpzt5epww0hz0hzh2hc7flld5kadmx4j6yaa5u74yleelxpcz3uuk4c24wdu,11.96939036
5a6f087caa180557a3d763a5340057d709bdff4aed41d5c5ae9db9283971876f,2025-02-05T18:38:04.481000+00:00,kaspa:qypqq2ny33475vvzxnsxuwcpqlq9eexfp5k7zxgdyzqz8h4kspsfqfs3scv2rk2,kaspa:qzpzt5epww0hz0hzh2hc7flld5kadmx4j6yaa5u74yleelxpcz3uuk4c24wdu,1000.0
0c5acb4d64ad103b60e490dfaa6f1a9b71989ef1ce321d86fff1deace9e3b3b5,2025-02-05T18:22:56.069000+00:00,kaspa:pzug4lxzf4jp3p4y83990wh8twjdg74j88ahrwgfng42jv27zwf969nc6ap6x,kaspa:qzpzt5epww0hz0hzh2hc7flld5kadmx4j6yaa5u74yleelxpcz3uuk4c24wdu,2.99996266
ab69625ea374ae84d0aa838bca67e3c12bb9d222403b2fb8beb710e094da72e2,2025-02-05T18:22:51.362000+00:00,kaspa:qzpzt5epww0hz0hzh2hc7flld5kadmx4j6yaa5u74yleelxpcz3uuk4c24wdu,kaspa:pzug4lxzf4jp3p4y83990wh8twjdg74j88ahrwgfng42jv27zwf969nc6ap6x,1038.0
ab69625ea374ae84d0aa838bca67e3c12bb9d222403b2fb8beb710e094da72e2,2025-02-05T18:22:51.362000+00:00,kaspa:qzpzt5epww0hz0hzh2hc7flld5kadmx4j6yaa5u74yleelxpcz3uuk4c24wdu,kaspa:qzpzt5epww0hz0hzh2hc7flld5kadmx4j6yaa5u74yleelxpcz3uuk4c24wdu,46.96947053
ea1cafb61fb83514c7b68522ea1e828325d581ddb0dd9a9d1260b792cdc773f5,2025-02-05T18:22:20.004000+00:00,kaspa:qypqq2ny33475vvzxnsxuwcpqlq9eexfp5k7zxgdyzqz8h4kspsfqfs3scv2rk2,kaspa:qzpzt5epww0hz0hzh2hc7flld5kadmx4j6yaa5u74yleelxpcz3uuk4c24wdu,50.0
2d2d45db08990e761d0e620d01299abcc41def167fa54933e6d58d8513652f3b,2025-02-05T18:20:56.603000+00:00,kaspa:qypqq2ny33475vvzxnsxuwcpqlq9eexfp5k7zxgdyzqz8h4kspsfqfs3scv2rk2,kaspa:qzpzt5epww0hz0hzh2hc7flld5kadmx4j6yaa5u74yleelxpcz3uuk4c24wdu,1010.0
168f6cc6af4402c32096fa364bcde7c36dc4ea85ecd1d2363c96fc112f8cc58a,2025-02-01T01:46:39.682000+00:00,kaspa:ppef68a6ycq6fnucr88d9yvk447nrm52rg06gnf0006n5qm6gze46ca8afrg5,kaspa:qzpzt5epww0hz0hzh2hc7flld5kadmx4j6yaa5u74yleelxpcz3uuk4c24wdu,1.97994935
5c41cf0efc4065ea53d9b82adb289c8fd7b538cdb820b0b7241f7f8e1f58ece1,2025-02-01T01:46:32.893000+00:00,kaspa:qzpzt5epww0hz0hzh2hc7flld5kadmx4j6yaa5u74yleelxpcz3uuk4c24wdu,kaspa:ppef68a6ycq6fnucr88d9yvk447nrm52rg06gnf0006n5qm6gze46ca8afrg5,37.0
5c41cf0efc4065ea53d9b82adb289c8fd7b538cdb820b0b7241f7f8e1f58ece1,2025-02-01T01:46:32.893000+00:00,kaspa:qzpzt5epww0hz0hzh2hc7flld5kadmx4j6yaa5u74yleelxpcz3uuk4c24wdu,kaspa:qzpzt5epww0hz0hzh2hc7flld5kadmx4j6yaa5u74yleelxpcz3uuk4c24wdu,22.98957519
7b4211d5468487e391f0b754e29d3e0e45c03e773cdd8b7107a352bfee72f46b,2025-01-27T02:27:58.134000+00:00,kaspa:qz7k86c6rrc0leazeh8vkv3u2u83c8tvy86z3cjdkljcg9a9puzhy64s9ktkq,kaspa:qzpzt5epww0hz0hzh2hc7flld5kadmx4j6yaa5u74yleelxpcz3uuk4c24wdu,4.99998376
cc61dc16b1cdc739bec1b41c96d83f84ba9b7a22f7856dd7221f1a05911e5beb,2025-01-27T02:27:20.840000+00:00,kaspa:qzpzt5epww0hz0hzh2hc7flld5kadmx4j6yaa5u74yleelxpcz3uuk4c24wdu,kaspa:qz7k86c6rrc0leazeh8vkv3u2u83c8tvy86z3cjdkljcg9a9puzhy64s9ktkq,5.0
cc61dc16b1cdc739bec1b41c96d83f84ba9b7a22f7856dd7221f1a05911e5beb,2025-01-27T02:27:20.840000+00:00,kaspa:qzpzt5epww0hz0hzh2hc7flld5kadmx4j6yaa5u74yleelxpcz3uuk4c24wdu,kaspa:qzpzt5epww0hz0hzh2hc7flld5kadmx4j6yaa5u74yleelxpcz3uuk4c24wdu,9.99982888
965b5dcc4ad6aed5e59cac760ddde97358a6bf315cd400d4d42f4d1c9819c3a8,2025-01-27T02:26:44.949000+00:00,kaspa:qz2cr4g5262katpapg4djvpvgakltuv5h99dedl4hh5ktluvke6pzup8x7fmd,kaspa:qzpzt5epww0hz0hzh2hc7flld5kadmx4j6yaa5u74yleelxpcz3uuk4c24wdu,14.99985222
10f5ed0333e09251f7dee06cdf181c63d7ec2bc7dd5ceb3eba23c7676d784dae,2025-01-27T02:22:27.114000+00:00,kaspa:qzpzt5epww0hz0hzh2hc7flld5kadmx4j6yaa5u74yleelxpcz3uuk4c24wdu,kaspa:qz2cr4g5262katpapg4djvpvgakltuv5h99dedl4hh5ktluvke6pzup8x7fmd,20.0
10f5ed0333e09251f7dee06cdf181c63d7ec2bc7dd5ceb3eba23c7676d784dae,2025-01-27T02:22:27.114000+00:00,kaspa:qzpzt5epww0hz0hzh2hc7flld5kadmx4j6yaa5u74yleelxpcz3uuk4c24wdu,kaspa:qzpzt5epww0hz0hzh2hc7flld5kadmx4j6yaa5u74yleelxpcz3uuk4c24wdu,44.99980538
71df929b202a5affb4fa2f3db8afc7755a8765cdd4ca9ff086d4f7cf6f32afbc,2025-01-27T01:34:10.194000+00:00,kaspa:qzpzt5epww0hz0hzh2hc7flld5kadmx4j6yaa5u74yleelxpcz3uuk4c24wdu,kaspa:qz7k86c6rrc0leazeh8vkv3u2u83c8tvy86z3cjdkljcg9a9puzhy64s9ktkq,1020.0
71df929b202a5affb4fa2f3db8afc7755a8765cdd4ca9ff086d4f7cf6f32afbc,2025-01-27T01:34:10.194000+00:00,kaspa:qzpzt5epww0hz0hzh2hc7flld5kadmx4j6yaa5u74yleelxpcz3uuk4c24wdu,kaspa:qzpzt5epww0hz0hzh2hc7flld5kadmx4j6yaa5u74yleelxpcz3uuk4c24wdu,64.99982574
95ff6288a56789e027fa7c6aeba5a3c476b2e94cde4d9539cba251f17d03284e,2025-01-27T01:32:24.032000+00:00,kaspa:qypqq2ny33475vvzxnsxuwcpqlq9eexfp5k7zxgdyzqz8h4kspsfqfs3scv2rk2,kaspa:qzpzt5epww0hz0hzh2hc7flld5kadmx4j6yaa5u74yleelxpcz3uuk4c24wdu,1000.0
c886b6fe6ca3125d2a26883407630d8362011afc34d18385b4ed8fde73a9dd47,2025-01-27T01:31:26.523000+00:00,kaspa:qzpzt5epww0hz0hzh2hc7flld5kadmx4j6yaa5u74yleelxpcz3uuk4c24wdu,kaspa:qzug54lff3lm5kqhgsegdrz4j2ycv80tstjd2j6h5s8v7ul6v0dfscynsszfm,1020.0
c886b6fe6ca3125d2a26883407630d8362011afc34d18385b4ed8fde73a9dd47,2025-01-27T01:31:26.523000+00:00,kaspa:qzpzt5epww0hz0hzh2hc7flld5kadmx4j6yaa5u74yleelxpcz3uuk4c24wdu,kaspa:qzpzt5epww0hz0hzh2hc7flld5kadmx4j6yaa5u74yleelxpcz3uuk4c24wdu,84.99985728
599500dbe71062dc06ffccf7241807364f362a2d103c59614f6eecab25dd79b3,2025-01-27T01:20:59.745000+00:00,kaspa:qypqq2ny33475vvzxnsxuwcpqlq9eexfp5k7zxgdyzqz8h4kspsfqfs3scv2rk2,kaspa:qzpzt5epww0hz0hzh2hc7flld5kadmx4j6yaa5u74yleelxpcz3uuk4c24wdu,100.0
21b3f47b466565cc0c335ce78aac2cfd61499bc07738f89860aace057b2f420d,2025-01-27T01:19:56.674000+00:00,kaspa:qypqq2ny33475vvzxnsxuwcpqlq9eexfp5k7zxgdyzqz8h4kspsfqfs3scv2rk2,kaspa:qzpzt5epww0hz0hzh2hc7flld5kadmx4j6yaa5u74yleelxpcz3uuk4c24wdu,1000.0
4967b9948a69c3b99d52ec814bcfda6dd56a99d797ad50107da3a294dd96eb7f,2024-09-16T07:51:20.133000+00:00,kaspa:qz78x4mc9pr0cpl4ukg7ernlspe5v7mu6j9svtds8wpjt4kgjmyd5wrlxyd6n,kaspa:qzpzt5epww0hz0hzh2hc7flld5kadmx4j6yaa5u74yleelxpcz3uuk4c24wdu,5.0
