tx_id,timestamp,sender,recipient,amount_kas
7dc5fb37c5c2ab115254c00347391d57065df51fa1bfd2c446c0ca245fa1d741,2025-08-23T12:11:11.527000+00:00,kaspa:qz8ynf277z3d89twvhsxpymsvawtu334hjl4qs978uqhmq7y286vjx2w6kda9,kaspa:qp2dmkjnad8eq2zvz5t7p9tcwcdf7tr22qxe5mvvhk5z9z84uhgeklwe7duls,150.0
7dc5fb37c5c2ab115254c00347391d57065df51fa1bfd2c446c0ca245fa1d741,2025-08-23T12:11:11.527000+00:00,kaspa:qz8ynf277z3d89twvhsxpymsvawtu334hjl4qs978uqhmq7y286vjx2w6kda9,kaspa:qz8ynf277z3d89twvhsxpymsvawtu334hjl4qs978uqhmq7y286vjx2w6kda9,140.39685891
5cbd46bff88dceb9c0a56a1856d451eb795955b88725f3e51e88e262f1672676,2025-08-21T21:31:01.117000+00:00,kaspa:pz706l48kl5e479qmvhg67c26aeqfcnvjml8tqxvw0rdrdu0y5spknmzrefqr,kaspa:qz8ynf277z3d89twvhsxpymsvawtu334hjl4qs978uqhmq7y286vjx2w6kda9,0.051260353816498315
5cbd46bff88dceb9c0a56a1856d451eb795955b88725f3e51e88e262f1672676,2025-08-21T21:31:01.117000+00:00,kaspa:qzk82r0t6c7zckc6qmw53r35te87xl2eftvqkxkqm936s4h5vmsaxp67ppu5e,kaspa:qz8ynf277z3d89twvhsxpymsvawtu334hjl4qs978uqhmq7y286vjx2w6kda9,265.3487654661835
cef947607941cf4bd7feadca4de13690a45d2f9e39e1d1efc906cf01296ccdde,2025-08-21T21:07:15.441000+00:00,kaspa:qz8ynf277z3d89twvhsxpymsvawtu334hjl4qs978uqhmq7y286vjx2w6kda9,kaspa:pz706l48kl5e479qmvhg67c26aeqfcnvjml8tqxvw0rdrdu0y5spknmzrefqr,0.9615578274199991
cef947607941cf4bd7feadca4de13690a45d2f9e39e1d1efc906cf01296ccdde,2025-08-21T21:07:15.441000+00:00,kaspa:ppruhp9ruwr6aj302mr6x97rtdl08avmjcj6ce879ylm53hjhyt65up0sqypu,kaspa:qz8ynf277z3d89twvhsxpymsvawtu334hjl4qs978uqhmq7y286vjx2w6kda9,0.9615543757761462
cef947607941cf4bd7feadca4de13690a45d2f9e39e1d1efc906cf01296ccdde,2025-08-21T21:07:15.441000+00:00,kaspa:qz8ynf277z3d89twvhsxpymsvawtu334hjl4qs978uqhmq7y286vjx2w6kda9,kaspa:qz8ynf277z3d89twvhsxpymsvawtu334hjl4qs978uqhmq7y286vjx2w6kda9,24.03531025422385
0e8eaf22f5cf8b420930489302fa17554addc92b3ce0503d21acbe35bad7af9d,2025-08-21T21:07:12.345000+00:00,kaspa:qz8ynf277z3d89twvhsxpymsvawtu334hjl4qs978uqhmq7y286vjx2w6kda9,kaspa:ppruhp9ruwr6aj302mr6x97rtdl08avmjcj6ce879ylm53hjhyt65up0sqypu,1.00002582
0e8eaf22f5cf8b420930489302fa17554addc92b3ce0503d21acbe35bad7af9d,2025-08-21T21:07:12.345000+00:00,kaspa:qz8ynf277z3d89twvhsxpymsvawtu334hjl4qs978uqhmq7y286vjx2w6kda9,kaspa:qz8ynf277z3d89twvhsxpymsvawtu334hjl4qs978uqhmq7y286vjx2w6kda9,24.99695436
8cc57628c998b90e84b6db8b66bd32864d5a2d26cfe6e2ab059fe055d18827f0,2025-08-21T21:06:19.201000+00:00,kaspa:qz8ynf277z3d89twvhsxpymsvawtu334hjl4qs978uqhmq7y286vjx2w6kda9,kaspa:qz8ynf277z3d89twvhsxpymsvawtu334hjl4qs978uqhmq7y286vjx2w6kda9,24.997062138988248
8cc57628c998b90e84b6db8b66bd32864d5a2d26cfe6e2ab059fe055d18827f0,2025-08-21T21:06:19.201000+00:00,kaspa:pz706l48kl5e479qmvhg67c26aeqfcnvjml8tqxvw0rdrdu0y5spknmzrefqr,kaspa:qz8ynf277z3d89twvhsxpymsvawtu334hjl4qs978uqhmq7y286vjx2w6kda9,1.000018191011751
df755379ff3eb243a9652d1eda626bf9efb695d2f8e365e7e6592f5477fdfeb8,2025-08-21T20:43:49.223000+00:00,kaspa:qz8ynf277z3d89twvhsxpymsvawtu334hjl4qs978uqhmq7y286vjx2w6kda9,kaspa:pz706l48kl5e479qmvhg67c26aeqfcnvjml8tqxvw0rdrdu0y5spknmzrefqr,0.9615521134177065
df755379ff3eb243a9652d1eda626bf9efb695d2f8e365e7e6592f5477fdfeb8,2025-08-21T20:43:49.223000+00:00,kaspa:ppruhp9ruwr6aj302mr6x97rtdl08avmjcj6ce879ylm53hjhyt65up0sqypu,kaspa:qz8ynf277z3d89twvhsxpymsvawtu334hjl4qs978uqhmq7y286vjx2w6kda9,0.9615486618253957
df755379ff3eb243a9652d1eda626bf9efb695d2f8e365e7e6592f5477fdfeb8,2025-08-21T20:43:49.223000+00:00,kaspa:qz8ynf277z3d89twvhsxpymsvawtu334hjl4qs978uqhmq7y286vjx2w6kda9,kaspa:qz8ynf277z3d89twvhsxpymsvawtu334hjl4qs978uqhmq7y286vjx2w6kda9,24.035540698174607
942348d07b22a16a5d650d8035cc23b7fe3cd75353154a3ea823622c943e9899,2025-08-21T20:43:44.775000+00:00,kaspa:qz8ynf277z3d89twvhsxpymsvawtu334hjl4qs978uqhmq7y286vjx2w6kda9,kaspa:ppruhp9ruwr6aj302mr6x97rtdl08avmjcj6ce879ylm53hjhyt65up0sqypu,1.00001928
942348d07b22a16a5d650d8035cc23b7fe3cd75353154a3ea823622c943e9899,2025-08-21T20:43:44.775000+00:00,kaspa:qz8ynf277z3d89twvhsxpymsvawtu334hjl4qs978uqhmq7y286vjx2w6kda9,kaspa:qz8ynf277z3d89twvhsxpymsvawtu334hjl4qs978uqhmq7y286vjx2w6kda9,24.99717909
7f426a9f968f7e9e1dbc4738b69caf251fcf6aadc4aabd957ab9c88f2edd2116,2025-08-21T19:11:42.246000+00:00,kaspa:pq2yd9z463hulerujty00yk97l0qc55ehd6jhvw0gvxwqh239yfcczgzsv9j7,kaspa:qz8ynf277z3d89twvhsxpymsvawtu334hjl4qs978uqhmq7y286vjx2w6kda9,3.0
4681d05563b5d02de92fe73ddcad92964a41f6539f20f78a6db0dbfd48ff22bf,2025-08-21T19:11:40.004000+00:00,kaspa:qz8ynf277z3d89twvhsxpymsvawtu334hjl4qs978uqhmq7y286vjx2w6kda9,kaspa:pq2yd9z463hulerujty00yk97l0qc55ehd6jhvw0gvxwqh239yfcczgzsv9j7,3.0001
4681d05563b5d02de92fe73ddcad92964a41f6539f20f78a6db0dbfd48ff22bf,2025-08-21T19:11:40.004000+00:00,kaspa:qz8ynf277z3d89twvhsxpymsvawtu334hjl4qs978uqhmq7y286vjx2w6kda9,kaspa:qz8ynf277z3d89twvhsxpymsvawtu334hjl4qs978uqhmq7y286vjx2w6kda9,22.99728698
129f472d8defde76219fa3585ea5c0472aac58595113f724f2fa4b1decf71c01,2025-08-21T19:10:51.914000+00:00,kaspa:qz8ynf277z3d89twvhsxpymsvawtu334hjl4qs978uqhmq7y286vjx2w6kda9,kaspa:qz0n82x8g6xxx8zgeuww0mjvpuk8f5pat37jtv6l530ngfnatdht22xta48lw,100.0
129f472d8defde76219fa3585ea5c0472aac58595113f724f2fa4b1decf71c01,2025-08-21T19:10:51.914000+00:00,kaspa:qz8ynf277z3d89twvhsxpymsvawtu334hjl4qs978uqhmq7y286vjx2w6kda9,kaspa:qz8ynf277z3d89twvhsxpymsvawtu334hjl4qs978uqhmq7y286vjx2w6kda9,25.99742081
770e6fd435976912278f19c60d3a044fc0a62cf8540fa244cec64c2a14103ecb,2025-08-21T19:08:18.340000+00:00,kaspa:prpwz2as0l75tqt4yjl6rf82pxx8j584m8mzp5ghwgvsj08p29hq7ew724yr6,kaspa:qz8ynf277z3d89twvhsxpymsvawtu334hjl4qs978uqhmq7y286vjx2w6kda9,3.0
595d09e1ccaf9a1cc4c78045b4a766f26c3f6ae3dac29f4c31fbbfdd0d69e1ae,2025-08-21T19:08:16.257000+00:00,kaspa:qz8ynf277z3d89twvhsxpymsvawtu334hjl4qs978uqhmq7y286vjx2w6kda9,kaspa:prpwz2as0l75tqt4yjl6rf82pxx8j584m8mzp5ghwgvsj08p29hq7ew724yr6,4.0
595d09e1ccaf9a1cc4c78045b4a766f26c3f6ae3dac29f4c31fbbfdd0d69e1ae,2025-08-21T19:08:16.257000+00:00,kaspa:qz8ynf277z3d89twvhsxpymsvawtu334hjl4qs978uqhmq7y286vjx2w6kda9,kaspa:qz8ynf277z3d89twvhsxpymsvawtu334hjl4qs978uqhmq7y286vjx2w6kda9,0.99992335
607ddeea30bce84020b8200ccb8f57575bd04c7a083e08254558ede86b5c1c64,2025-08-21T19:08:11.003000+00:00,kaspa:prpwz2as0l75tqt4yjl6rf82pxx8j584m8mzp5ghwgvsj08p29hq7ew724yr6,kaspa:qz8ynf277z3d89twvhsxpymsvawtu334hjl4qs978uqhmq7y286vjx2w6kda9,3.0
bbceb5493d1c8161cc8656c5351a8d97f76e8945bca638806961b74bd3d8179c,2025-08-21T19:08:07.660000+00:00,kaspa:qz8ynf277z3d89twvhsxpymsvawtu334hjl4qs978uqhmq7y286vjx2w6kda9,kaspa:prpwz2as0l75tqt4yjl6rf82pxx8j584m8mzp5ghwgvsj08p29hq7ew724yr6,4.0
bbceb5493d1c8161cc8656c5351a8d97f76e8945bca638806961b74bd3d8179c,2025-08-21T19:08:07.660000+00:00,kaspa:qz8ynf277z3d89twvhsxpymsvawtu334hjl4qs978uqhmq7y286vjx2w6kda9,kaspa:qz8ynf277z3d89twvhsxpymsvawtu334hjl4qs978uqhmq7y286vjx2w6kda9,118.99755136
53b6892c2bf43faffb896f80519d7679d16b7edaa058eadac98b73c2e8f44492,2025-08-21T19:08:00.341000+00:00,kaspa:prpwz2as0l75tqt4yjl6rf82pxx8j584m8mzp5ghwgvsj08p29hq7ew724yr6,kaspa:qz8ynf277z3d89twvhsxpymsvawtu334hjl4qs978uqhmq7y286vjx2w6kda9,3.0
6cae4101c10538f7fb3c01ca9418d6d6f4f500bea16280461a88122697015645,2025-08-21T19:07:58.913000+00:00,kaspa:qz8ynf277z3d89twvhsxpymsvawtu334hjl4qs978uqhmq7y286vjx2w6kda9,kaspa:prpwz2as0l75tqt4yjl6rf82pxx8j584m8mzp5ghwgvsj08p29hq7ew724yr6,4.0
6cae4101c10538f7fb3c01ca9418d6d6f4f500bea16280461a88122697015645,2025-08-21T19:07:58.913000+00:00,kaspa:qz8ynf277z3d89twvhsxpymsvawtu334hjl4qs978uqhmq7y286vjx2w6kda9,kaspa:qz8ynf277z3d89twvhsxpymsvawtu334hjl4qs978uqhmq7y286vjx2w6kda9,1.99996835
fbb096d41af114ad6107edc46631e8b8035956e31b7297cc72f6bee4dad1bdc5,2025-08-21T19:07:16.578000+00:00,kaspa:prpwz2as0l75tqt4yjl6rf82pxx8j584m8mzp5ghwgvsj08p29hq7ew724yr6,kaspa:qz8ynf277z3d89twvhsxpymsvawtu334hjl4qs978uqhmq7y286vjx2w6kda9,3.0
8069b55fcbe93a71083741e59a1e9b30bc0f8684d45b3965123566ab9fc7438f,2025-08-21T19:07:14.507000+00:00,kaspa:qz8ynf277z3d89twvhsxpymsvawtu334hjl4qs978uqhmq7y286vjx2w6kda9,kaspa:prpwz2as0l75tqt4yjl6rf82pxx8j584m8mzp5ghwgvsj08p29hq7ew724yr6,4.0
8069b55fcbe93a71083741e59a1e9b30bc0f8684d45b3965123566ab9fc7438f,2025-08-21T19:07:14.507000+00:00,kaspa:qz8ynf277z3d89twvhsxpymsvawtu334hjl4qs978uqhmq7y286vjx2w6kda9,kaspa:qz8ynf277z3d89twvhsxpymsvawtu334hjl4qs978uqhmq7y286vjx2w6kda9,122.99757639
7bdcb6aa9055116eb885a4a8300a190fee7264a9c35eafea219c0a94f363dea4,2025-08-21T19:07:02.340000+00:00,kaspa:prpwz2as0l75tqt4yjl6rf82pxx8j584m8mzp5ghwgvsj08p29hq7ew724yr6,kaspa:qz8ynf277z3d89twvhsxpymsvawtu334hjl4qs978uqhmq7y286vjx2w6kda9,3.0
438c4b1d9960148a6f5942f5e6a55308276eddeca20bf0c5a5c7c0906f096eaa,2025-08-21T19:07:00.665000+00:00,kaspa:qz8ynf277z3d89twvhsxpymsvawtu334hjl4qs978uqhmq7y286vjx2w6kda9,kaspa:prpwz2as0l75tqt4yjl6rf82pxx8j584m8mzp5ghwgvsj08p29hq7ew724yr6,4.0
438c4b1d9960148a6f5942f5e6a55308276eddeca20bf0c5a5c7c0906f096eaa,2025-08-21T19:07:00.665000+00:00,kaspa:qz8ynf277z3d89twvhsxpymsvawtu334hjl4qs978uqhmq7y286vjx2w6kda9,kaspa:qz8ynf277z3d89twvhsxpymsvawtu334hjl4qs978uqhmq7y286vjx2w6kda9,1.99996835
6d85341eed82828e883e2154ff170d5ce91c192af55a5e86fe183c433f58982b,2025-08-21T19:06:36.337000+00:00,kaspa:prpwz2as0l75tqt4yjl6rf82pxx8j584m8mzp5ghwgvsj08p29hq7ew724yr6,kaspa:qz8ynf277z3d89twvhsxpymsvawtu334hjl4qs978uqhmq7y286vjx2w6kda9,3.0
009fcd146e1627d5a823c2f6f92c7c56c845773046cffd76fb196959dd84d7e3,2025-08-21T19:06:35.049000+00:00,kaspa:qz8ynf277z3d89twvhsxpymsvawtu334hjl4qs978uqhmq7y286vjx2w6kda9,kaspa:prpwz2as0l75tqt4yjl6rf82pxx8j584m8mzp5ghwgvsj08p29hq7ew724yr6,4.0
009fcd146e1627d5a823c2f6f92c7c56c845773046cffd76fb196959dd84d7e3,2025-08-21T19:06:35.049000+00:00,kaspa:qz8ynf277z3d89twvhsxpymsvawtu334hjl4qs978uqhmq7y286vjx2w6kda9,kaspa:qz8ynf277z3d89twvhsxpymsvawtu334hjl4qs978uqhmq7y286vjx2w6kda9,124.99763969
3660d065b853395dedfc532f054e746ca497a38d9de0acf3a9623db04a96937e,2025-08-21T19:06:23.387000+00:00,kaspa:prpwz2as0l75tqt4yjl6rf82pxx8j584m8mzp5ghwgvsj08p29hq7ew724yr6,kaspa:qz8ynf277z3d89twvhsxpymsvawtu334hjl4qs978uqhmq7y286vjx2w6kda9,3.0
4c033b385739b6adb91c4ef9d4441897565b2482b594f2032f096a72350fd094,2025-08-21T19:06:22.100000+00:00,kaspa:qz8ynf277z3d89twvhsxpymsvawtu334hjl4qs978uqhmq7y286vjx2w6kda9,kaspa:prpwz2as0l75tqt4yjl6rf82pxx8j584m8mzp5ghwgvsj08p29hq7ew724yr6,4.0
4c033b385739b6adb91c4ef9d4441897565b2482b594f2032f096a72350fd094,2025-08-21T19:06:22.100000+00:00,kaspa:qz8ynf277z3d89twvhsxpymsvawtu334hjl4qs978uqhmq7y286vjx2w6kda9,kaspa:qz8ynf277z3d89twvhsxpymsvawtu334hjl4qs978uqhmq7y286vjx2w6kda9,128.99766472
ec96bda7679e99dbb582bb4407e1fd211dcc9d60ba00637342870172d88b641b,2025-08-21T19:06:08.175000+00:00,kaspa:prpwz2as0l75tqt4yjl6rf82pxx8j584m8mzp5ghwgvsj08p29hq7ew724yr6,kaspa:qz8ynf277z3d89twvhsxpymsvawtu334hjl4qs978uqhmq7y286vjx2w6kda9,3.0
04534d16eb7e64abd9aae6879e1b854d5b009d2fc491f23d55a4d15639d59f4d,2025-08-21T19:06:06.144000+00:00,kaspa:qz8ynf277z3d89twvhsxpymsvawtu334hjl4qs978uqhmq7y286vjx2w6kda9,kaspa:prpwz2as0l75tqt4yjl6rf82pxx8j584m8mzp5ghwgvsj08p29hq7ew724yr6,4.0
04534d16eb7e64abd9aae6879e1b854d5b009d2fc491f23d55a4d15639d59f4d,2025-08-21T19:06:06.144000+00:00,kaspa:qz8ynf277z3d89twvhsxpymsvawtu334hjl4qs978uqhmq7y286vjx2w6kda9,kaspa:qz8ynf277z3d89twvhsxpymsvawtu334hjl4qs978uqhmq7y286vjx2w6kda9,129.99769637
62865212fedbd6b67f877c3a078521ae841d0cfdbf34374d8a5574459b741c87,2025-08-21T19:05:34.967000+00:00,kaspa:prpwz2as0l75tqt4yjl6rf82pxx8j584m8mzp5ghwgvsj08p29hq7ew724yr6,kaspa:qz8ynf277z3d89twvhsxpymsvawtu334hjl4qs978uqhmq7y286vjx2w6kda9,3.0
ebaf6b9f1a7220b5ea9800e02f81775038afeb10947414f5fe73eee752604502,2025-08-21T19:05:31.958000+00:00,kaspa:qz8ynf277z3d89twvhsxpymsvawtu334hjl4qs978uqhmq7y286vjx2w6kda9,kaspa:prpwz2as0l75tqt4yjl6rf82pxx8j584m8mzp5ghwgvsj08p29hq7ew724yr6,4.0
ebaf6b9f1a7220b5ea9800e02f81775038afeb10947414f5fe73eee752604502,2025-08-21T19:05:31.958000+00:00,kaspa:qz8ynf277z3d89twvhsxpymsvawtu334hjl4qs978uqhmq7y286vjx2w6kda9,kaspa:qz8ynf277z3d89twvhsxpymsvawtu334hjl4qs978uqhmq7y286vjx2w6kda9,130.99772802
5b099d4748391ef524abe1c02a2b1c0c30bfe80a58924b59c45336f29b8ba254,2025-08-15T20:12:02.544000+00:00,kaspa:pzd07yyq2g5xsra035snwffdq80cl468l3yrj3s9t2a4q7l8x2zxslde97ezl,kaspa:qz8ynf277z3d89twvhsxpymsvawtu334hjl4qs978uqhmq7y286vjx2w6kda9,2.99996664
12f3bec226bc1748f7fa9254e75c1873118e5fd565ffea7e680d2307aba5e1a9,2025-08-15T20:12:00.245000+00:00,kaspa:qz8ynf277z3d89twvhsxpymsvawtu334hjl4qs978uqhmq7y286vjx2w6kda9,kaspa:pzd07yyq2g5xsra035snwffdq80cl468l3yrj3s9t2a4q7l8x2zxslde97ezl,3.0
12f3bec226bc1748f7fa9254e75c1873118e5fd565ffea7e680d2307aba5e1a9,2025-08-15T20:12:00.245000+00:00,kaspa:qz8ynf277z3d89twvhsxpymsvawtu334hjl4qs978uqhmq7y286vjx2w6kda9,kaspa:qz8ynf277z3d89twvhsxpymsvawtu334hjl4qs978uqhmq7y286vjx2w6kda9,131.99779303
5ed6ccd7872c757ff41676fd1b88e0b177a4055d4b971784dc84314fe138bf75,2025-08-07T19:10:41.062000+00:00,kaspa:prmpqrrylfvveck06gr830z4tsrexak38dquhxp325x64y7v47ytkjn3tuukd,kaspa:qz8ynf277z3d89twvhsxpymsvawtu334hjl4qs978uqhmq7y286vjx2w6kda9,2.99996664
677ef122cb38f1603fd97a32384500052c9fca2ea34456a855a97a1b3ae22c82,2025-08-07T19:10:38.452000+00:00,kaspa:qz8ynf277z3d89twvhsxpymsvawtu334hjl4qs978uqhmq7y286vjx2w6kda9,kaspa:prmpqrrylfvveck06gr830z4tsrexak38dquhxp325x64y7v47ytkjn3tuukd,3.0
677ef122cb38f1603fd97a32384500052c9fca2ea34456a855a97a1b3ae22c82,2025-08-07T19:10:38.452000+00:00,kaspa:qz8ynf277z3d89twvhsxpymsvawtu334hjl4qs978uqhmq7y286vjx2w6kda9,kaspa:qz8ynf277z3d89twvhsxpymsvawtu334hjl4qs978uqhmq7y286vjx2w6kda9,131.99785804
636ef930c879d1313c50f79b98f5f706692feea479a01c739c052dadd879c149,2025-08-07T17:54:00.425000+00:00,kaspa:pzjh33mkuxxf2tq9ww6z8aknew52fhke3ss49xf40xjc62zmzmnnuzqrn07e7,kaspa:qz8ynf277z3d89twvhsxpymsvawtu334hjl4qs978uqhmq7y286vjx2w6kda9,2.99996664
84c38340f30c79da12a5c454b8b2193fb61c6a2b48d5c80772399c1d5edb3328,2025-08-07T17:53:56.815000+00:00,kaspa:qz8ynf277z3d89twvhsxpymsvawtu334hjl4qs978uqhmq7y286vjx2w6kda9,kaspa:pzjh33mkuxxf2tq9ww6z8aknew52fhke3ss49xf40xjc62zmzmnnuzqrn07e7,3.0
84c38340f30c79da12a5c454b8b2193fb61c6a2b48d5c80772399c1d5edb3328,2025-08-07T17:53:56.815000+00:00,kaspa:qz8ynf277z3d89twvhsxpymsvawtu334hjl4qs978uqhmq7y286vjx2w6kda9,kaspa:qz8ynf277z3d89twvhsxpymsvawtu334hjl4qs978uqhmq7y286vjx2w6kda9,131.99792305
e55fe548f9e3b98011029a2b9d4bfe7ef2b95a8cd2fd52fd2c1f00e3389fe08e,2025-08-07T17:52:04.489000+00:00,kaspa:ppgztsln23zcfuynnylua200ew3466gnpghld5njzj4xvcgaj4nq7jz2r3776,kaspa:qz8ynf277z3d89twvhsxpymsvawtu334hjl4qs978uqhmq7y286vjx2w6kda9,4.99992695
a1fa9c372bdec0c02e0a3475bfa2c1aff7b1775b351e1570cb7b0d0e401624c6,2025-08-07T17:51:50.144000+00:00,kaspa:qz8ynf277z3d89twvhsxpymsvawtu334hjl4qs978uqhmq7y286vjx2w6kda9,kaspa:qz460l956tcs70ug8l9vvdcfkgxgp2q6j9c3zz9w2cdllv2qppjts49vk8l02,5.0
a1fa9c372bdec0c02e0a3475bfa2c1aff7b1775b351e1570cb7b0d0e401624c6,2025-08-07T17:51:50.144000+00:00,kaspa:qz8ynf277z3d89twvhsxpymsvawtu334hjl4qs978uqhmq7y286vjx2w6kda9,kaspa:qz8ynf277z3d89twvhsxpymsvawtu334hjl4qs978uqhmq7y286vjx2w6kda9,129.99802775
d16324b9da7e866051615cf1f6071942c9e2928e0d2abec408d18ed2d80ecc7a,2025-08-07T17:51:04.320000+00:00,kaspa:pqjj2l3kzlazalnzuqu20nmmv4t9r6uwy2twpgqzvtptve6pnw6lvzzgjmgew,kaspa:qz8ynf277z3d89twvhsxpymsvawtu334hjl4qs978uqhmq7y286vjx2w6kda9,2.99996664
c26ba1b23df0247a8f29cbab7c29149dd39fd471d7e81c11f299ca0ba778b678,2025-08-07T17:51:01.584000+00:00,kaspa:qz8ynf277z3d89twvhsxpymsvawtu334hjl4qs978uqhmq7y286vjx2w6kda9,kaspa:pqjj2l3kzlazalnzuqu20nmmv4t9r6uwy2twpgqzvtptve6pnw6lvzzgjmgew,3.0
c26ba1b23df0247a8f29cbab7c29149dd39fd471d7e81c11f299ca0ba778b678,2025-08-07T17:51:01.584000+00:00,kaspa:qz8ynf277z3d89twvhsxpymsvawtu334hjl4qs978uqhmq7y286vjx2w6kda9,kaspa:qz8ynf277z3d89twvhsxpymsvawtu334hjl4qs978uqhmq7y286vjx2w6kda9,131.99809265
143763d27767464a0c4f8e17e5cc78115f4af50cfbedcf8b9faf086b06b63cf9,2025-08-07T17:50:47.569000+00:00,kaspa:pre23xjs9rc2kvdv7tsd2gx889vq60p28cvje3x59hvy2dwc0t3ycr6gppaza,kaspa:qz8ynf277z3d89twvhsxpymsvawtu334hjl4qs978uqhmq7y286vjx2w6kda9,2.99996664
91a3a9cfa8b2b8e5ce484acd3f3f90897458880eb72855c7aa4b5eed5b1f59b5,2025-08-07T17:50:44.732000+00:00,kaspa:qz8ynf277z3d89twvhsxpymsvawtu334hjl4qs978uqhmq7y286vjx2w6kda9,kaspa:pre23xjs9rc2kvdv7tsd2gx889vq60p28cvje3x59hvy2dwc0t3ycr6gppaza,3.0
91a3a9cfa8b2b8e5ce484acd3f3f90897458880eb72855c7aa4b5eed5b1f59b5,2025-08-07T17:50:44.732000+00:00,kaspa:qz8ynf277z3d89twvhsxpymsvawtu334hjl4qs978uqhmq7y286vjx2w6kda9,kaspa:qz8ynf277z3d89twvhsxpymsvawtu334hjl4qs978uqhmq7y286vjx2w6kda9,131.99815766
2fa8509639677516bb3fda12c0c0c3780962b2b86e4e8921bcd0dd4adb80d718,2025-08-07T17:47:37.212000+00:00,kaspa:pq6gt0hyexejpv5luwve3ycw4gzn96vnh3cnm9yj8uqtnfd2llv2u45djpjzs,kaspa:qz8ynf277z3d89twvhsxpymsvawtu334hjl4qs978uqhmq7y286vjx2w6kda9,2.99996664
715fb7251b1dbf6fab463977b9bbf4a17c5596a55b76da8906205b7ae104356b,2025-08-07T17:47:35.809000+00:00,kaspa:qz8ynf277z3d89twvhsxpymsvawtu334hjl4qs978uqhmq7y286vjx2w6kda9,kaspa:pq6gt0hyexejpv5luwve3ycw4gzn96vnh3cnm9yj8uqtnfd2llv2u45djpjzs,3.0
715fb7251b1dbf6fab463977b9bbf4a17c5596a55b76da8906205b7ae104356b,2025-08-07T17:47:35.809000+00:00,kaspa:qz8ynf277z3d89twvhsxpymsvawtu334hjl4qs978uqhmq7y286vjx2w6kda9,kaspa:qz8ynf277z3d89twvhsxpymsvawtu334hjl4qs978uqhmq7y286vjx2w6kda9,131.99822267
2717d05657418276962a0abefb539f990aa644ce1307ee686bf5e6b5b1933cfe,2025-08-05T19:04:43.554000+00:00,kaspa:pq5sk99j9fsg0dpvn7xxf4kh6g4pzgj67gjudpw3na8uex87tmf2ywpmrevjw,kaspa:qz8ynf277z3d89twvhsxpymsvawtu334hjl4qs978uqhmq7y286vjx2w6kda9,4.99992695
ba6af81739200c36a4ecb977563046769a92d2b06ecfd3c2ed92fed0be68254d,2025-08-05T19:04:28.458000+00:00,kaspa:qz8ynf277z3d89twvhsxpymsvawtu334hjl4qs978uqhmq7y286vjx2w6kda9,kaspa:qrd5h7rtuvz6ettqw8e0d7wcd3gtfl3tdyv5xy9yzkyg2gyrkkq2zvme4dedm,5.0
ba6af81739200c36a4ecb977563046769a92d2b06ecfd3c2ed92fed0be68254d,2025-08-05T19:04:28.458000+00:00,kaspa:qz8ynf277z3d89twvhsxpymsvawtu334hjl4qs978uqhmq7y286vjx2w6kda9,kaspa:qz8ynf277z3d89twvhsxpymsvawtu334hjl4qs978uqhmq7y286vjx2w6kda9,129.99832737
31b04b2e802f895f644cdc9004eca5993d092e85762a748f4dbcac45b2271ae3,2025-08-05T19:03:52.166000+00:00,kaspa:pz9x30asva6ukmdtqq0v5trk3eapks642ljaqgj7l9nueypcwlp0ut7wntk4d,kaspa:qz8ynf277z3d89twvhsxpymsvawtu334hjl4qs978uqhmq7y286vjx2w6kda9,4.99992695
d4165bd3ca809acaec83f2d58f8f8f94bdd4566bfa38a25e513c5a75d15bfc9d,2025-08-05T19:03:38.287000+00:00,kaspa:qz8ynf277z3d89twvhsxpymsvawtu334hjl4qs978uqhmq7y286vjx2w6kda9,kaspa:qq3yfuhtfjftt840mgujznk452f6u0wuvnq6cqck223ttj2rer2lq394c3r29,5.0
d4165bd3ca809acaec83f2d58f8f8f94bdd4566bfa38a25e513c5a75d15bfc9d,2025-08-05T19:03:38.287000+00:00,kaspa:qz8ynf277z3d89twvhsxpymsvawtu334hjl4qs978uqhmq7y286vjx2w6kda9,kaspa:qz8ynf277z3d89twvhsxpymsvawtu334hjl4qs978uqhmq7y286vjx2w6kda9,129.99843196
cb530accb8b265f188003ea99422a105a31348b25a325540dcf6cd80b4f57e4e,2025-08-05T16:18:08.084000+00:00,kaspa:pzjtz2rcm0clq48sgwjd869p4gx4vvxmlcqgehdqg7mtt4rhh5nsu69grqln3,kaspa:qz8ynf277z3d89twvhsxpymsvawtu334hjl4qs978uqhmq7y286vjx2w6kda9,4.99992695
d3e7f07c97c7addcd6f56e0c7347a00e797da4f5805c69c15fa30cf220689808,2025-08-05T16:17:50.634000+00:00,kaspa:qz8ynf277z3d89twvhsxpymsvawtu334hjl4qs978uqhmq7y286vjx2w6kda9,kaspa:qqg02g0g9fecm2cud0rxa72asmcjh4xms5gqdh2stlaywyzxd87pcg8qrttk2,5.0
d3e7f07c97c7addcd6f56e0c7347a00e797da4f5805c69c15fa30cf220689808,2025-08-05T16:17:50.634000+00:00,kaspa:qz8ynf277z3d89twvhsxpymsvawtu334hjl4qs978uqhmq7y286vjx2w6kda9,kaspa:qz8ynf277z3d89twvhsxpymsvawtu334hjl4qs978uqhmq7y286vjx2w6kda9,129.99853655
69f0460ebc5a217139f2b67c8c482694ba81dbfe799939c4b380aa0c49093141,2025-08-05T16:13:22.781000+00:00,kaspa:pr39gn7knhwlxzdtturdud3qpxeutgkauf6kz47uwqvg3x87ry9n6fprgw4fx,kaspa:qz8ynf277z3d89twvhsxpymsvawtu334hjl4qs978uqhmq7y286vjx2w6kda9,2.99996664
1758e526857ae81097f41f4379f8235c3ca6911e1c9a8ed84512464cff1a6ec9,2025-08-05T16:13:19.957000+00:00,kaspa:qz8ynf277z3d89twvhsxpymsvawtu334hjl4qs978uqhmq7y286vjx2w6kda9,kaspa:pr39gn7knhwlxzdtturdud3qpxeutgkauf6kz47uwqvg3x87ry9n6fprgw4fx,3.0
1758e526857ae81097f41f4379f8235c3ca6911e1c9a8ed84512464cff1a6ec9,2025-08-05T16:13:19.957000+00:00,kaspa:qz8ynf277z3d89twvhsxpymsvawtu334hjl4qs978uqhmq7y286vjx2w6kda9,kaspa:qz8ynf277z3d89twvhsxpymsvawtu334hjl4qs978uqhmq7y286vjx2w6kda9,131.99860145
965a9f3ce435dea18b842132bae19d6efe3462ff9417b46fa71682f0236a4b11,2025-08-05T16:12:04.714000+00:00,kaspa:pqyfjklucrt2y82jfl4l36ts92800ckf6hxy9h0lnsvea6skzcnk7avgpj2hz,kaspa:qz8ynf277z3d89twvhsxpymsvawtu334hjl4qs978uqhmq7y286vjx2w6kda9,2.99996664
b5dc789b11aed20aa26a2f8e6a63981de7a45a61c661e34374eb16dd9e3af27d,2025-08-05T16:12:02.313000+00:00,kaspa:qz8ynf277z3d89twvhsxpymsvawtu334hjl4qs978uqhmq7y286vjx2w6kda9,kaspa:pqyfjklucrt2y82jfl4l36ts92800ckf6hxy9h0lnsvea6skzcnk7avgpj2hz,3.0
b5dc789b11aed20aa26a2f8e6a63981de7a45a61c661e34374eb16dd9e3af27d,2025-08-05T16:12:02.313000+00:00,kaspa:qz8ynf277z3d89twvhsxpymsvawtu334hjl4qs978uqhmq7y286vjx2w6kda9,kaspa:qz8ynf277z3d89twvhsxpymsvawtu334hjl4qs978uqhmq7y286vjx2w6kda9,131.99866646
80cf6b5075a825cc995ac508d9f660430519f6236c9af4260d281c09636e35d8,2025-08-05T16:11:19.869000+00:00,kaspa:pz8emv2j7cwxuve7zzayqqfgecs5v0u5znjx5c8ptqxj2nv3k5fs2anjjgg4h,kaspa:qz8ynf277z3d89twvhsxpymsvawtu334hjl4qs978uqhmq7y286vjx2w6kda9,2.99996664
f641fb698314b1d4bc49898ec512b468a30f859f3108da95cd4d00200ac480f6,2025-08-05T16:11:17.709000+00:00,kaspa:qz8ynf277z3d89twvhsxpymsvawtu334hjl4qs978uqhmq7y286vjx2w6kda9,kaspa:pz8emv2j7cwxuve7zzayqqfgecs5v0u5znjx5c8ptqxj2nv3k5fs2anjjgg4h,3.0
f641fb698314b1d4bc49898ec512b468a30f859f3108da95cd4d00200ac480f6,2025-08-05T16:11:17.709000+00:00,kaspa:qz8ynf277z3d89twvhsxpymsvawtu334hjl4qs978uqhmq7y286vjx2w6kda9,kaspa:qz8ynf277z3d89twvhsxpymsvawtu334hjl4qs978uqhmq7y286vjx2w6kda9,131.99873147
41808a459875b1834823aa49542c7a3e2d95801449c6484a40555917b6fa9974,2025-08-05T16:08:38.157000+00:00,kaspa:pzqp2l4uj8pdmvfgpkeqnr23xnxt2xjwm9ykgv5vnlyg004vrxx3wtwygngkh,kaspa:qz8ynf277z3d89twvhsxpymsvawtu334hjl4qs978uqhmq7y286vjx2w6kda9,2.99996167
09540f9976cc2410570919d04781f8e11b79e0ca3eab68b9272bd7f680e7bd57,2025-08-05T16:08:34.630000+00:00,kaspa:qz8ynf277z3d89twvhsxpymsvawtu334hjl4qs978uqhmq7y286vjx2w6kda9,kaspa:pzqp2l4uj8pdmvfgpkeqnr23xnxt2xjwm9ykgv5vnlyg004vrxx3wtwygngkh,833.0
09540f9976cc2410570919d04781f8e11b79e0ca3eab68b9272bd7f680e7bd57,2025-08-05T16:08:34.630000+00:00,kaspa:qz8ynf277z3d89twvhsxpymsvawtu334hjl4qs978uqhmq7y286vjx2w6kda9,kaspa:qz8ynf277z3d89twvhsxpymsvawtu334hjl4qs978uqhmq7y286vjx2w6kda9,131.99880145
b8c602192f37bb51355c77990c13003dfd44ef75404bd922156e25eb9d5d1cba,2025-08-05T16:08:03.169000+00:00,kaspa:qypf5lvpw228e7s4zvfpqf5t54huvaemwn68jr7r9hm6v3dx9h234ccwr224pnf,kaspa:qz8ynf277z3d89twvhsxpymsvawtu334hjl4qs978uqhmq7y286vjx2w6kda9,800.0
9b201e12fed1f81580f60cfb15575b11a5d6b9e9d2b62c471c4c27c08f6291ed,2025-08-05T16:06:52.257000+00:00,kaspa:pzqp2l4uj8pdmvfgpkeqnr23xnxt2xjwm9ykgv5vnlyg004vrxx3wtwygngkh,kaspa:qz8ynf277z3d89twvhsxpymsvawtu334hjl4qs978uqhmq7y286vjx2w6kda9,2.99996167
64dd51e6602c7489ac36f81c2e980be348b30eca9295e1cbc295579493979b16,2025-08-05T16:06:50.004000+00:00,kaspa:qz8ynf277z3d89twvhsxpymsvawtu334hjl4qs978uqhmq7y286vjx2w6kda9,kaspa:pzqp2l4uj8pdmvfgpkeqnr23xnxt2xjwm9ykgv5vnlyg004vrxx3wtwygngkh,833.0
64dd51e6602c7489ac36f81c2e980be348b30eca9295e1cbc295579493979b16,2025-08-05T16:06:50.004000+00:00,kaspa:qz8ynf277z3d89twvhsxpymsvawtu334hjl4qs978uqhmq7y286vjx2w6kda9,kaspa:qz8ynf277z3d89twvhsxpymsvawtu334hjl4qs978uqhmq7y286vjx2w6kda9,161.99888261
a21e94c7033221b42555ec4342b22c43ac81fd5b366b843f6a0fb204788aa086,2025-08-05T16:05:57.847000+00:00,kaspa:qypf5lvpw228e7s4zvfpqf5t54huvaemwn68jr7r9hm6v3dx9h234ccwr224pnf,kaspa:qz8ynf277z3d89twvhsxpymsvawtu334hjl4qs978uqhmq7y286vjx2w6kda9,800.0
1d07133fd42fd86bf6ff03b17d63f0699d3a7bd3512d593bc1e94b8ab1ab00e8,2025-08-05T16:03:35.823000+00:00,kaspa:pzqp2l4uj8pdmvfgpkeqnr23xnxt2xjwm9ykgv5vnlyg004vrxx3wtwygngkh,kaspa:qz8ynf277z3d89twvhsxpymsvawtu334hjl4qs978uqhmq7y286vjx2w6kda9,2.99996167
f5b0c15ceefcee8748917ee19550f357c9c7e9694981e4cb44f54624b3c801c2,2025-08-05T16:03:33.168000+00:00,kaspa:qz8ynf277z3d89twvhsxpymsvawtu334hjl4qs978uqhmq7y286vjx2w6kda9,kaspa:pzqp2l4uj8pdmvfgpkeqnr23xnxt2xjwm9ykgv5vnlyg004vrxx3wtwygngkh,833.0
f5b0c15ceefcee8748917ee19550f357c9c7e9694981e4cb44f54624b3c801c2,2025-08-05T16:03:33.168000+00:00,kaspa:qz8ynf277z3d89twvhsxpymsvawtu334hjl4qs978uqhmq7y286vjx2w6kda9,kaspa:qz8ynf277z3d89twvhsxpymsvawtu334hjl4qs978uqhmq7y286vjx2w6kda9,191.99896377
8cab839e67f1acc637b59c2e9cd72c4dae2143837b837bd1508a8fadc767a30f,2025-08-05T16:03:05.471000+00:00,kaspa:qypf5lvpw228e7s4zvfpqf5t54huvaemwn68jr7r9hm6v3dx9h234ccwr224pnf,kaspa:qz8ynf277z3d89twvhsxpymsvawtu334hjl4qs978uqhmq7y286vjx2w6kda9,800.0
652701a5c6d0be4ce251dbe607c3da368d5829d15e79d2038e31835b25825905,2025-08-05T15:52:10.931000+00:00,kaspa:pzqp2l4uj8pdmvfgpkeqnr23xnxt2xjwm9ykgv5vnlyg004vrxx3wtwygngkh,kaspa:qz8ynf277z3d89twvhsxpymsvawtu334hjl4qs978uqhmq7y286vjx2w6kda9,2.99996167
d9f234ab6bc5fe99076747f6bbfaa4e9afce044f8a9fa7b4affcdc961191484f,2025-08-05T15:52:08.598000+00:00,kaspa:qz8ynf277z3d89twvhsxpymsvawtu334hjl4qs978uqhmq7y286vjx2w6kda9,kaspa:pzqp2l4uj8pdmvfgpkeqnr23xnxt2xjwm9ykgv5vnlyg004vrxx3wtwygngkh,833.0
d9f234ab6bc5fe99076747f6bbfaa4e9afce044f8a9fa7b4affcdc961191484f,2025-08-05T15:52:08.598000+00:00,kaspa:qz8ynf277z3d89twvhsxpymsvawtu334hjl4qs978uqhmq7y286vjx2w6kda9,kaspa:qz8ynf277z3d89twvhsxpymsvawtu334hjl4qs978uqhmq7y286vjx2w6kda9,221.99904493
4e3e525c8a422d71e135452c7b8cb8e80aa39f28a240baabe58e4c2ecea237fa,2025-08-05T15:51:41.054000+00:00,kaspa:qypf5lvpw228e7s4zvfpqf5t54huvaemwn68jr7r9hm6v3dx9h234ccwr224pnf,kaspa:qz8ynf277z3d89twvhsxpymsvawtu334hjl4qs978uqhmq7y286vjx2w6kda9,800.0
17e84a6ce13425e7f808a4a07ed225c6d37b0d1acaee1631d89839a9e03f1308,2025-08-02T05:29:50.119000+00:00,kaspa:pr3fwzkx8ag753mx7qwgh8y20dy40amke42z5gvlfjp2xtjdy0dcw27mmdecr,kaspa:qz8ynf277z3d89twvhsxpymsvawtu334hjl4qs978uqhmq7y286vjx2w6kda9,177.75
3c9bfdbc518cdcb64da24503f9fe5141aadac09e25969ff130f32952ea5a888e,2025-08-01T19:40:10.179000+00:00,kaspa:pr8slasyp9jaekm0xdk6yn0vevksw622u8dszx8w73du2p55j9qxxt0fyr407,kaspa:qz8ynf277z3d89twvhsxpymsvawtu334hjl4qs978uqhmq7y286vjx2w6kda9,2.99996664
6e95c428425d79e12f60bfd79cc77c3650dcc848f95dc882bfcb33f7a9ed05ff,2025-08-01T19:40:07.754000+00:00,kaspa:qz8ynf277z3d89twvhsxpymsvawtu334hjl4qs978uqhmq7y286vjx2w6kda9,kaspa:pr8slasyp9jaekm0xdk6yn0vevksw622u8dszx8w73du2p55j9qxxt0fyr407,3.0
6e95c428425d79e12f60bfd79cc77c3650dcc848f95dc882bfcb33f7a9ed05ff,2025-08-01T19:40:07.754000+00:00,kaspa:qz8ynf277z3d89twvhsxpymsvawtu334hjl4qs978uqhmq7y286vjx2w6kda9,kaspa:qz8ynf277z3d89twvhsxpymsvawtu334hjl4qs978uqhmq7y286vjx2w6kda9,74.2491323
392095498cf81473a0ad5f83ced4778cd671f64404e95347dfbc811a55cd5703,2025-08-01T19:18:21.463000+00:00,kaspa:pp2mvwjn4w8nvude0jgvv2eznce7ealwa3zr8srfgsmmvjc8yt8pqa4qltt3n,kaspa:qz8ynf277z3d89twvhsxpymsvawtu334hjl4qs978uqhmq7y286vjx2w6kda9,2.99995523
06ec59436e707704f1b6665178076f85ff45c497f3db890a7035e0283f0c883f,2025-08-01T19:18:18.697000+00:00,kaspa:qz8ynf277z3d89twvhsxpymsvawtu334hjl4qs978uqhmq7y286vjx2w6kda9,kaspa:pp2mvwjn4w8nvude0jgvv2eznce7ealwa3zr8srfgsmmvjc8yt8pqa4qltt3n,371.75
06ec59436e707704f1b6665178076f85ff45c497f3db890a7035e0283f0c883f,2025-08-01T19:18:18.697000+00:00,kaspa:qz8ynf277z3d89twvhsxpymsvawtu334hjl4qs978uqhmq7y286vjx2w6kda9,kaspa:qz8ynf277z3d89twvhsxpymsvawtu334hjl4qs978uqhmq7y286vjx2w6kda9,74.24920872
20fe251eede188ffc2f8c3987e33ebfdbc829fc3794e9bf5171cb9776196bc72,2025-07-30T14:47:19.941000+00:00,kaspa:pr80lqaz4y4al9wje8z3nrt5ufgsexxzl04ecvdmh7ukg099y5867vj929eae,kaspa:qz8ynf277z3d89twvhsxpymsvawtu334hjl4qs978uqhmq7y286vjx2w6kda9,118.5
f8b8f034ba871ee962f4f58ad6ff565bc384eb7fc739e0ee1f90b4b62d1e3fbb,2025-07-27T12:58:54.096000+00:00,kaspa:pzw4tp77q9h0rgvhntx0e43zrrcs6vw49x0l7dxx2s59rprys5czg0ppmj8ec,kaspa:qz8ynf277z3d89twvhsxpymsvawtu334hjl4qs978uqhmq7y286vjx2w6kda9,2.99996664
584f8bb5f410ce212d1bdde833c7178b0ad00d394b56e7225d804c77c6460d00,2025-07-27T12:58:51.257000+00:00,kaspa:qz8ynf277z3d89twvhsxpymsvawtu334hjl4qs978uqhmq7y286vjx2w6kda9,kaspa:pzw4tp77q9h0rgvhntx0e43zrrcs6vw49x0l7dxx2s59rprys5czg0ppmj8ec,3.0
584f8bb5f410ce212d1bdde833c7178b0ad00d394b56e7225d804c77c6460d00,2025-07-27T12:58:51.257000+00:00,kaspa:qz8ynf277z3d89twvhsxpymsvawtu334hjl4qs978uqhmq7y286vjx2w6kda9,kaspa:qz8ynf277z3d89twvhsxpymsvawtu334hjl4qs978uqhmq7y286vjx2w6kda9,324.49928491
d68e0fab141dc9857603318d2a07060c3661641aabfcec017c587384c6a02907,2025-07-23T20:47:44.043000+00:00,kaspa:pzxg9u3j8m4juwnrcy38s023qlaz2q806u2ed689y6mvp0j7ga6ducc953svt,kaspa:qz8ynf277z3d89twvhsxpymsvawtu334hjl4qs978uqhmq7y286vjx2w6kda9,2.99996664
123a632e2cb1f45e55a369c15ae1dbdc127e5313709359a39d5b09c5250986d6,2025-07-23T20:47:40.437000+00:00,kaspa:qz8ynf277z3d89twvhsxpymsvawtu334hjl4qs978uqhmq7y286vjx2w6kda9,kaspa:pzxg9u3j8m4juwnrcy38s023qlaz2q806u2ed689y6mvp0j7ga6ducc953svt,3.0
123a632e2cb1f45e55a369c15ae1dbdc127e5313709359a39d5b09c5250986d6,2025-07-23T20:47:40.437000+00:00,kaspa:qz8ynf277z3d89twvhsxpymsvawtu334hjl4qs978uqhmq7y286vjx2w6kda9,kaspa:qz8ynf277z3d89twvhsxpymsvawtu334hjl4qs978uqhmq7y286vjx2w6kda9,324.49935068
e81c22af088c1fd666d35401d8a2809069ca3ebbfae3ad2c50bd8286276c2536,2025-07-23T20:46:45.915000+00:00,kaspa:pq4csgmqxyp9302e0wawygljlczerx2xm8895t7kcdyk20k46d3w287yysrau,kaspa:qz8ynf277z3d89twvhsxpymsvawtu334hjl4qs978uqhmq7y286vjx2w6kda9,2.99996664
c34d386756cb07275d8b730f17316e36a79c3549bc2579cb5243bb70a61495df,2025-07-23T20:46:43.086000+00:00,kaspa:qz8ynf277z3d89twvhsxpymsvawtu334hjl4qs978uqhmq7y286vjx2w6kda9,kaspa:pq4csgmqxyp9302e0wawygljlczerx2xm8895t7kcdyk20k46d3w287yysrau,3.0
c34d386756cb07275d8b730f17316e36a79c3549bc2579cb5243bb70a61495df,2025-07-23T20:46:43.086000+00:00,kaspa:qz8ynf277z3d89twvhsxpymsvawtu334hjl4qs978uqhmq7y286vjx2w6kda9,kaspa:qz8ynf277z3d89twvhsxpymsvawtu334hjl4qs978uqhmq7y286vjx2w6kda9,324.49941645
47c49a874439de55da6309fadbb68ab287127ae67f451ed1470cf1055b8e0620,2025-07-23T20:26:54.847000+00:00,kaspa:ppuzuh2xpzfj7hm5hp4tp39fvjz03dfqwew9u3vmm79nxtlj6p6pvk77t0h7n,kaspa:qz8ynf277z3d89twvhsxpymsvawtu334hjl4qs978uqhmq7y286vjx2w6kda9,2.99995064
db5296d84a8c57fda327d8c215547254a9d155f5e1900c9938a57b0f2119a4a6,2025-07-23T20:26:52.687000+00:00,kaspa:qz8ynf277z3d89twvhsxpymsvawtu334hjl4qs978uqhmq7y286vjx2w6kda9,kaspa:ppuzuh2xpzfj7hm5hp4tp39fvjz03dfqwew9u3vmm79nxtlj6p6pvk77t0h7n,269.25
db5296d84a8c57fda327d8c215547254a9d155f5e1900c9938a57b0f2119a4a6,2025-07-23T20:26:52.687000+00:00,kaspa:qz8ynf277z3d89twvhsxpymsvawtu334hjl4qs978uqhmq7y286vjx2w6kda9,kaspa:qz8ynf277z3d89twvhsxpymsvawtu334hjl4qs978uqhmq7y286vjx2w6kda9,324.49949822
4a947ed46ee939f6e08402168445899d5c24fd63b407960a74fd50d66c5d8e9f,2025-07-23T20:26:29.908000+00:00,kaspa:qypf5lvpw228e7s4zvfpqf5t54huvaemwn68jr7r9hm6v3dx9h234ccwr224pnf,kaspa:qz8ynf277z3d89twvhsxpymsvawtu334hjl4qs978uqhmq7y286vjx2w6kda9,500.0
3185a4f2598186b31100d67ca59b3e4fa51a9a899cd0626a852f0a8c0e12a8b0,2025-07-23T20:24:36.019000+00:00,kaspa:ppuzuh2xpzfj7hm5hp4tp39fvjz03dfqwew9u3vmm79nxtlj6p6pvk77t0h7n,kaspa:qz8ynf277z3d89twvhsxpymsvawtu334hjl4qs978uqhmq7y286vjx2w6kda9,2.99995064
ecbbb93668039378f2994985ec33dfa1a21eb5abbd7adc397f67b4d452ae18bb,2025-07-23T20:24:33.797000+00:00,kaspa:qz8ynf277z3d89twvhsxpymsvawtu334hjl4qs978uqhmq7y286vjx2w6kda9,kaspa:ppuzuh2xpzfj7hm5hp4tp39fvjz03dfqwew9u3vmm79nxtlj6p6pvk77t0h7n,269.25
ecbbb93668039378f2994985ec33dfa1a21eb5abbd7adc397f67b4d452ae18bb,2025-07-23T20:24:33.797000+00:00,kaspa:qz8ynf277z3d89twvhsxpymsvawtu334hjl4qs978uqhmq7y286vjx2w6kda9,kaspa:qz8ynf277z3d89twvhsxpymsvawtu334hjl4qs978uqhmq7y286vjx2w6kda9,90.74959041
44eca1c4d361b77e61b09e6af914e47576313ca13b9efc3ee1ac2f4eee12958f,2025-07-23T20:24:19.994000+00:00,kaspa:ppuzuh2xpzfj7hm5hp4tp39fvjz03dfqwew9u3vmm79nxtlj6p6pvk77t0h7n,kaspa:qz8ynf277z3d89twvhsxpymsvawtu334hjl4qs978uqhmq7y286vjx2w6kda9,2.99995064
442ee7ad5367c31e641d8405a7f23f8663587dd49e8ef0d964b0b9083f5b9941,2025-07-23T20:24:18.284000+00:00,kaspa:qz8ynf277z3d89twvhsxpymsvawtu334hjl4qs978uqhmq7y286vjx2w6kda9,kaspa:ppuzuh2xpzfj7hm5hp4tp39fvjz03dfqwew9u3vmm79nxtlj6p6pvk77t0h7n,269.25
442ee7ad5367c31e641d8405a7f23f8663587dd49e8ef0d964b0b9083f5b9941,2025-07-23T20:24:18.284000+00:00,kaspa:qz8ynf277z3d89twvhsxpymsvawtu334hjl4qs978uqhmq7y286vjx2w6kda9,kaspa:qz8ynf277z3d89twvhsxpymsvawtu334hjl4qs978uqhmq7y286vjx2w6kda9,356.99967142
af073652bbf90e8ec7d8e4f10b9444a67ced55d1225ee5f0ab4178d539a7393a,2025-07-23T20:23:53.613000+00:00,kaspa:qypf5lvpw228e7s4zvfpqf5t54huvaemwn68jr7r9hm6v3dx9h234ccwr224pnf,kaspa:qz8ynf277z3d89twvhsxpymsvawtu334hjl4qs978uqhmq7y286vjx2w6kda9,600.0
c585de9f64c8a61fb6c7f50e9d0e8dc06fd357afc871a9bf07fad60db5f5b636,2025-07-23T20:22:53.868000+00:00,kaspa:ppuzuh2xpzfj7hm5hp4tp39fvjz03dfqwew9u3vmm79nxtlj6p6pvk77t0h7n,kaspa:qz8ynf277z3d89twvhsxpymsvawtu334hjl4qs978uqhmq7y286vjx2w6kda9,2.99995064
a370efa5d10cdb2cb1fd3fcc90d8de3e3368334c7ac462581101249ab99a3e56,2025-07-23T20:22:28.235000+00:00,kaspa:qypf5lvpw228e7s4zvfpqf5t54huvaemwn68jr7r9hm6v3dx9h234ccwr224pnf,kaspa:qz8ynf277z3d89twvhsxpymsvawtu334hjl4qs978uqhmq7y286vjx2w6kda9,250.0
90632d32f69ff9a4ed096d6aa90b1ffa5d6f22f754cbd491d0ce2c3736a125a3,2025-07-23T20:21:07.115000+00:00,kaspa:ppuzuh2xpzfj7hm5hp4tp39fvjz03dfqwew9u3vmm79nxtlj6p6pvk77t0h7n,kaspa:qz8ynf277z3d89twvhsxpymsvawtu334hjl4qs978uqhmq7y286vjx2w6kda9,2.99995064
5964e5e30df574cfe6fb4c64c73472c417d896580e9b170f460fba46d1c94249,2025-07-23T20:21:04.018000+00:00,kaspa:qz8ynf277z3d89twvhsxpymsvawtu334hjl4qs978uqhmq7y286vjx2w6kda9,kaspa:ppuzuh2xpzfj7hm5hp4tp39fvjz03dfqwew9u3vmm79nxtlj6p6pvk77t0h7n,269.25
5964e5e30df574cfe6fb4c64c73472c417d896580e9b170f460fba46d1c94249,2025-07-23T20:21:04.018000+00:00,kaspa:qz8ynf277z3d89twvhsxpymsvawtu334hjl4qs978uqhmq7y286vjx2w6kda9,kaspa:qz8ynf277z3d89twvhsxpymsvawtu334hjl4qs978uqhmq7y286vjx2w6kda9,39.4998558
e6950487f45e6954831de5b6e2b7cb2cbaa1864d586fb60d73c0e1465f50e4fb,2025-07-23T20:20:48.701000+00:00,kaspa:qz8ynf277z3d89twvhsxpymsvawtu334hjl4qs978uqhmq7y286vjx2w6kda9,kaspa:ppuzuh2xpzfj7hm5hp4tp39fvjz03dfqwew9u3vmm79nxtlj6p6pvk77t0h7n,269.25
e6950487f45e6954831de5b6e2b7cb2cbaa1864d586fb60d73c0e1465f50e4fb,2025-07-23T20:20:48.701000+00:00,kaspa:qz8ynf277z3d89twvhsxpymsvawtu334hjl4qs978uqhmq7y286vjx2w6kda9,kaspa:qz8ynf277z3d89twvhsxpymsvawtu334hjl4qs978uqhmq7y286vjx2w6kda9,23.24976361
e8267bde400660db149820dde7bc197f7ee750f9d4fe043c69449e39a7e642b5,2025-07-23T20:20:45.767000+00:00,kaspa:qypf5lvpw228e7s4zvfpqf5t54huvaemwn68jr7r9hm6v3dx9h234ccwr224pnf,kaspa:qz8ynf277z3d89twvhsxpymsvawtu334hjl4qs978uqhmq7y286vjx2w6kda9,50.0
2db3efab4ae50e8ba7c461ac2ec45fa8d100348a7d4119c040894752b8e5188d,2025-07-23T17:45:09.059000+00:00,kaspa:ppuzuh2xpzfj7hm5hp4tp39fvjz03dfqwew9u3vmm79nxtlj6p6pvk77t0h7n,kaspa:qz8ynf277z3d89twvhsxpymsvawtu334hjl4qs978uqhmq7y286vjx2w6kda9,2.99995064
74e03e32f0be85dc21f85c3fbc061d5c65ba5de8770620a9496b8bb658371f02,2025-07-23T17:45:05.835000+00:00,kaspa:qz8ynf277z3d89twvhsxpymsvawtu334hjl4qs978uqhmq7y286vjx2w6kda9,kaspa:ppuzuh2xpzfj7hm5hp4tp39fvjz03dfqwew9u3vmm79nxtlj6p6pvk77t0h7n,269.25
74e03e32f0be85dc21f85c3fbc061d5c65ba5de8770620a9496b8bb658371f02,2025-07-23T17:45:05.835000+00:00,kaspa:qz8ynf277z3d89twvhsxpymsvawtu334hjl4qs978uqhmq7y286vjx2w6kda9,kaspa:qz8ynf277z3d89twvhsxpymsvawtu334hjl4qs978uqhmq7y286vjx2w6kda9,255.74994799
5a357dd1a0d15e16980482ae50a5a1d3aefbde93f3da0916843c411c52ba4fff,2025-07-23T17:44:13.030000+00:00,kaspa:qypf5lvpw228e7s4zvfpqf5t54huvaemwn68jr7r9hm6v3dx9h234ccwr224pnf,kaspa:qz8ynf277z3d89twvhsxpymsvawtu334hjl4qs978uqhmq7y286vjx2w6kda9,500.0
f5dac087ba962c3b768d449f9dbaedbbbcd6000460ae22254567d0368fea89ca,2025-07-20T18:10:29.223000+00:00,kaspa:qz8ynf277z3d89twvhsxpymsvawtu334hjl4qs978uqhmq7y286vjx2w6kda9,kaspa:qrg0q8zrpqmct0w6pkkqgzakxm9h0rdeew44t3qfpqkrk7frnxrjkx0e6qt8z,25.0
f5dac087ba962c3b768d449f9dbaedbbbcd6000460ae22254567d0368fea89ca,2025-07-20T18:10:29.223000+00:00,kaspa:qz8ynf277z3d89twvhsxpymsvawtu334hjl4qs978uqhmq7y286vjx2w6kda9,kaspa:qz8ynf277z3d89twvhsxpymsvawtu334hjl4qs978uqhmq7y286vjx2w6kda9,24.99997964
22f595c6b05c6ed6d1344e0913700d896d8b2aad3c96952621cdc2f22d30098c,2025-06-29T22:52:11.160000+00:00,kaspa:qrg0q8zrpqmct0w6pkkqgzakxm9h0rdeew44t3qfpqkrk7frnxrjkx0e6qt8z,kaspa:qz8ynf277z3d89twvhsxpymsvawtu334hjl4qs978uqhmq7y286vjx2w6kda9,50.0
064c6bbe051ad4c86287c52003960c2e63adaa9bbb74a4b3699c0bec8a4be6e5,2025-02-06T23:27:26.327000+00:00,kaspa:qz8ynf277z3d89twvhsxpymsvawtu334hjl4qs978uqhmq7y286vjx2w6kda9,kaspa:qrg0q8zrpqmct0w6pkkqgzakxm9h0rdeew44t3qfpqkrk7frnxrjkx0e6qt8z,481.0649055
2c5f3b9aa60649fc462f4ff962dfae215e3937261f4f996851f6296cac3bbb81,2025-02-02T17:16:11.308000+00:00,kaspa:qqp9ktfpa5upef73dgp0gwhcr5ra49zynn4kaumrxnsl2km9nntzqz0qyfygz,kaspa:qz8ynf277z3d89twvhsxpymsvawtu334hjl4qs978uqhmq7y286vjx2w6kda9,469.26507938
968ab06cdf3e47e2dc488b23bff0da8fec3c6fb925ad313bd14ad2a413d27324,2025-02-02T17:15:55.476000+00:00,kaspa:pp92rm33a725y6sht8ukka93pl2mjzyx48a350xmlwfl3u8ymd8pgwr2uvlj3,kaspa:qz8ynf277z3d89twvhsxpymsvawtu334hjl4qs978uqhmq7y286vjx2w6kda9,3.0
2f03bea08387e342e6fa10356c22b231ac585477d0db05d0fee0a1144894704d,2025-02-02T17:15:52.036000+00:00,kaspa:qz8ynf277z3d89twvhsxpymsvawtu334hjl4qs978uqhmq7y286vjx2w6kda9,kaspa:pp92rm33a725y6sht8ukka93pl2mjzyx48a350xmlwfl3u8ymd8pgwr2uvlj3,3.1001
2f03bea08387e342e6fa10356c22b231ac585477d0db05d0fee0a1144894704d,2025-02-02T17:15:52.036000+00:00,kaspa:qz8ynf277z3d89twvhsxpymsvawtu334hjl4qs978uqhmq7y286vjx2w6kda9,kaspa:qz8ynf277z3d89twvhsxpymsvawtu334hjl4qs978uqhmq7y286vjx2w6kda9,8.79986472
aa33ffa5dd566784989d5d72ff29265524c9018f862bfd4a0a76636d0bfbd373,2025-02-02T17:15:12.060000+00:00,kaspa:qrg0q8zrpqmct0w6pkkqgzakxm9h0rdeew44t3qfpqkrk7frnxrjkx0e6qt8z,kaspa:qz8ynf277z3d89twvhsxpymsvawtu334hjl4qs978uqhmq7y286vjx2w6kda9,12.0
