tx_id,timestamp,sender,recipient,amount_kas
6507c085623415407d0047512c8bc74b2860b3a7b2a87ef09701921f20334625,2025-09-02T01:36:06.297000+00:00,kaspa:qrze3glsylzsmqmepu7yy25yv70e77gdadfspcrt3g42fqar8lk6xd26gs90s,kaspa:pzeg59y773xl2aane35kwhx7372cnx4apdm4uhylexcy8g6u2au86rnyvsnlf,81.0
6507c085623415407d0047512c8bc74b2860b3a7b2a87ef09701921f20334625,2025-09-02T01:36:06.297000+00:00,kaspa:qrze3glsylzsmqmepu7yy25yv70e77gdadfspcrt3g42fqar8lk6xd26gs90s,kaspa:qqkm7pcztna2mm8vfymvqwmrwrudxc6fmh6s7lfc7w8yhlz6ywnkvqutw3m8l,8.0
6507c085623415407d0047512c8bc74b2860b3a7b2a87ef09701921f20334625,2025-09-02T01:36:06.297000+00:00,kaspa:qrze3glsylzsmqmepu7yy25yv70e77gdadfspcrt3g42fqar8lk6xd26gs90s,kaspa:qrze3glsylzsmqmepu7yy25yv70e77gdadfspcrt3g42fqar8lk6xd26gs90s,1379.21412534
f72b51d4a00590818a078c4425d0067727ff43aa208bf055495c0517a52f1e22,2025-09-01T23:12:10.525000+00:00,kaspa:pq3psetnwy6vkthp7wu2ht9c7ma2tavqax8x705dk46r5l2kzr8tgfw59qynk,kaspa:qrze3glsylzsmqmepu7yy25yv70e77gdadfspcrt3g42fqar8lk6xd26gs90s,5.0
34dedfe412ff20993b486d2fab94a5a927e6136100ab757864f380f3a423e957,2025-09-01T23:12:08.095000+00:00,kaspa:qrze3glsylzsmqmepu7yy25yv70e77gdadfspcrt3g42fqar8lk6xd26gs90s,kaspa:pq3psetnwy6vkthp7wu2ht9c7ma2tavqax8x705dk46r5l2kzr8tgfw59qynk,5.00003
34dedfe412ff20993b486d2fab94a5a927e6136100ab757864f380f3a423e957,2025-09-01T23:12:08.095000+00:00,kaspa:qrze3glsylzsmqmepu7yy25yv70e77gdadfspcrt3g42fqar8lk6xd26gs90s,kaspa:qrze3glsylzsmqmepu7yy25yv70e77gdadfspcrt3g42fqar8lk6xd26gs90s,1463.214179
b78e1f837767abfbad4a1df1c323372a36290b7c0c1a5f714e2b0e2461ff87c9,2025-09-01T22:52:31.038000+00:00,kaspa:qrze3glsylzsmqmepu7yy25yv70e77gdadfspcrt3g42fqar8lk6xd26gs90s,kaspa:ppewmtlpyc0wqqy7ts0dcqlxgd9c5t3xr4cpgnyauy0drnf3eq702037amzdh,21.0
b78e1f837767abfbad4a1df1c323372a36290b7c0c1a5f714e2b0e2461ff87c9,2025-09-01T22:52:31.038000+00:00,kaspa:qrze3glsylzsmqmepu7yy25yv70e77gdadfspcrt3g42fqar8lk6xd26gs90s,kaspa:qqkm7pcztna2mm8vfymvqwmrwrudxc6fmh6s7lfc7w8yhlz6ywnkvqutw3m8l,2.0
b78e1f837767abfbad4a1df1c323372a36290b7c0c1a5f714e2b0e2461ff87c9,2025-09-01T22:52:31.038000+00:00,kaspa:qrze3glsylzsmqmepu7yy25yv70e77gdadfspcrt3g42fqar8lk6xd26gs90s,kaspa:qrze3glsylzsmqmepu7yy25yv70e77gdadfspcrt3g42fqar8lk6xd26gs90s,1468.21423971
b3729376857bd847078534b096f4679a0e17063b77753ff378b59f154320d613,2025-09-01T22:49:29.542000+00:00,kaspa:qrze3glsylzsmqmepu7yy25yv70e77gdadfspcrt3g42fqar8lk6xd26gs90s,kaspa:ppewmtlpyc0wqqy7ts0dcqlxgd9c5t3xr4cpgnyauy0drnf3eq702037amzdh,61.0
b3729376857bd847078534b096f4679a0e17063b77753ff378b59f154320d613,2025-09-01T22:49:29.542000+00:00,kaspa:qrze3glsylzsmqmepu7yy25yv70e77gdadfspcrt3g42fqar8lk6xd26gs90s,kaspa:qqkm7pcztna2mm8vfymvqwmrwrudxc6fmh6s7lfc7w8yhlz6ywnkvqutw3m8l,6.0
b3729376857bd847078534b096f4679a0e17063b77753ff378b59f154320d613,2025-09-01T22:49:29.542000+00:00,kaspa:qrze3glsylzsmqmepu7yy25yv70e77gdadfspcrt3g42fqar8lk6xd26gs90s,kaspa:qrze3glsylzsmqmepu7yy25yv70e77gdadfspcrt3g42fqar8lk6xd26gs90s,1491.21432185
00d977a1837bb2611bd80747a2fbd0d778890b154fc1add3fbed7d3a84d1f28d,2025-09-01T13:03:48.142000+00:00,kaspa:pr7426ypn46j46frlc5tde9g5lr0lns5d5n7lkrvf6d9jpyu7mn9yle20my7t,kaspa:qrze3glsylzsmqmepu7yy25yv70e77gdadfspcrt3g42fqar8lk6xd26gs90s,9.99996931
c5ce872c177a6a5de5894087013eb04a2c164d4d26a09a4451d80ac61de80568,2025-09-01T13:00:00.017000+00:00,kaspa:qrze3glsylzsmqmepu7yy25yv70e77gdadfspcrt3g42fqar8lk6xd26gs90s,kaspa:pr7426ypn46j46frlc5tde9g5lr0lns5d5n7lkrvf6d9jpyu7mn9yle20my7t,101.0
c5ce872c177a6a5de5894087013eb04a2c164d4d26a09a4451d80ac61de80568,2025-09-01T13:00:00.017000+00:00,kaspa:qrze3glsylzsmqmepu7yy25yv70e77gdadfspcrt3g42fqar8lk6xd26gs90s,kaspa:qqkm7pcztna2mm8vfymvqwmrwrudxc6fmh6s7lfc7w8yhlz6ywnkvqutw3m8l,10.0
c5ce872c177a6a5de5894087013eb04a2c164d4d26a09a4451d80ac61de80568,2025-09-01T13:00:00.017000+00:00,kaspa:qrze3glsylzsmqmepu7yy25yv70e77gdadfspcrt3g42fqar8lk6xd26gs90s,kaspa:qrze3glsylzsmqmepu7yy25yv70e77gdadfspcrt3g42fqar8lk6xd26gs90s,1548.2144062
df193d697c35f5f9da31e1a994465ae512123620b86bdec8ff2d84d2e405aa32,2025-08-31T22:12:21.319000+00:00,kaspa:qrze3glsylzsmqmepu7yy25yv70e77gdadfspcrt3g42fqar8lk6xd26gs90s,kaspa:ppxfw6qjrw0rjk4grmfrful93mpeqp8dpk2r60tlkyv7r954dvff7dx4gj3cx,101.0
df193d697c35f5f9da31e1a994465ae512123620b86bdec8ff2d84d2e405aa32,2025-08-31T22:12:21.319000+00:00,kaspa:qrze3glsylzsmqmepu7yy25yv70e77gdadfspcrt3g42fqar8lk6xd26gs90s,kaspa:qqkm7pcztna2mm8vfymvqwmrwrudxc6fmh6s7lfc7w8yhlz6ywnkvqutw3m8l,10.0
df193d697c35f5f9da31e1a994465ae512123620b86bdec8ff2d84d2e405aa32,2025-08-31T22:12:21.319000+00:00,kaspa:qrze3glsylzsmqmepu7yy25yv70e77gdadfspcrt3g42fqar8lk6xd26gs90s,kaspa:qrze3glsylzsmqmepu7yy25yv70e77gdadfspcrt3g42fqar8lk6xd26gs90s,1659.21443079
dca1ee9141d356d660ac2c1a7f391971052f5c52e05dbc5346b1b582e0f37fa4,2025-08-29T06:43:23.600000+00:00,kaspa:qrze3glsylzsmqmepu7yy25yv70e77gdadfspcrt3g42fqar8lk6xd26gs90s,kaspa:qrze3glsylzsmqmepu7yy25yv70e77gdadfspcrt3g42fqar8lk6xd26gs90s,1770.21445538
fcf05347b88d5bfc3216af006b24b1290b15b685070a596c8971f9501f89fd44,2025-08-22T19:26:07.614000+00:00,kaspa:qrdlnf9dlyuv7zztakajrgw75pm4p5cv5ma5565twgwymgr227m4u6zseztfr,kaspa:qrze3glsylzsmqmepu7yy25yv70e77gdadfspcrt3g42fqar8lk6xd26gs90s,439.85
fcf05347b88d5bfc3216af006b24b1290b15b685070a596c8971f9501f89fd44,2025-08-22T19:26:07.614000+00:00,kaspa:qrdlnf9dlyuv7zztakajrgw75pm4p5cv5ma5565twgwymgr227m4u6zseztfr,kaspa:qpjujc5v7f3fuglp4nadamx37gaqxzh6fqk3xx2sh5g7g5g3y7yu2w8pfwcwa,23.15
bd0e8d226f865bbe685915962da00ce8d37a5444fc1391956e28b35c014d4c7a,2025-08-22T19:25:16.953000+00:00,kaspa:qqlzl7vmrwxzkm9xl0axr8vazkh3dfpkx5xrd29x67zx92mapadpvgaq4xz5n,kaspa:qrze3glsylzsmqmepu7yy25yv70e77gdadfspcrt3g42fqar8lk6xd26gs90s,883.5
bd0e8d226f865bbe685915962da00ce8d37a5444fc1391956e28b35c014d4c7a,2025-08-22T19:25:16.953000+00:00,kaspa:qqlzl7vmrwxzkm9xl0axr8vazkh3dfpkx5xrd29x67zx92mapadpvgaq4xz5n,kaspa:qpjujc5v7f3fuglp4nadamx37gaqxzh6fqk3xx2sh5g7g5g3y7yu2w8pfwcwa,46.5
e765eb67fac941b5c1c535da20eb46dcb2b4c371e9ed0bfe2de888e142f1756d,2025-08-22T19:18:11.811000+00:00,kaspa:qzcw0p06wcg0n3ezfyswxnj8lqf3z56nzrz4fnsla5tnzguxsly9qjvltu93q,kaspa:qrze3glsylzsmqmepu7yy25yv70e77gdadfspcrt3g42fqar8lk6xd26gs90s,439.85
e765eb67fac941b5c1c535da20eb46dcb2b4c371e9ed0bfe2de888e142f1756d,2025-08-22T19:18:11.811000+00:00,kaspa:qzcw0p06wcg0n3ezfyswxnj8lqf3z56nzrz4fnsla5tnzguxsly9qjvltu93q,kaspa:qpjujc5v7f3fuglp4nadamx37gaqxzh6fqk3xx2sh5g7g5g3y7yu2w8pfwcwa,23.15
307a2b11f586dbf3781bf8ac0d3c5bef9a220fddfadcdcd891933a3f04185e90,2025-08-22T11:27:15.740000+00:00,kaspa:pqcqyvm9ux8605027ulx5rsud3q6ta9a87nu02wgwgpukw393p0cj88pah2z0,kaspa:qrze3glsylzsmqmepu7yy25yv70e77gdadfspcrt3g42fqar8lk6xd26gs90s,5.0
4252930fa4a3e3a041a3e12bf505e4b1d3dac743f387a01dd6614cd91d0316c0,2025-08-22T11:27:14.055000+00:00,kaspa:qrze3glsylzsmqmepu7yy25yv70e77gdadfspcrt3g42fqar8lk6xd26gs90s,kaspa:pqcqyvm9ux8605027ulx5rsud3q6ta9a87nu02wgwgpukw393p0cj88pah2z0,5.00003
4252930fa4a3e3a041a3e12bf505e4b1d3dac743f387a01dd6614cd91d0316c0,2025-08-22T11:27:14.055000+00:00,kaspa:qrze3glsylzsmqmepu7yy25yv70e77gdadfspcrt3g42fqar8lk6xd26gs90s,kaspa:qrze3glsylzsmqmepu7yy25yv70e77gdadfspcrt3g42fqar8lk6xd26gs90s,2.01454682
4f392ddc04665f09251959b2ada7c601b72fa4f52f3f282ba7b6b4e389704058,2025-08-22T11:26:50.340000+00:00,kaspa:pzzqsk9eddupqhk8qv8a4pr65gj4uvu3ev24c4ctzkzq957dvl5zkwlhf4aw8,kaspa:qrze3glsylzsmqmepu7yy25yv70e77gdadfspcrt3g42fqar8lk6xd26gs90s,5.0
54b83fb58c93ccb5357da44e51df1fb85222bf163ed16da0441543fff7fc404e,2025-08-22T11:26:48.871000+00:00,kaspa:qrze3glsylzsmqmepu7yy25yv70e77gdadfspcrt3g42fqar8lk6xd26gs90s,kaspa:pzzqsk9eddupqhk8qv8a4pr65gj4uvu3ev24c4ctzkzq957dvl5zkwlhf4aw8,5.00003
54b83fb58c93ccb5357da44e51df1fb85222bf163ed16da0441543fff7fc404e,2025-08-22T11:26:48.871000+00:00,kaspa:qrze3glsylzsmqmepu7yy25yv70e77gdadfspcrt3g42fqar8lk6xd26gs90s,kaspa:qrze3glsylzsmqmepu7yy25yv70e77gdadfspcrt3g42fqar8lk6xd26gs90s,2.0146243
b61fd7847a017fc0c33ef2280155d6500fbb55334d928518b763fc081b83efb1,2025-08-22T11:10:58.457000+00:00,kaspa:pz0f5cf72tfz66dfsage3ykedee2qs4lscqrq5a78e9w2nt9ysn07evauz92e,kaspa:qrze3glsylzsmqmepu7yy25yv70e77gdadfspcrt3g42fqar8lk6xd26gs90s,5.0
a2d8601e61b1f66af21cd3d3088588cb717f666e8e828d3c9c997ca2bb5ad4a5,2025-08-22T11:10:56.528000+00:00,kaspa:qrze3glsylzsmqmepu7yy25yv70e77gdadfspcrt3g42fqar8lk6xd26gs90s,kaspa:pz0f5cf72tfz66dfsage3ykedee2qs4lscqrq5a78e9w2nt9ysn07evauz92e,5.00003
a2d8601e61b1f66af21cd3d3088588cb717f666e8e828d3c9c997ca2bb5ad4a5,2025-08-22T11:10:56.528000+00:00,kaspa:qrze3glsylzsmqmepu7yy25yv70e77gdadfspcrt3g42fqar8lk6xd26gs90s,kaspa:qrze3glsylzsmqmepu7yy25yv70e77gdadfspcrt3g42fqar8lk6xd26gs90s,2.01470178
f8af55fefa04501d4fe0b6946d721972c57c493277d3b8ad9dad4405593a5410,2025-08-21T20:01:18.888000+00:00,kaspa:qrze3glsylzsmqmepu7yy25yv70e77gdadfspcrt3g42fqar8lk6xd26gs90s,kaspa:prafhuf45h4ey7d4uz58acwlryh6xyknkme389lateazgcceqa50v7plee6pr,21.0
f8af55fefa04501d4fe0b6946d721972c57c493277d3b8ad9dad4405593a5410,2025-08-21T20:01:18.888000+00:00,kaspa:qrze3glsylzsmqmepu7yy25yv70e77gdadfspcrt3g42fqar8lk6xd26gs90s,kaspa:qqkm7pcztna2mm8vfymvqwmrwrudxc6fmh6s7lfc7w8yhlz6ywnkvqutw3m8l,2.0
f8af55fefa04501d4fe0b6946d721972c57c493277d3b8ad9dad4405593a5410,2025-08-21T20:01:18.888000+00:00,kaspa:qrze3glsylzsmqmepu7yy25yv70e77gdadfspcrt3g42fqar8lk6xd26gs90s,kaspa:qrze3glsylzsmqmepu7yy25yv70e77gdadfspcrt3g42fqar8lk6xd26gs90s,7.01481484
1575f7c3070dbae8570a0efcc3ca2b10cae8ca98d3dc42e781239c7c8f30fdd0,2025-08-13T21:52:00.626000+00:00,kaspa:prj6ladjvqpgnpdkuyqkht7fv4jfsdtvchj6d9t2s4kzfczldy8hxwxghe38v,kaspa:qrze3glsylzsmqmepu7yy25yv70e77gdadfspcrt3g42fqar8lk6xd26gs90s,5.0
e01ae704c603dd5093f97b0c51464205882174e829db10951ee959d32dadd0de,2025-08-13T21:51:57.576000+00:00,kaspa:qrze3glsylzsmqmepu7yy25yv70e77gdadfspcrt3g42fqar8lk6xd26gs90s,kaspa:qr2wdd5w34vdjge2xpfnn4jezh0s7xh4hwqjm988s77l9dgeu4vxklhzy66wh,165.00009
e01ae704c603dd5093f97b0c51464205882174e829db10951ee959d32dadd0de,2025-08-13T21:51:57.576000+00:00,kaspa:qrze3glsylzsmqmepu7yy25yv70e77gdadfspcrt3g42fqar8lk6xd26gs90s,kaspa:qrze3glsylzsmqmepu7yy25yv70e77gdadfspcrt3g42fqar8lk6xd26gs90s,25.01487053
cd4fea7ff7774c840b3af70409748c2f0b574e9f24be485099291cceaa89de2f,2025-01-21T10:40:23.413000+00:00,kaspa:ppl6w63c3g3uwdseah32sktlmhkx0zmxtlxgwhm5acv23xaypjnq5g9k77fl4,kaspa:qrze3glsylzsmqmepu7yy25yv70e77gdadfspcrt3g42fqar8lk6xd26gs90s,5.0
d9184fd10415466bdc6fc1ed54c06403933d997cade4e6548fc04a7438158cc4,2025-01-21T10:40:19.410000+00:00,kaspa:qrze3glsylzsmqmepu7yy25yv70e77gdadfspcrt3g42fqar8lk6xd26gs90s,kaspa:ppl6w63c3g3uwdseah32sktlmhkx0zmxtlxgwhm5acv23xaypjnq5g9k77fl4,5.00003
d9184fd10415466bdc6fc1ed54c06403933d997cade4e6548fc04a7438158cc4,2025-01-21T10:40:19.410000+00:00,kaspa:qrze3glsylzsmqmepu7yy25yv70e77gdadfspcrt3g42fqar8lk6xd26gs90s,kaspa:qrze3glsylzsmqmepu7yy25yv70e77gdadfspcrt3g42fqar8lk6xd26gs90s,185.01500784
ea7e9874c11b4872007eaf9b8aa3c8e32869c527c50858051894a71b12aaa1cd,2025-01-21T10:20:16.198000+00:00,kaspa:pp573m8d737ejzvrfhf4va6xlr8ucjykktyql25k30pndvsxhhdk7uz7uhrjd,kaspa:qrze3glsylzsmqmepu7yy25yv70e77gdadfspcrt3g42fqar8lk6xd26gs90s,5.0
bb64942225c348a91f39559828914455b5f7ed2270019f96fa574a3a70ff9d10,2025-01-21T10:20:11.785000+00:00,kaspa:qrze3glsylzsmqmepu7yy25yv70e77gdadfspcrt3g42fqar8lk6xd26gs90s,kaspa:qrwgx77ayhz8tuqtsnz9qy6uje7s2jeudmtj5qlsj9f4et63h99c2ezwyvgnu,405.00009
bb64942225c348a91f39559828914455b5f7ed2270019f96fa574a3a70ff9d10,2025-01-21T10:20:11.785000+00:00,kaspa:qrze3glsylzsmqmepu7yy25yv70e77gdadfspcrt3g42fqar8lk6xd26gs90s,kaspa:qrze3glsylzsmqmepu7yy25yv70e77gdadfspcrt3g42fqar8lk6xd26gs90s,185.01508532
674840121b10be3c020591542449dfcd0c6e76850ad0f7df3565a1456bc14411,2025-01-21T00:29:45.607000+00:00,kaspa:qrze3glsylzsmqmepu7yy25yv70e77gdadfspcrt3g42fqar8lk6xd26gs90s,kaspa:pzqgcqj4s74hyzjlkd74fxs8ek7vkd2fe2mfzpytsjnjee07hfpcwunsxtgmd,101.0
674840121b10be3c020591542449dfcd0c6e76850ad0f7df3565a1456bc14411,2025-01-21T00:29:45.607000+00:00,kaspa:qrze3glsylzsmqmepu7yy25yv70e77gdadfspcrt3g42fqar8lk6xd26gs90s,kaspa:qqkm7pcztna2mm8vfymvqwmrwrudxc6fmh6s7lfc7w8yhlz6ywnkvqutw3m8l,10.0
674840121b10be3c020591542449dfcd0c6e76850ad0f7df3565a1456bc14411,2025-01-21T00:29:45.607000+00:00,kaspa:qrze3glsylzsmqmepu7yy25yv70e77gdadfspcrt3g42fqar8lk6xd26gs90s,kaspa:qrze3glsylzsmqmepu7yy25yv70e77gdadfspcrt3g42fqar8lk6xd26gs90s,590.01520586
f7f625173c3f3f41bf964e2e68e9654d61489e2acfeecac6f402c85b00b3ac91,2025-01-18T00:28:09.109000+00:00,kaspa:qrze3glsylzsmqmepu7yy25yv70e77gdadfspcrt3g42fqar8lk6xd26gs90s,kaspa:pzqgcqj4s74hyzjlkd74fxs8ek7vkd2fe2mfzpytsjnjee07hfpcwunsxtgmd,81.0
f7f625173c3f3f41bf964e2e68e9654d61489e2acfeecac6f402c85b00b3ac91,2025-01-18T00:28:09.109000+00:00,kaspa:qrze3glsylzsmqmepu7yy25yv70e77gdadfspcrt3g42fqar8lk6xd26gs90s,kaspa:qqkm7pcztna2mm8vfymvqwmrwrudxc6fmh6s7lfc7w8yhlz6ywnkvqutw3m8l,8.0
f7f625173c3f3f41bf964e2e68e9654d61489e2acfeecac6f402c85b00b3ac91,2025-01-18T00:28:09.109000+00:00,kaspa:qrze3glsylzsmqmepu7yy25yv70e77gdadfspcrt3g42fqar8lk6xd26gs90s,kaspa:qrze3glsylzsmqmepu7yy25yv70e77gdadfspcrt3g42fqar8lk6xd26gs90s,701.01523045
7ea7a741fe81f48f3154fb3f63873a23ff27abd30998bc49b496f35d1378c675,2025-01-17T20:13:18.608000+00:00,kaspa:qrze3glsylzsmqmepu7yy25yv70e77gdadfspcrt3g42fqar8lk6xd26gs90s,kaspa:pzqgcqj4s74hyzjlkd74fxs8ek7vkd2fe2mfzpytsjnjee07hfpcwunsxtgmd,201.0
7ea7a741fe81f48f3154fb3f63873a23ff27abd30998bc49b496f35d1378c675,2025-01-17T20:13:18.608000+00:00,kaspa:qrze3glsylzsmqmepu7yy25yv70e77gdadfspcrt3g42fqar8lk6xd26gs90s,kaspa:qqkm7pcztna2mm8vfymvqwmrwrudxc6fmh6s7lfc7w8yhlz6ywnkvqutw3m8l,20.0
7ea7a741fe81f48f3154fb3f63873a23ff27abd30998bc49b496f35d1378c675,2025-01-17T20:13:18.608000+00:00,kaspa:qrze3glsylzsmqmepu7yy25yv70e77gdadfspcrt3g42fqar8lk6xd26gs90s,kaspa:qrze3glsylzsmqmepu7yy25yv70e77gdadfspcrt3g42fqar8lk6xd26gs90s,790.01525504
ca1ddfb9fd7a819bd598683c2696c331b4f855f37873027a73389e1a13240538,2025-01-16T01:53:34.713000+00:00,kaspa:qpezggdg8xgdrgzs2d40eta746fk5ruy4dyctak7q7vmyu7qc8wxvtp0gn3nh,kaspa:qrze3glsylzsmqmepu7yy25yv70e77gdadfspcrt3g42fqar8lk6xd26gs90s,144.07955340167507
ca1ddfb9fd7a819bd598683c2696c331b4f855f37873027a73389e1a13240538,2025-01-16T01:53:34.713000+00:00,kaspa:qz995pmf04r07u7dqdnmetrkzwe0wtj9sm6ayzglwuu6x0fx4mh87ckalwdqx,kaspa:qrze3glsylzsmqmepu7yy25yv70e77gdadfspcrt3g42fqar8lk6xd26gs90s,855.9204465983249
ca1ddfb9fd7a819bd598683c2696c331b4f855f37873027a73389e1a13240538,2025-01-16T01:53:34.713000+00:00,kaspa:qpezggdg8xgdrgzs2d40eta746fk5ruy4dyctak7q7vmyu7qc8wxvtp0gn3nh,kaspa:qpjgrsmuxhu4aentcfd7zx9rycxra7a6vwtj4nmw709f04hwa0wczfhpd93lx,360.91908046896333
ca1ddfb9fd7a819bd598683c2696c331b4f855f37873027a73389e1a13240538,2025-01-16T01:53:34.713000+00:00,kaspa:qz995pmf04r07u7dqdnmetrkzwe0wtj9sm6ayzglwuu6x0fx4mh87ckalwdqx,kaspa:qpjgrsmuxhu4aentcfd7zx9rycxra7a6vwtj4nmw709f04hwa0wczfhpd93lx,2144.0795258410367
2a4fa3927ec795f6476e7f80415a9ae114209483f27056c036c39bc3fd9ab35d,2025-01-16T01:38:42.121000+00:00,kaspa:qrze3glsylzsmqmepu7yy25yv70e77gdadfspcrt3g42fqar8lk6xd26gs90s,kaspa:pzqgcqj4s74hyzjlkd74fxs8ek7vkd2fe2mfzpytsjnjee07hfpcwunsxtgmd,161.0
2a4fa3927ec795f6476e7f80415a9ae114209483f27056c036c39bc3fd9ab35d,2025-01-16T01:38:42.121000+00:00,kaspa:qrze3glsylzsmqmepu7yy25yv70e77gdadfspcrt3g42fqar8lk6xd26gs90s,kaspa:qqkm7pcztna2mm8vfymvqwmrwrudxc6fmh6s7lfc7w8yhlz6ywnkvqutw3m8l,16.0
2a4fa3927ec795f6476e7f80415a9ae114209483f27056c036c39bc3fd9ab35d,2025-01-16T01:38:42.121000+00:00,kaspa:qrze3glsylzsmqmepu7yy25yv70e77gdadfspcrt3g42fqar8lk6xd26gs90s,kaspa:qrze3glsylzsmqmepu7yy25yv70e77gdadfspcrt3g42fqar8lk6xd26gs90s,11.01529081
b537d86887cfd7248524de473399118d97a6a98d448fd8f2bda8bab87c99f120,2025-01-11T21:13:47.163000+00:00,kaspa:pp3hc6ke6fm8p2t0x0wm7txv28sj7n8qxa5nx6xlnwcdg6wwv5z2xrddyg2ra,kaspa:qrze3glsylzsmqmepu7yy25yv70e77gdadfspcrt3g42fqar8lk6xd26gs90s,5.0
e07b4c7e0a1d27782e8bd606b0584167343a24a4218a2596bfff9aea2780b589,2025-01-11T21:13:40.836000+00:00,kaspa:qrze3glsylzsmqmepu7yy25yv70e77gdadfspcrt3g42fqar8lk6xd26gs90s,kaspa:qrre2hcg4fp7w6z8z6sfrxly6dqghpkjgzjhdwrzfg4uh4af9enjz7gl7pa0q,113.00009
e07b4c7e0a1d27782e8bd606b0584167343a24a4218a2596bfff9aea2780b589,2025-01-11T21:13:40.836000+00:00,kaspa:qrze3glsylzsmqmepu7yy25yv70e77gdadfspcrt3g42fqar8lk6xd26gs90s,kaspa:qrze3glsylzsmqmepu7yy25yv70e77gdadfspcrt3g42fqar8lk6xd26gs90s,183.01532658
5144788ca9bb31212c272d05e516a2c512b8f97b1bf7ca0238a46953c2f14b9f,2025-01-11T01:04:42.350000+00:00,kaspa:qrze3glsylzsmqmepu7yy25yv70e77gdadfspcrt3g42fqar8lk6xd26gs90s,kaspa:qzrmtav64ca5xxj9ju4vac9c0uyur4543sgjgmpv4gtzxna04xj4qjdgud6pk,10.0
5144788ca9bb31212c272d05e516a2c512b8f97b1bf7ca0238a46953c2f14b9f,2025-01-11T01:04:42.350000+00:00,kaspa:qrze3glsylzsmqmepu7yy25yv70e77gdadfspcrt3g42fqar8lk6xd26gs90s,kaspa:qrze3glsylzsmqmepu7yy25yv70e77gdadfspcrt3g42fqar8lk6xd26gs90s,296.01544712
6cdc1d086a2ebfd610ff8f797c6ff0badba08923e91296462099058337e28b73,2024-12-20T17:31:33.391000+00:00,kaspa:qrze3glsylzsmqmepu7yy25yv70e77gdadfspcrt3g42fqar8lk6xd26gs90s,kaspa:qrze3glsylzsmqmepu7yy25yv70e77gdadfspcrt3g42fqar8lk6xd26gs90s,306.01547766
1116bbf1a36a7f52d20885723dfafde9141abcc7772c0fcb3239611ee261f41b,2024-12-20T17:05:46.346000+00:00,kaspa:ppf0q4u8pum3hh6959kr6muuznwgzlcgjvnlxlzemvdt03rwhaphsfeg3cmtd,kaspa:qrze3glsylzsmqmepu7yy25yv70e77gdadfspcrt3g42fqar8lk6xd26gs90s,5.0
33ce106a7b981e24a7f879c9c1970ff6b865dc58eb71b9ea3f076d96d266e8d2,2024-12-20T17:05:39.699000+00:00,kaspa:qrze3glsylzsmqmepu7yy25yv70e77gdadfspcrt3g42fqar8lk6xd26gs90s,kaspa:qzmxkyl2y3d2svas6s0cyywrcle2rvlzekquacdsycks6utjx9hdug9sj8v80,155.00009
33ce106a7b981e24a7f879c9c1970ff6b865dc58eb71b9ea3f076d96d266e8d2,2024-12-20T17:05:39.699000+00:00,kaspa:qrze3glsylzsmqmepu7yy25yv70e77gdadfspcrt3g42fqar8lk6xd26gs90s,kaspa:qrze3glsylzsmqmepu7yy25yv70e77gdadfspcrt3g42fqar8lk6xd26gs90s,266.02541185
3373156d20fb333a384e21fda7b955af87b1bf7d9bb4b3988a27bab408c8e228,2024-12-18T21:27:21.206000+00:00,kaspa:pq58v9cdu7gvey75x6vese7kxxu65akhutvzkuvuysjpzyu3qcftvyw4h0g34,kaspa:qrze3glsylzsmqmepu7yy25yv70e77gdadfspcrt3g42fqar8lk6xd26gs90s,5.0
f02281c28fab8fbca93b313be827985f6e0bce36514f6a0070558b343712ad30,2024-12-18T21:27:12.519000+00:00,kaspa:qrze3glsylzsmqmepu7yy25yv70e77gdadfspcrt3g42fqar8lk6xd26gs90s,kaspa:qrdus4psm7ylft3wyuwrqydv5j3fxvtr9ws3z547tmtnc9ze5p7gvjscpafhu,85.88231429
f02281c28fab8fbca93b313be827985f6e0bce36514f6a0070558b343712ad30,2024-12-18T21:27:12.519000+00:00,kaspa:qrze3glsylzsmqmepu7yy25yv70e77gdadfspcrt3g42fqar8lk6xd26gs90s,kaspa:qrze3glsylzsmqmepu7yy25yv70e77gdadfspcrt3g42fqar8lk6xd26gs90s,416.02554916
65063daa2b9897a10540272869530be359767820ec47c8168155ade411db1161,2024-12-18T20:44:08.362000+00:00,kaspa:qrrj5dds5mnt8jsxpv7m6g5h0l5wy8hv2rz97hdu2hr8xzwzqjk4qq35r79np,kaspa:qrze3glsylzsmqmepu7yy25yv70e77gdadfspcrt3g42fqar8lk6xd26gs90s,500.0
65063daa2b9897a10540272869530be359767820ec47c8168155ade411db1161,2024-12-18T20:44:08.362000+00:00,kaspa:qrrj5dds5mnt8jsxpv7m6g5h0l5wy8hv2rz97hdu2hr8xzwzqjk4qq35r79np,kaspa:qpezggdg8xgdrgzs2d40eta746fk5ruy4dyctak7q7vmyu7qc8wxvtp0gn3nh,504.99863851
083ff05f21d9e43f70883231d37f7dda4fec88d3670b42e09746598c996c46c5,2024-12-18T06:46:31.935000+00:00,kaspa:pzqlwk66xadanvwm270y9aaeqhmqdymrl7pcrmk5v6548lzngrt6q6cpe6r4x,kaspa:qrze3glsylzsmqmepu7yy25yv70e77gdadfspcrt3g42fqar8lk6xd26gs90s,5.0
f2847060f2bb1dc16a5d364355b1123a7e987f79faa361a289ff71dc8f97453e,2024-12-18T06:46:24.660000+00:00,kaspa:qrze3glsylzsmqmepu7yy25yv70e77gdadfspcrt3g42fqar8lk6xd26gs90s,kaspa:qr8dqmgprhm8kcmupe4c87mn9jpes2s2l46zs6gr3peyh6cxup6pzhhd7zr34,190.00009
f2847060f2bb1dc16a5d364355b1123a7e987f79faa361a289ff71dc8f97453e,2024-12-18T06:46:24.660000+00:00,kaspa:qrze3glsylzsmqmepu7yy25yv70e77gdadfspcrt3g42fqar8lk6xd26gs90s,kaspa:qrze3glsylzsmqmepu7yy25yv70e77gdadfspcrt3g42fqar8lk6xd26gs90s,34.99012371
a10e89158001fe0699747493f1ff5a79766eb986bac4e8382506dc7c122c4793,2024-12-17T23:01:34.269000+00:00,kaspa:prjynnqh59f9zpqje7nsyhxfftg7levjmdpstqnj3tg7p335e089ypm5rl8am,kaspa:qrze3glsylzsmqmepu7yy25yv70e77gdadfspcrt3g42fqar8lk6xd26gs90s,5.0
3f2cc8f46131344c157f40b93c70fb342c54d3568850c6ccaafbcb714a6b2c19,2024-12-17T23:01:28.534000+00:00,kaspa:qrze3glsylzsmqmepu7yy25yv70e77gdadfspcrt3g42fqar8lk6xd26gs90s,kaspa:qqmljagvlrp5tsg2ngqjfcsac7wns30qycgdlgadcha209aw90wnxlew3wvn4,90.00009
3f2cc8f46131344c157f40b93c70fb342c54d3568850c6ccaafbcb714a6b2c19,2024-12-17T23:01:28.534000+00:00,kaspa:qrze3glsylzsmqmepu7yy25yv70e77gdadfspcrt3g42fqar8lk6xd26gs90s,kaspa:qrze3glsylzsmqmepu7yy25yv70e77gdadfspcrt3g42fqar8lk6xd26gs90s,219.99026102
3c0cb000660ecc07d877b0e422b0ff308909c6ea85708241d9cfd093f7c27c3b,2024-12-17T22:27:37.340000+00:00,kaspa:prmf2fj3yff86myvttgz9p2d4qr4v8m5ht92l4dgzz0jcn4pg4842ftgu0flq,kaspa:qrze3glsylzsmqmepu7yy25yv70e77gdadfspcrt3g42fqar8lk6xd26gs90s,5.0
10c57dbf39b7dbb491af5d1d48f2754f1755e3cfdac66693fc67387c1fe0da3c,2024-12-17T22:27:28.896000+00:00,kaspa:qrze3glsylzsmqmepu7yy25yv70e77gdadfspcrt3g42fqar8lk6xd26gs90s,kaspa:qqyv4supjtgv77mktq5fekvq7fc43tlvsf630e642rkmu74wvjh9gn7y9kazt,104.00009
10c57dbf39b7dbb491af5d1d48f2754f1755e3cfdac66693fc67387c1fe0da3c,2024-12-17T22:27:28.896000+00:00,kaspa:qrze3glsylzsmqmepu7yy25yv70e77gdadfspcrt3g42fqar8lk6xd26gs90s,kaspa:qrze3glsylzsmqmepu7yy25yv70e77gdadfspcrt3g42fqar8lk6xd26gs90s,304.99039833
81b87ae53594dc8b3c9614636461bd664c5ef2fac681daecc30ff71e31a1ec4a,2024-12-16T16:25:34.363000+00:00,kaspa:qrze3glsylzsmqmepu7yy25yv70e77gdadfspcrt3g42fqar8lk6xd26gs90s,kaspa:pqzfynz443dxv4u3xc4yl8h84myj5anlddc85shg63myfewefk5ush3rc3eqg,1001.0
81b87ae53594dc8b3c9614636461bd664c5ef2fac681daecc30ff71e31a1ec4a,2024-12-16T16:25:34.363000+00:00,kaspa:qrze3glsylzsmqmepu7yy25yv70e77gdadfspcrt3g42fqar8lk6xd26gs90s,kaspa:qqkm7pcztna2mm8vfymvqwmrwrudxc6fmh6s7lfc7w8yhlz6ywnkvqutw3m8l,100.0
81b87ae53594dc8b3c9614636461bd664c5ef2fac681daecc30ff71e31a1ec4a,2024-12-16T16:25:34.363000+00:00,kaspa:qrze3glsylzsmqmepu7yy25yv70e77gdadfspcrt3g42fqar8lk6xd26gs90s,kaspa:qrze3glsylzsmqmepu7yy25yv70e77gdadfspcrt3g42fqar8lk6xd26gs90s,398.99996423
4c7b519544a913a119cf5d88b3d7cbec478c57029d4c4254e61003531f0ae6b6,2024-12-16T16:24:45.718000+00:00,kaspa:qrjyp8y5rfyfh3u3wweqlxznaenrhwel2jt8ptvgak5nhkuxw3rczc95a8gg0,kaspa:qrze3glsylzsmqmepu7yy25yv70e77gdadfspcrt3g42fqar8lk6xd26gs90s,1000.0
4c7b519544a913a119cf5d88b3d7cbec478c57029d4c4254e61003531f0ae6b6,2024-12-16T16:24:45.718000+00:00,kaspa:qrjyp8y5rfyfh3u3wweqlxznaenrhwel2jt8ptvgak5nhkuxw3rczc95a8gg0,kaspa:qrrj5dds5mnt8jsxpv7m6g5h0l5wy8hv2rz97hdu2hr8xzwzqjk4qq35r79np,1004.9986592
36f912a7ae2839e3e60c5b6cebba229d234e7b8a6c8decf3986f9d484bf9535d,2024-12-13T07:13:53.716000+00:00,kaspa:qze79rccwf4k7jr3kzzp65e9alaez4w3sl025wcvrttv4jqxcldxqpu4kyzxh,kaspa:qrze3glsylzsmqmepu7yy25yv70e77gdadfspcrt3g42fqar8lk6xd26gs90s,0.9977474371293021
36f912a7ae2839e3e60c5b6cebba229d234e7b8a6c8decf3986f9d484bf9535d,2024-12-13T07:13:53.716000+00:00,kaspa:qz995pmf04r07u7dqdnmetrkzwe0wtj9sm6ayzglwuu6x0fx4mh87ckalwdqx,kaspa:qrze3glsylzsmqmepu7yy25yv70e77gdadfspcrt3g42fqar8lk6xd26gs90s,499.00225256287064
36f912a7ae2839e3e60c5b6cebba229d234e7b8a6c8decf3986f9d484bf9535d,2024-12-13T07:13:53.716000+00:00,kaspa:qze79rccwf4k7jr3kzzp65e9alaez4w3sl025wcvrttv4jqxcldxqpu4kyzxh,kaspa:qrjyp8y5rfyfh3u3wweqlxznaenrhwel2jt8ptvgak5nhkuxw3rczc95a8gg0,4.000964588615763
36f912a7ae2839e3e60c5b6cebba229d234e7b8a6c8decf3986f9d484bf9535d,2024-12-13T07:13:53.716000+00:00,kaspa:qz995pmf04r07u7dqdnmetrkzwe0wtj9sm6ayzglwuu6x0fx4mh87ckalwdqx,kaspa:qrjyp8y5rfyfh3u3wweqlxznaenrhwel2jt8ptvgak5nhkuxw3rczc95a8gg0,2000.9977153013842
0146668566785f555cb3d134f70e1cca6522afb016015ecbeae37545e538a334,2024-12-11T10:21:02.083000+00:00,kaspa:qrze3glsylzsmqmepu7yy25yv70e77gdadfspcrt3g42fqar8lk6xd26gs90s,kaspa:pzxzayxysyax3yv9g7nktthy4zwdsh0rrvv2aj6c0ftkvf47z2tds0ya4j4g4,41.0
0146668566785f555cb3d134f70e1cca6522afb016015ecbeae37545e538a334,2024-12-11T10:21:02.083000+00:00,kaspa:qrze3glsylzsmqmepu7yy25yv70e77gdadfspcrt3g42fqar8lk6xd26gs90s,kaspa:qqkm7pcztna2mm8vfymvqwmrwrudxc6fmh6s7lfc7w8yhlz6ywnkvqutw3m8l,4.0
0146668566785f555cb3d134f70e1cca6522afb016015ecbeae37545e538a334,2024-12-11T10:21:02.083000+00:00,kaspa:qrze3glsylzsmqmepu7yy25yv70e77gdadfspcrt3g42fqar8lk6xd26gs90s,kaspa:qrze3glsylzsmqmepu7yy25yv70e77gdadfspcrt3g42fqar8lk6xd26gs90s,9.99057141
8c2b8b91de1319231f1086f3a5e7b687c51a5d645dbe881218560f51b4dd3ce1,2024-12-09T10:45:57.617000+00:00,kaspa:praj55lul78e5uraf77lphqt63xjgs6lwhhcpufq4t6g6fzu0jywjld5xwz8w,kaspa:qrze3glsylzsmqmepu7yy25yv70e77gdadfspcrt3g42fqar8lk6xd26gs90s,5.0
c4f52aeb40596b8af85b6c63a9c64ee72d918d4acceb105a182ebed14a7e89a2,2024-12-09T10:45:50.469000+00:00,kaspa:qrze3glsylzsmqmepu7yy25yv70e77gdadfspcrt3g42fqar8lk6xd26gs90s,kaspa:qrm0chjuyh8dgxhqmhwl8rlq4f0vy0ltaznvdg9cmnt7wpt02kqfcl7qz73zf,113.00009
c4f52aeb40596b8af85b6c63a9c64ee72d918d4acceb105a182ebed14a7e89a2,2024-12-09T10:45:50.469000+00:00,kaspa:qrze3glsylzsmqmepu7yy25yv70e77gdadfspcrt3g42fqar8lk6xd26gs90s,kaspa:qrze3glsylzsmqmepu7yy25yv70e77gdadfspcrt3g42fqar8lk6xd26gs90s,49.99060718
599d11f5e0fefcb8a6bb5a218e21334aa73c772d9ca4b461219ae6f5dcfc162f,2024-12-09T10:45:18.235000+00:00,kaspa:pq22947mxatpcu35m62u7mg5349nzw2s6fytchsl93860twf898zyafmszjfa,kaspa:qrze3glsylzsmqmepu7yy25yv70e77gdadfspcrt3g42fqar8lk6xd26gs90s,5.0
cb948fa9d1e05c54a727c14cd10e72fe2010dc8d020ae52f9b1863b5966563cc,2024-12-09T10:45:09.308000+00:00,kaspa:qrze3glsylzsmqmepu7yy25yv70e77gdadfspcrt3g42fqar8lk6xd26gs90s,kaspa:qpags4zprh4yevpwmtg5vv76zln743w0q3f5hc48mz7hsyn6j8w5yqklr8qkm,224.00009
cb948fa9d1e05c54a727c14cd10e72fe2010dc8d020ae52f9b1863b5966563cc,2024-12-09T10:45:09.308000+00:00,kaspa:qrze3glsylzsmqmepu7yy25yv70e77gdadfspcrt3g42fqar8lk6xd26gs90s,kaspa:qrze3glsylzsmqmepu7yy25yv70e77gdadfspcrt3g42fqar8lk6xd26gs90s,157.99074449
36176311a580156b64b290bcfeae138d6725a01aac4328a2566fe540365e6f83,2024-12-09T10:43:28.411000+00:00,kaspa:qrze3glsylzsmqmepu7yy25yv70e77gdadfspcrt3g42fqar8lk6xd26gs90s,kaspa:qrze3glsylzsmqmepu7yy25yv70e77gdadfspcrt3g42fqar8lk6xd26gs90s,381.99086503
57e359dc3a07c82f7c99283f9b37d88e38766518948909cc7fc43da7e01c4042,2024-12-09T10:43:17.190000+00:00,kaspa:qr0txazvrp9qucv4h765r42m7v047a3xukz655qastm7ht90va55wde4yjwyz,kaspa:qrze3glsylzsmqmepu7yy25yv70e77gdadfspcrt3g42fqar8lk6xd26gs90s,310.0
57e359dc3a07c82f7c99283f9b37d88e38766518948909cc7fc43da7e01c4042,2024-12-09T10:43:17.190000+00:00,kaspa:qr0txazvrp9qucv4h765r42m7v047a3xukz655qastm7ht90va55wde4yjwyz,kaspa:qze79rccwf4k7jr3kzzp65e9alaez4w3sl025wcvrttv4jqxcldxqpu4kyzxh,4.99871209
b850375270c419ded04b8294117ca1ae8112267cbbd53a9463723e8f8889d1b6,2024-12-09T08:24:52.697000+00:00,kaspa:pqjx3h3cxwxnc2ns6nc6ltp6fcc5hr5lag95gt7xy2qndgnp5k5gwghy7t8ap,kaspa:qrze3glsylzsmqmepu7yy25yv70e77gdadfspcrt3g42fqar8lk6xd26gs90s,5.0
f8bed829f34c6749960d6562a8507c2b88f004547b12ac14e7e07c6c0822afe7,2024-12-09T08:24:46.792000+00:00,kaspa:qrze3glsylzsmqmepu7yy25yv70e77gdadfspcrt3g42fqar8lk6xd26gs90s,kaspa:qzthvxqwm4zcy58kxn5c624fwkz32qn3shj3ehk6ay5vswp8p5euxkevwkdhz,71.00128553
f8bed829f34c6749960d6562a8507c2b88f004547b12ac14e7e07c6c0822afe7,2024-12-09T08:24:46.792000+00:00,kaspa:qrze3glsylzsmqmepu7yy25yv70e77gdadfspcrt3g42fqar8lk6xd26gs90s,kaspa:qrze3glsylzsmqmepu7yy25yv70e77gdadfspcrt3g42fqar8lk6xd26gs90s,66.99092293
5f61b01279465dfb2f0a4769fc8d7277c35217935cf2127736001699da1f0c0e,2024-12-09T08:22:53.686000+00:00,kaspa:pqs2fgv8nqqcrhqt624tk5a45535xupkmr2q2y94sqgc37cymunls27j4vyuj,kaspa:qrze3glsylzsmqmepu7yy25yv70e77gdadfspcrt3g42fqar8lk6xd26gs90s,5.0
e1df58bc105f4365c7f72143c1221f10b1134995f683ec181ee4c68c1b6ca269,2024-12-09T08:22:46.301000+00:00,kaspa:qrze3glsylzsmqmepu7yy25yv70e77gdadfspcrt3g42fqar8lk6xd26gs90s,kaspa:qq5scp5ltrxm0s0t0x9xcenzxsr6jx94gx80n5u9gvndg7k2zwl7uurc2g7vq,71.00440262
e1df58bc105f4365c7f72143c1221f10b1134995f683ec181ee4c68c1b6ca269,2024-12-09T08:22:46.301000+00:00,kaspa:qrze3glsylzsmqmepu7yy25yv70e77gdadfspcrt3g42fqar8lk6xd26gs90s,kaspa:qrze3glsylzsmqmepu7yy25yv70e77gdadfspcrt3g42fqar8lk6xd26gs90s,132.99288422
7fb0627cab6e23be7fd0503f6c2a72dfe823fa5bb687b0c5e4a2c438a9460c4f,2024-12-09T07:21:38.778000+00:00,kaspa:pz5y5t8skc3saz6wzuezjxl2ytkn0nrw6v0jt056a2wgcgk7dmt76a845xdh8,kaspa:qrze3glsylzsmqmepu7yy25yv70e77gdadfspcrt3g42fqar8lk6xd26gs90s,5.0
37e4564e8d40d6642976bad51f3e41f24cf7611ec24089352c8c4f8d843fcda4,2024-12-09T07:21:33.889000+00:00,kaspa:qrze3glsylzsmqmepu7yy25yv70e77gdadfspcrt3g42fqar8lk6xd26gs90s,kaspa:qqv578mcgxthej4pggjnf7pjt0qttx5208xh6zhp8xrz282ujng2v0fmlqvun,109.00009
37e4564e8d40d6642976bad51f3e41f24cf7611ec24089352c8c4f8d843fcda4,2024-12-09T07:21:33.889000+00:00,kaspa:qrze3glsylzsmqmepu7yy25yv70e77gdadfspcrt3g42fqar8lk6xd26gs90s,kaspa:qrze3glsylzsmqmepu7yy25yv70e77gdadfspcrt3g42fqar8lk6xd26gs90s,198.99960115
4daf77be68e3d1732fd98bdc02fd61eb7137f7deec45cb93fa21a34687cdad41,2024-12-09T06:05:36.357000+00:00,kaspa:qqt820lj2snthme73h4mgzzvzv7nng8tzytykm4j0jlscdd7m058yzdschrnn,kaspa:qrze3glsylzsmqmepu7yy25yv70e77gdadfspcrt3g42fqar8lk6xd26gs90s,300.0
4daf77be68e3d1732fd98bdc02fd61eb7137f7deec45cb93fa21a34687cdad41,2024-12-09T06:05:36.357000+00:00,kaspa:qqt820lj2snthme73h4mgzzvzv7nng8tzytykm4j0jlscdd7m058yzdschrnn,kaspa:qr0txazvrp9qucv4h765r42m7v047a3xukz655qastm7ht90va55wde4yjwyz,314.99873278
c721442aae269f49536cbbef59f23d90ca9059cca841697f95edf968c372e835,2024-12-09T01:45:48.525000+00:00,kaspa:qrze3glsylzsmqmepu7yy25yv70e77gdadfspcrt3g42fqar8lk6xd26gs90s,kaspa:pzxzayxysyax3yv9g7nktthy4zwdsh0rrvv2aj6c0ftkvf47z2tds0ya4j4g4,1001.0
c721442aae269f49536cbbef59f23d90ca9059cca841697f95edf968c372e835,2024-12-09T01:45:48.525000+00:00,kaspa:qrze3glsylzsmqmepu7yy25yv70e77gdadfspcrt3g42fqar8lk6xd26gs90s,kaspa:qqkm7pcztna2mm8vfymvqwmrwrudxc6fmh6s7lfc7w8yhlz6ywnkvqutw3m8l,100.0
c721442aae269f49536cbbef59f23d90ca9059cca841697f95edf968c372e835,2024-12-09T01:45:48.525000+00:00,kaspa:qrze3glsylzsmqmepu7yy25yv70e77gdadfspcrt3g42fqar8lk6xd26gs90s,kaspa:qrze3glsylzsmqmepu7yy25yv70e77gdadfspcrt3g42fqar8lk6xd26gs90s,7.99973846
023bc1b02a0bc158db08b11342f463a6929303fc74fd720363f0cc28da2012eb,2024-12-09T00:58:59.803000+00:00,kaspa:qq4hnspe6jy2mmusrr2gd2qnuddj4agsxkmqrysgygp74gzfx4yxkejyutcls,kaspa:qrze3glsylzsmqmepu7yy25yv70e77gdadfspcrt3g42fqar8lk6xd26gs90s,1000.0
023bc1b02a0bc158db08b11342f463a6929303fc74fd720363f0cc28da2012eb,2024-12-09T00:58:59.803000+00:00,kaspa:qq4hnspe6jy2mmusrr2gd2qnuddj4agsxkmqrysgygp74gzfx4yxkejyutcls,kaspa:qqt820lj2snthme73h4mgzzvzv7nng8tzytykm4j0jlscdd7m058yzdschrnn,614.99875347
8edbec9f05a8e34c75d987ec1954b6952dac42fde9b720e01b66924e2bde84e3,2024-12-09T00:32:12.392000+00:00,kaspa:qrze3glsylzsmqmepu7yy25yv70e77gdadfspcrt3g42fqar8lk6xd26gs90s,kaspa:pzxzayxysyax3yv9g7nktthy4zwdsh0rrvv2aj6c0ftkvf47z2tds0ya4j4g4,1001.0
8edbec9f05a8e34c75d987ec1954b6952dac42fde9b720e01b66924e2bde84e3,2024-12-09T00:32:12.392000+00:00,kaspa:qrze3glsylzsmqmepu7yy25yv70e77gdadfspcrt3g42fqar8lk6xd26gs90s,kaspa:qqkm7pcztna2mm8vfymvqwmrwrudxc6fmh6s7lfc7w8yhlz6ywnkvqutw3m8l,100.0
8edbec9f05a8e34c75d987ec1954b6952dac42fde9b720e01b66924e2bde84e3,2024-12-09T00:32:12.392000+00:00,kaspa:qrze3glsylzsmqmepu7yy25yv70e77gdadfspcrt3g42fqar8lk6xd26gs90s,kaspa:qrze3glsylzsmqmepu7yy25yv70e77gdadfspcrt3g42fqar8lk6xd26gs90s,108.99979697
79bd5c5faf364f0e017f978552ea60ff5015586116d6367d45e986b6623a1fa3,2024-12-08T23:29:48.401000+00:00,kaspa:qrze3glsylzsmqmepu7yy25yv70e77gdadfspcrt3g42fqar8lk6xd26gs90s,kaspa:qrze3glsylzsmqmepu7yy25yv70e77gdadfspcrt3g42fqar8lk6xd26gs90s,1209.99982156
218ddcdec50204acee7ec4a9d101bd0d3ddf225161124da513cf307cb01e0eab,2024-12-08T23:29:33.667000+00:00,kaspa:qz3qkwqu4f392czqwmxf2mlpjx8v8ctnutzu4xqml5khhwkmk0jaup5e3ld6k,kaspa:qrze3glsylzsmqmepu7yy25yv70e77gdadfspcrt3g42fqar8lk6xd26gs90s,1200.0
218ddcdec50204acee7ec4a9d101bd0d3ddf225161124da513cf307cb01e0eab,2024-12-08T23:29:33.667000+00:00,kaspa:qz3qkwqu4f392czqwmxf2mlpjx8v8ctnutzu4xqml5khhwkmk0jaup5e3ld6k,kaspa:qq4hnspe6jy2mmusrr2gd2qnuddj4agsxkmqrysgygp74gzfx4yxkejyutcls,1614.99877416
4038cb175962edd381c325026e0e06b2db4368e598a0f6bf40a9a12a8bf47e40,2024-12-08T22:58:12.793000+00:00,kaspa:pqdldd8erwtkq2a38cjqukspgls6es5n6dmp4d4whq8ln7m3y3wq7pdmtj5gp,kaspa:qrze3glsylzsmqmepu7yy25yv70e77gdadfspcrt3g42fqar8lk6xd26gs90s,5.0
facb6417bf0a750295dab7d4fb6cdea6d4ff0e31a11735ae20e38b5fa8c095c5,2024-12-08T22:58:06.526000+00:00,kaspa:qrze3glsylzsmqmepu7yy25yv70e77gdadfspcrt3g42fqar8lk6xd26gs90s,kaspa:qpr65z2nk0m6y6d56uht6vh8p7k7n9xgkgvrejcsc0texz3eevakjkxzx7tnd,55.00009
facb6417bf0a750295dab7d4fb6cdea6d4ff0e31a11735ae20e38b5fa8c095c5,2024-12-08T22:58:06.526000+00:00,kaspa:qrze3glsylzsmqmepu7yy25yv70e77gdadfspcrt3g42fqar8lk6xd26gs90s,kaspa:qrze3glsylzsmqmepu7yy25yv70e77gdadfspcrt3g42fqar8lk6xd26gs90s,4.99987946
55e4b580df2666af07b13fb6d85d2ebb8dff1b71f48640341b66cbf18a741cde,2024-12-08T22:57:39.635000+00:00,kaspa:qpzekvn3ufpksnurm0qg57xl2gsmqwkqx5dpnrm0r3khh8vf3u59jqgxnhaxr,kaspa:qrze3glsylzsmqmepu7yy25yv70e77gdadfspcrt3g42fqar8lk6xd26gs90s,60.0
55e4b580df2666af07b13fb6d85d2ebb8dff1b71f48640341b66cbf18a741cde,2024-12-08T22:57:39.635000+00:00,kaspa:qpzekvn3ufpksnurm0qg57xl2gsmqwkqx5dpnrm0r3khh8vf3u59jqgxnhaxr,kaspa:qpzekvn3ufpksnurm0qg57xl2gsmqwkqx5dpnrm0r3khh8vf3u59jqgxnhaxr,10.12972753
