tx_id,timestamp,sender,recipient,amount_kas
8bfd25aabae173c1448e81c69385bcad74e48aa2892aaccb8923fac444a6370d,2025-08-28T17:44:55.051000+00:00,kaspa:pznycg6yd3d8ufh26a3lt3s4d94fw3fc40hksg7sn8j4h8lcnvxq29qspyc6l,kaspa:qrkqwj6tzag3kldenlnmr3d3t7kmr6sxxe3anvszect2qeq5ykgpyxwata7yu,2.99983499
1fb482a108b598b428c103f429f5fce575cc7f0f7dd0108464ded80d00f3fa23,2025-08-28T17:44:52.102000+00:00,kaspa:qrkqwj6tzag3kldenlnmr3d3t7kmr6sxxe3anvszect2qeq5ykgpyxwata7yu,kaspa:pznycg6yd3d8ufh26a3lt3s4d94fw3fc40hksg7sn8j4h8lcnvxq29qspyc6l,38.875
1fb482a108b598b428c103f429f5fce575cc7f0f7dd0108464ded80d00f3fa23,2025-08-28T17:44:52.102000+00:00,kaspa:qrkqwj6tzag3kldenlnmr3d3t7kmr6sxxe3anvszect2qeq5ykgpyxwata7yu,kaspa:qrkqwj6tzag3kldenlnmr3d3t7kmr6sxxe3anvszect2qeq5ykgpyxwata7yu,200.29428387
16c28802072a2e12ff8527492d4a2ed41e2e8dfadd86b75ef247e6fed6d656ca,2025-08-26T10:28:24.727000+00:00,kaspa:qrkqwj6tzag3kldenlnmr3d3t7kmr6sxxe3anvszect2qeq5ykgpyxwata7yu,kaspa:qr2v5gw6tttfeu83manfferhv5r5rcj0zpkvrqp8kj0c3lj950yhvxpgqlm78,2.0
16c28802072a2e12ff8527492d4a2ed41e2e8dfadd86b75ef247e6fed6d656ca,2025-08-26T10:28:24.727000+00:00,kaspa:qrkqwj6tzag3kldenlnmr3d3t7kmr6sxxe3anvszect2qeq5ykgpyxwata7yu,kaspa:qrkqwj6tzag3kldenlnmr3d3t7kmr6sxxe3anvszect2qeq5ykgpyxwata7yu,239.16930434
e5afe054193f54ccae2209d1c14eda78be05db5676ef3c23d3cd4154edc3b890,2025-08-26T06:16:38.446000+00:00,kaspa:qrkqwj6tzag3kldenlnmr3d3t7kmr6sxxe3anvszect2qeq5ykgpyxwata7yu,kaspa:qzs5vuweczdynpuaq4vrg4a2nq8cpxja0q3yzvtx4tjn69ptcjs9y363re0fe,5729.0
e5afe054193f54ccae2209d1c14eda78be05db5676ef3c23d3cd4154edc3b890,2025-08-26T06:16:38.446000+00:00,kaspa:qrkqwj6tzag3kldenlnmr3d3t7kmr6sxxe3anvszect2qeq5ykgpyxwata7yu,kaspa:qrkqwj6tzag3kldenlnmr3d3t7kmr6sxxe3anvszect2qeq5ykgpyxwata7yu,241.16935434
5ddd945ed3e2ae5d4d0b855bbc0114f3860d7033d0c469a2beb64ed629598f19,2025-08-26T06:15:16.852000+00:00,kaspa:qr7vrlhgekw9efxgfq09ca3wqcxlslgxndcpk77pguu2usaa9aa27lhuunewj,kaspa:qrkqwj6tzag3kldenlnmr3d3t7kmr6sxxe3anvszect2qeq5ykgpyxwata7yu,3999.08864524
48e805408b971184787b0896bf4cbbdf1de24ceea9f85637329317eec8966684,2025-08-23T16:07:49.959000+00:00,kaspa:pry43hk8cvt8vtwkq4c7ultlxw8v6x672qvvnkvlucznnuc2aspuq2hl9w8ns,kaspa:qrkqwj6tzag3kldenlnmr3d3t7kmr6sxxe3anvszect2qeq5ykgpyxwata7yu,2.99994193
4e80214913774cfccdd2d02c6dc6c9c80945b75dd3ba7fd5e2a4e9b6ae9378b4,2025-08-23T16:07:46.438000+00:00,kaspa:qrkqwj6tzag3kldenlnmr3d3t7kmr6sxxe3anvszect2qeq5ykgpyxwata7yu,kaspa:pry43hk8cvt8vtwkq4c7ultlxw8v6x672qvvnkvlucznnuc2aspuq2hl9w8ns,541.125
4e80214913774cfccdd2d02c6dc6c9c80945b75dd3ba7fd5e2a4e9b6ae9378b4,2025-08-23T16:07:46.438000+00:00,kaspa:qrkqwj6tzag3kldenlnmr3d3t7kmr6sxxe3anvszect2qeq5ykgpyxwata7yu,kaspa:qrkqwj6tzag3kldenlnmr3d3t7kmr6sxxe3anvszect2qeq5ykgpyxwata7yu,1968.08085812
8bf8521ee2966b3d059ede20ee3ceccf32f868331ae9d1753049f3e527bab466,2025-08-22T16:12:00.872000+00:00,kaspa:prfdmwqxzmww8m5jzedex0dkdxstgqrwyazsswlpaa5zj3cgld6pvxq037cd0,kaspa:qrkqwj6tzag3kldenlnmr3d3t7kmr6sxxe3anvszect2qeq5ykgpyxwata7yu,0.10988163635264336
8bf8521ee2966b3d059ede20ee3ceccf32f868331ae9d1753049f3e527bab466,2025-08-22T16:12:00.872000+00:00,kaspa:qqtyns063z4x2p58wl9daxcuzjqvrrgt92jah4l9mt0nws358ymxkekvcr2d4,kaspa:qrkqwj6tzag3kldenlnmr3d3t7kmr6sxxe3anvszect2qeq5ykgpyxwata7yu,2500.8901813536477
2984021a9a4a1190f83978fb24b67e3d7d379b05e2ae0ab354a36e221e67d629,2025-08-22T15:42:23.152000+00:00,kaspa:qrkqwj6tzag3kldenlnmr3d3t7kmr6sxxe3anvszect2qeq5ykgpyxwata7yu,kaspa:prfdmwqxzmww8m5jzedex0dkdxstgqrwyazsswlpaa5zj3cgld6pvxq037cd0,0.8914240185890283
2984021a9a4a1190f83978fb24b67e3d7d379b05e2ae0ab354a36e221e67d629,2025-08-22T15:42:23.152000+00:00,kaspa:pru3z930xdsvnfawhv74ah7xwuw27zlqjhq52jayeqfw4mv23nchj4c3cztja,kaspa:qrkqwj6tzag3kldenlnmr3d3t7kmr6sxxe3anvszect2qeq5ykgpyxwata7yu,0.8914164306348404
2984021a9a4a1190f83978fb24b67e3d7d379b05e2ae0ab354a36e221e67d629,2025-08-22T15:42:23.152000+00:00,kaspa:qrkqwj6tzag3kldenlnmr3d3t7kmr6sxxe3anvszect2qeq5ykgpyxwata7yu,kaspa:qrkqwj6tzag3kldenlnmr3d3t7kmr6sxxe3anvszect2qeq5ykgpyxwata7yu,7.3144103493651595
ffdbf07a529bae84aad00e3a567b0d91d6b8830bab9a4fc403c06ff7f97e9c65,2025-08-22T15:42:17.826000+00:00,kaspa:qrkqwj6tzag3kldenlnmr3d3t7kmr6sxxe3anvszect2qeq5ykgpyxwata7yu,kaspa:pru3z930xdsvnfawhv74ah7xwuw27zlqjhq52jayeqfw4mv23nchj4c3cztja,1.00006299
ffdbf07a529bae84aad00e3a567b0d91d6b8830bab9a4fc403c06ff7f97e9c65,2025-08-22T15:42:17.826000+00:00,kaspa:qrkqwj6tzag3kldenlnmr3d3t7kmr6sxxe3anvszect2qeq5ykgpyxwata7yu,kaspa:qrkqwj6tzag3kldenlnmr3d3t7kmr6sxxe3anvszect2qeq5ykgpyxwata7yu,8.20589663
3739f542c627b9aa848e683e70667744ab7482fb96b068ec775721a1e2599346,2025-08-22T15:41:24.403000+00:00,kaspa:qrkqwj6tzag3kldenlnmr3d3t7kmr6sxxe3anvszect2qeq5ykgpyxwata7yu,kaspa:qrkqwj6tzag3kldenlnmr3d3t7kmr6sxxe3anvszect2qeq5ykgpyxwata7yu,5.205976122063744
3739f542c627b9aa848e683e70667744ab7482fb96b068ec775721a1e2599346,2025-08-22T15:41:24.403000+00:00,kaspa:prfdmwqxzmww8m5jzedex0dkdxstgqrwyazsswlpaa5zj3cgld6pvxq037cd0,kaspa:qrkqwj6tzag3kldenlnmr3d3t7kmr6sxxe3anvszect2qeq5ykgpyxwata7yu,1.0000866879362564
9b97dab3c061d9e169b1438858168923113b4bf9fdd25ab5ea7e0d8130d2ca51,2025-08-22T12:32:36.127000+00:00,kaspa:qrkqwj6tzag3kldenlnmr3d3t7kmr6sxxe3anvszect2qeq5ykgpyxwata7yu,kaspa:prfdmwqxzmww8m5jzedex0dkdxstgqrwyazsswlpaa5zj3cgld6pvxq037cd0,0.7500513269541038
9b97dab3c061d9e169b1438858168923113b4bf9fdd25ab5ea7e0d8130d2ca51,2025-08-22T12:32:36.127000+00:00,kaspa:pru3z930xdsvnfawhv74ah7xwuw27zlqjhq52jayeqfw4mv23nchj4c3cztja,kaspa:qrkqwj6tzag3kldenlnmr3d3t7kmr6sxxe3anvszect2qeq5ykgpyxwata7yu,0.7500427113645283
9b97dab3c061d9e169b1438858168923113b4bf9fdd25ab5ea7e0d8130d2ca51,2025-08-22T12:32:36.127000+00:00,kaspa:qrkqwj6tzag3kldenlnmr3d3t7kmr6sxxe3anvszect2qeq5ykgpyxwata7yu,kaspa:qrkqwj6tzag3kldenlnmr3d3t7kmr6sxxe3anvszect2qeq5ykgpyxwata7yu,2.2499228286354716
1c8a722daeab75a482be20b059911479d9415b1632aed785f15cc45d119d8f18,2025-08-22T12:32:33.052000+00:00,kaspa:qrkqwj6tzag3kldenlnmr3d3t7kmr6sxxe3anvszect2qeq5ykgpyxwata7yu,kaspa:pru3z930xdsvnfawhv74ah7xwuw27zlqjhq52jayeqfw4mv23nchj4c3cztja,1.00009125
1c8a722daeab75a482be20b059911479d9415b1632aed785f15cc45d119d8f18,2025-08-22T12:32:33.052000+00:00,kaspa:qrkqwj6tzag3kldenlnmr3d3t7kmr6sxxe3anvszect2qeq5ykgpyxwata7yu,kaspa:qrkqwj6tzag3kldenlnmr3d3t7kmr6sxxe3anvszect2qeq5ykgpyxwata7yu,5.20599987
d52e5a4396abfe59c9b3e6c8c8d3c34e16cb1928fcc79a397b170a953ba91525,2025-08-21T20:28:18.317000+00:00,kaspa:prvuxdlmvlyhgvygc0u3ls08flxk8lfs287g0kjhhk5npxw58hh9gscytxqe6,kaspa:qrkqwj6tzag3kldenlnmr3d3t7kmr6sxxe3anvszect2qeq5ykgpyxwata7yu,3.0
f49ba8c27a07eb63deec0dbac3b67cfa416959d80a45ecf48a2f33b0ab1cf584,2025-08-21T20:28:16.113000+00:00,kaspa:qrkqwj6tzag3kldenlnmr3d3t7kmr6sxxe3anvszect2qeq5ykgpyxwata7yu,kaspa:prvuxdlmvlyhgvygc0u3ls08flxk8lfs287g0kjhhk5npxw58hh9gscytxqe6,4.0
f49ba8c27a07eb63deec0dbac3b67cfa416959d80a45ecf48a2f33b0ab1cf584,2025-08-21T20:28:16.113000+00:00,kaspa:qrkqwj6tzag3kldenlnmr3d3t7kmr6sxxe3anvszect2qeq5ykgpyxwata7yu,kaspa:qrkqwj6tzag3kldenlnmr3d3t7kmr6sxxe3anvszect2qeq5ykgpyxwata7yu,3.20614587
043bfacdbab0c371025216e392dde85c2c85b000ee4320c31005d1c7fc1c707d,2025-08-21T20:28:03.312000+00:00,kaspa:prvuxdlmvlyhgvygc0u3ls08flxk8lfs287g0kjhhk5npxw58hh9gscytxqe6,kaspa:qrkqwj6tzag3kldenlnmr3d3t7kmr6sxxe3anvszect2qeq5ykgpyxwata7yu,3.0
e08ded87052a391cae1f1dd711ceae757a217faf39eadbdc51ce02c687b3e7fc,2025-08-21T20:28:00.891000+00:00,kaspa:qrkqwj6tzag3kldenlnmr3d3t7kmr6sxxe3anvszect2qeq5ykgpyxwata7yu,kaspa:prvuxdlmvlyhgvygc0u3ls08flxk8lfs287g0kjhhk5npxw58hh9gscytxqe6,4.0
e08ded87052a391cae1f1dd711ceae757a217faf39eadbdc51ce02c687b3e7fc,2025-08-21T20:28:00.891000+00:00,kaspa:qrkqwj6tzag3kldenlnmr3d3t7kmr6sxxe3anvszect2qeq5ykgpyxwata7yu,kaspa:qrkqwj6tzag3kldenlnmr3d3t7kmr6sxxe3anvszect2qeq5ykgpyxwata7yu,3.20638484
b344dceda50860e559fd514c26c97185ac25d2d77730ea61545af998227634c7,2025-08-21T20:27:57.367000+00:00,kaspa:prvuxdlmvlyhgvygc0u3ls08flxk8lfs287g0kjhhk5npxw58hh9gscytxqe6,kaspa:qrkqwj6tzag3kldenlnmr3d3t7kmr6sxxe3anvszect2qeq5ykgpyxwata7yu,3.0
9f75a8b3ca67c344fb34eda064eed4ad8dfa88387609b9cf91bfb431960d05a8,2025-08-21T20:27:54.309000+00:00,kaspa:qrkqwj6tzag3kldenlnmr3d3t7kmr6sxxe3anvszect2qeq5ykgpyxwata7yu,kaspa:prvuxdlmvlyhgvygc0u3ls08flxk8lfs287g0kjhhk5npxw58hh9gscytxqe6,4.0
9f75a8b3ca67c344fb34eda064eed4ad8dfa88387609b9cf91bfb431960d05a8,2025-08-21T20:27:54.309000+00:00,kaspa:qrkqwj6tzag3kldenlnmr3d3t7kmr6sxxe3anvszect2qeq5ykgpyxwata7yu,kaspa:qrkqwj6tzag3kldenlnmr3d3t7kmr6sxxe3anvszect2qeq5ykgpyxwata7yu,0.99980386
c6326b1bddd1212b23714278e45b217413748e4173bf96e15e3454436f14a6c9,2025-08-21T20:27:45.344000+00:00,kaspa:prvuxdlmvlyhgvygc0u3ls08flxk8lfs287g0kjhhk5npxw58hh9gscytxqe6,kaspa:qrkqwj6tzag3kldenlnmr3d3t7kmr6sxxe3anvszect2qeq5ykgpyxwata7yu,3.0
72ea6365fe9bb6223d5f342251508c63203baf94c4328855a8f83d27e6444a85,2025-08-21T20:27:43.203000+00:00,kaspa:qrkqwj6tzag3kldenlnmr3d3t7kmr6sxxe3anvszect2qeq5ykgpyxwata7yu,kaspa:prvuxdlmvlyhgvygc0u3ls08flxk8lfs287g0kjhhk5npxw58hh9gscytxqe6,4.0
72ea6365fe9bb6223d5f342251508c63203baf94c4328855a8f83d27e6444a85,2025-08-21T20:27:43.203000+00:00,kaspa:qrkqwj6tzag3kldenlnmr3d3t7kmr6sxxe3anvszect2qeq5ykgpyxwata7yu,kaspa:qrkqwj6tzag3kldenlnmr3d3t7kmr6sxxe3anvszect2qeq5ykgpyxwata7yu,4.20641649
1e42277c76a63e906c34fb84679b9ec3881eee47899cfb273342a622b94dfd05,2025-08-21T20:27:41.035000+00:00,kaspa:prvuxdlmvlyhgvygc0u3ls08flxk8lfs287g0kjhhk5npxw58hh9gscytxqe6,kaspa:qrkqwj6tzag3kldenlnmr3d3t7kmr6sxxe3anvszect2qeq5ykgpyxwata7yu,3.0
4fee5042ad3d191fd08dfe25c354a0950217f510abb303715494db9d54be1b40,2025-08-21T20:27:37.668000+00:00,kaspa:qrkqwj6tzag3kldenlnmr3d3t7kmr6sxxe3anvszect2qeq5ykgpyxwata7yu,kaspa:prvuxdlmvlyhgvygc0u3ls08flxk8lfs287g0kjhhk5npxw58hh9gscytxqe6,4.0
4fee5042ad3d191fd08dfe25c354a0950217f510abb303715494db9d54be1b40,2025-08-21T20:27:37.668000+00:00,kaspa:qrkqwj6tzag3kldenlnmr3d3t7kmr6sxxe3anvszect2qeq5ykgpyxwata7yu,kaspa:qrkqwj6tzag3kldenlnmr3d3t7kmr6sxxe3anvszect2qeq5ykgpyxwata7yu,1.99984887
dc61fae603a4ab25a5c2df81df08e105a4e955e44cba85aa63475ffaa6ad6c48,2025-08-21T20:27:26.394000+00:00,kaspa:prvuxdlmvlyhgvygc0u3ls08flxk8lfs287g0kjhhk5npxw58hh9gscytxqe6,kaspa:qrkqwj6tzag3kldenlnmr3d3t7kmr6sxxe3anvszect2qeq5ykgpyxwata7yu,3.0
a771406c0d0f5f561e44bd606a3631899f7d7c26d86a83d5c00d3c1acd6b8e35,2025-08-21T20:27:24.977000+00:00,kaspa:qrkqwj6tzag3kldenlnmr3d3t7kmr6sxxe3anvszect2qeq5ykgpyxwata7yu,kaspa:prvuxdlmvlyhgvygc0u3ls08flxk8lfs287g0kjhhk5npxw58hh9gscytxqe6,4.0
a771406c0d0f5f561e44bd606a3631899f7d7c26d86a83d5c00d3c1acd6b8e35,2025-08-21T20:27:24.977000+00:00,kaspa:qrkqwj6tzag3kldenlnmr3d3t7kmr6sxxe3anvszect2qeq5ykgpyxwata7yu,kaspa:qrkqwj6tzag3kldenlnmr3d3t7kmr6sxxe3anvszect2qeq5ykgpyxwata7yu,5.20644814
dc6201a977be0e9f44fba42a9799383da5def489a1762ce94661fd5aaa8e3bc8,2025-08-21T20:27:22.068000+00:00,kaspa:prvuxdlmvlyhgvygc0u3ls08flxk8lfs287g0kjhhk5npxw58hh9gscytxqe6,kaspa:qrkqwj6tzag3kldenlnmr3d3t7kmr6sxxe3anvszect2qeq5ykgpyxwata7yu,3.0
fa292c6d95e0352892378599b54a551255f2b8a3d3de047aa9857cf01766818f,2025-08-21T20:27:20.365000+00:00,kaspa:qrkqwj6tzag3kldenlnmr3d3t7kmr6sxxe3anvszect2qeq5ykgpyxwata7yu,kaspa:prvuxdlmvlyhgvygc0u3ls08flxk8lfs287g0kjhhk5npxw58hh9gscytxqe6,4.0
fa292c6d95e0352892378599b54a551255f2b8a3d3de047aa9857cf01766818f,2025-08-21T20:27:20.365000+00:00,kaspa:qrkqwj6tzag3kldenlnmr3d3t7kmr6sxxe3anvszect2qeq5ykgpyxwata7yu,kaspa:qrkqwj6tzag3kldenlnmr3d3t7kmr6sxxe3anvszect2qeq5ykgpyxwata7yu,2.99988052
2f26e222623a8956dd6cd81dbd9ec57856f0f08eb70df7ea630640e24a24470f,2025-08-21T20:27:07.149000+00:00,kaspa:prvuxdlmvlyhgvygc0u3ls08flxk8lfs287g0kjhhk5npxw58hh9gscytxqe6,kaspa:qrkqwj6tzag3kldenlnmr3d3t7kmr6sxxe3anvszect2qeq5ykgpyxwata7yu,3.0
74a73962fd3aca37b5958ba140dacc51cc8b4fff1c5999bb923bd932fed1c9f9,2025-08-21T20:27:05.428000+00:00,kaspa:qrkqwj6tzag3kldenlnmr3d3t7kmr6sxxe3anvszect2qeq5ykgpyxwata7yu,kaspa:prvuxdlmvlyhgvygc0u3ls08flxk8lfs287g0kjhhk5npxw58hh9gscytxqe6,4.0
74a73962fd3aca37b5958ba140dacc51cc8b4fff1c5999bb923bd932fed1c9f9,2025-08-21T20:27:05.428000+00:00,kaspa:qrkqwj6tzag3kldenlnmr3d3t7kmr6sxxe3anvszect2qeq5ykgpyxwata7yu,kaspa:qrkqwj6tzag3kldenlnmr3d3t7kmr6sxxe3anvszect2qeq5ykgpyxwata7yu,9.20648148
04692f85cbf4de6f3a7fe8ad9ed5329b15c971607d67e3df877c1137cbb70fac,2025-08-21T20:26:56.669000+00:00,kaspa:prvuxdlmvlyhgvygc0u3ls08flxk8lfs287g0kjhhk5npxw58hh9gscytxqe6,kaspa:qrkqwj6tzag3kldenlnmr3d3t7kmr6sxxe3anvszect2qeq5ykgpyxwata7yu,3.0
08a1b82e40259ede94b2168b6ab60a0fa5e9f5de5c242a3bee1bf456acc5ea93,2025-08-21T20:26:54.582000+00:00,kaspa:qrkqwj6tzag3kldenlnmr3d3t7kmr6sxxe3anvszect2qeq5ykgpyxwata7yu,kaspa:prvuxdlmvlyhgvygc0u3ls08flxk8lfs287g0kjhhk5npxw58hh9gscytxqe6,4.0
08a1b82e40259ede94b2168b6ab60a0fa5e9f5de5c242a3bee1bf456acc5ea93,2025-08-21T20:26:54.582000+00:00,kaspa:qrkqwj6tzag3kldenlnmr3d3t7kmr6sxxe3anvszect2qeq5ykgpyxwata7yu,kaspa:qrkqwj6tzag3kldenlnmr3d3t7kmr6sxxe3anvszect2qeq5ykgpyxwata7yu,0.99992335
c4e806f69c095410990f7480383e879c0ab5bd0cc4caa469b2c858816f1b0e59,2025-08-21T20:26:52.388000+00:00,kaspa:prvuxdlmvlyhgvygc0u3ls08flxk8lfs287g0kjhhk5npxw58hh9gscytxqe6,kaspa:qrkqwj6tzag3kldenlnmr3d3t7kmr6sxxe3anvszect2qeq5ykgpyxwata7yu,3.0
1bd7d5d8ea34c17062c64a3732a4073ce03d1e680a3b9926eeb66d254430d37b,2025-08-21T20:26:50.108000+00:00,kaspa:qrkqwj6tzag3kldenlnmr3d3t7kmr6sxxe3anvszect2qeq5ykgpyxwata7yu,kaspa:prvuxdlmvlyhgvygc0u3ls08flxk8lfs287g0kjhhk5npxw58hh9gscytxqe6,4.0
1bd7d5d8ea34c17062c64a3732a4073ce03d1e680a3b9926eeb66d254430d37b,2025-08-21T20:26:50.108000+00:00,kaspa:qrkqwj6tzag3kldenlnmr3d3t7kmr6sxxe3anvszect2qeq5ykgpyxwata7yu,kaspa:qrkqwj6tzag3kldenlnmr3d3t7kmr6sxxe3anvszect2qeq5ykgpyxwata7yu,10.20651313
fc5e8342e0c6b9a7c15a3b55603a7f864deaeb5cf2dd2a11da4cf83c4e0130a9,2025-08-21T20:26:40.685000+00:00,kaspa:prvuxdlmvlyhgvygc0u3ls08flxk8lfs287g0kjhhk5npxw58hh9gscytxqe6,kaspa:qrkqwj6tzag3kldenlnmr3d3t7kmr6sxxe3anvszect2qeq5ykgpyxwata7yu,3.0
d1be4992a3a41acc8ade55bed8cfe341f2baabb58a8ff95bd84fa0e779b17e4f,2025-08-21T20:26:37.370000+00:00,kaspa:qrkqwj6tzag3kldenlnmr3d3t7kmr6sxxe3anvszect2qeq5ykgpyxwata7yu,kaspa:prvuxdlmvlyhgvygc0u3ls08flxk8lfs287g0kjhhk5npxw58hh9gscytxqe6,4.0
d1be4992a3a41acc8ade55bed8cfe341f2baabb58a8ff95bd84fa0e779b17e4f,2025-08-21T20:26:37.370000+00:00,kaspa:qrkqwj6tzag3kldenlnmr3d3t7kmr6sxxe3anvszect2qeq5ykgpyxwata7yu,kaspa:qrkqwj6tzag3kldenlnmr3d3t7kmr6sxxe3anvszect2qeq5ykgpyxwata7yu,1.99996835
4906823405db96b99bc47b6672f4d142a119394876ba7c86a0ca4e5074a30e42,2025-08-21T20:26:34.214000+00:00,kaspa:prvuxdlmvlyhgvygc0u3ls08flxk8lfs287g0kjhhk5npxw58hh9gscytxqe6,kaspa:qrkqwj6tzag3kldenlnmr3d3t7kmr6sxxe3anvszect2qeq5ykgpyxwata7yu,3.0
96f0ac432ce55b6c01646562c3138623b7f58de43536e39de52525cd3860384c,2025-08-21T20:26:30.940000+00:00,kaspa:qrkqwj6tzag3kldenlnmr3d3t7kmr6sxxe3anvszect2qeq5ykgpyxwata7yu,kaspa:prvuxdlmvlyhgvygc0u3ls08flxk8lfs287g0kjhhk5npxw58hh9gscytxqe6,4.0
96f0ac432ce55b6c01646562c3138623b7f58de43536e39de52525cd3860384c,2025-08-21T20:26:30.940000+00:00,kaspa:qrkqwj6tzag3kldenlnmr3d3t7kmr6sxxe3anvszect2qeq5ykgpyxwata7yu,kaspa:qrkqwj6tzag3kldenlnmr3d3t7kmr6sxxe3anvszect2qeq5ykgpyxwata7yu,0.99932578
d0ad5bd454eb9f7d83358f28552f30c2a3bbe2081a63801a97888291187b70af,2025-08-21T20:26:24.504000+00:00,kaspa:prvuxdlmvlyhgvygc0u3ls08flxk8lfs287g0kjhhk5npxw58hh9gscytxqe6,kaspa:qrkqwj6tzag3kldenlnmr3d3t7kmr6sxxe3anvszect2qeq5ykgpyxwata7yu,3.0
b98f63831b0659618bc14014a65a6177ec5c5676d952311daf2161d345a72da5,2025-08-21T20:26:21.129000+00:00,kaspa:qrkqwj6tzag3kldenlnmr3d3t7kmr6sxxe3anvszect2qeq5ykgpyxwata7yu,kaspa:prvuxdlmvlyhgvygc0u3ls08flxk8lfs287g0kjhhk5npxw58hh9gscytxqe6,4.0
b98f63831b0659618bc14014a65a6177ec5c5676d952311daf2161d345a72da5,2025-08-21T20:26:21.129000+00:00,kaspa:qrkqwj6tzag3kldenlnmr3d3t7kmr6sxxe3anvszect2qeq5ykgpyxwata7yu,kaspa:qrkqwj6tzag3kldenlnmr3d3t7kmr6sxxe3anvszect2qeq5ykgpyxwata7yu,10.20723018
cc7a9b8f3b9fdd282e3c218f2016d6bf6ad29f80f0c6a104ca21bf1b04d7ac4b,2025-08-21T20:26:17.477000+00:00,kaspa:prvuxdlmvlyhgvygc0u3ls08flxk8lfs287g0kjhhk5npxw58hh9gscytxqe6,kaspa:qrkqwj6tzag3kldenlnmr3d3t7kmr6sxxe3anvszect2qeq5ykgpyxwata7yu,3.0
bd728d65e040a7bb41075340dec65fd85d77732fe7a56be454ef127dd1fbfc80,2025-08-21T20:26:15.963000+00:00,kaspa:qrkqwj6tzag3kldenlnmr3d3t7kmr6sxxe3anvszect2qeq5ykgpyxwata7yu,kaspa:prvuxdlmvlyhgvygc0u3ls08flxk8lfs287g0kjhhk5npxw58hh9gscytxqe6,4.0
bd728d65e040a7bb41075340dec65fd85d77732fe7a56be454ef127dd1fbfc80,2025-08-21T20:26:15.963000+00:00,kaspa:qrkqwj6tzag3kldenlnmr3d3t7kmr6sxxe3anvszect2qeq5ykgpyxwata7yu,kaspa:qrkqwj6tzag3kldenlnmr3d3t7kmr6sxxe3anvszect2qeq5ykgpyxwata7yu,1.99937084
31c844573db52d7d0e687d9a486651a62679ea5b867918d6fa8abed5e9acfcee,2025-08-21T20:26:09.539000+00:00,kaspa:prvuxdlmvlyhgvygc0u3ls08flxk8lfs287g0kjhhk5npxw58hh9gscytxqe6,kaspa:qrkqwj6tzag3kldenlnmr3d3t7kmr6sxxe3anvszect2qeq5ykgpyxwata7yu,3.0
b26a91e4f27ecd7c18f5ad85e545d04f4831294565169a16ce22fb4703a9aa68,2025-08-21T20:26:05.999000+00:00,kaspa:qrkqwj6tzag3kldenlnmr3d3t7kmr6sxxe3anvszect2qeq5ykgpyxwata7yu,kaspa:prvuxdlmvlyhgvygc0u3ls08flxk8lfs287g0kjhhk5npxw58hh9gscytxqe6,4.0
b26a91e4f27ecd7c18f5ad85e545d04f4831294565169a16ce22fb4703a9aa68,2025-08-21T20:26:05.999000+00:00,kaspa:qrkqwj6tzag3kldenlnmr3d3t7kmr6sxxe3anvszect2qeq5ykgpyxwata7yu,kaspa:qrkqwj6tzag3kldenlnmr3d3t7kmr6sxxe3anvszect2qeq5ykgpyxwata7yu,14.20725794
f5cb26a69cb4438ccb630e7f98e52a68da390b216ca63ae1fc01d2475cdf50e4,2025-08-21T20:26:02.937000+00:00,kaspa:prvuxdlmvlyhgvygc0u3ls08flxk8lfs287g0kjhhk5npxw58hh9gscytxqe6,kaspa:qrkqwj6tzag3kldenlnmr3d3t7kmr6sxxe3anvszect2qeq5ykgpyxwata7yu,3.0
65dfc1cabeb32b79d4b660be376725cb5ad0d03f7d0a673a705c6b49227f03aa,2025-08-21T20:25:59.560000+00:00,kaspa:qrkqwj6tzag3kldenlnmr3d3t7kmr6sxxe3anvszect2qeq5ykgpyxwata7yu,kaspa:prvuxdlmvlyhgvygc0u3ls08flxk8lfs287g0kjhhk5npxw58hh9gscytxqe6,4.0
65dfc1cabeb32b79d4b660be376725cb5ad0d03f7d0a673a705c6b49227f03aa,2025-08-21T20:25:59.560000+00:00,kaspa:qrkqwj6tzag3kldenlnmr3d3t7kmr6sxxe3anvszect2qeq5ykgpyxwata7yu,kaspa:qrkqwj6tzag3kldenlnmr3d3t7kmr6sxxe3anvszect2qeq5ykgpyxwata7yu,2.99940249
0a6efaafb56f533a44e7bd7b66f6c9707dfb859f2a75efa86e95a79512333658,2025-08-21T20:25:47.570000+00:00,kaspa:prvuxdlmvlyhgvygc0u3ls08flxk8lfs287g0kjhhk5npxw58hh9gscytxqe6,kaspa:qrkqwj6tzag3kldenlnmr3d3t7kmr6sxxe3anvszect2qeq5ykgpyxwata7yu,3.0
074890eba9397fff67f3f0ddc620b5709145c9a47c4bd12c95a5ad44e17a3b4c,2025-08-21T20:25:45.021000+00:00,kaspa:qrkqwj6tzag3kldenlnmr3d3t7kmr6sxxe3anvszect2qeq5ykgpyxwata7yu,kaspa:prvuxdlmvlyhgvygc0u3ls08flxk8lfs287g0kjhhk5npxw58hh9gscytxqe6,4.0
074890eba9397fff67f3f0ddc620b5709145c9a47c4bd12c95a5ad44e17a3b4c,2025-08-21T20:25:45.021000+00:00,kaspa:qrkqwj6tzag3kldenlnmr3d3t7kmr6sxxe3anvszect2qeq5ykgpyxwata7yu,kaspa:qrkqwj6tzag3kldenlnmr3d3t7kmr6sxxe3anvszect2qeq5ykgpyxwata7yu,18.20728448
66ad095c8839fd607672e2b5d1740e1bba022c4d6ebdd5f3c372f79335238533,2025-08-21T20:25:40.997000+00:00,kaspa:prvuxdlmvlyhgvygc0u3ls08flxk8lfs287g0kjhhk5npxw58hh9gscytxqe6,kaspa:qrkqwj6tzag3kldenlnmr3d3t7kmr6sxxe3anvszect2qeq5ykgpyxwata7yu,3.0
542fb5889039243fd18c034ccd2a3200da8bb9bbd9205365d811188839b3c553,2025-08-21T20:25:38.891000+00:00,kaspa:qrkqwj6tzag3kldenlnmr3d3t7kmr6sxxe3anvszect2qeq5ykgpyxwata7yu,kaspa:prvuxdlmvlyhgvygc0u3ls08flxk8lfs287g0kjhhk5npxw58hh9gscytxqe6,4.0
542fb5889039243fd18c034ccd2a3200da8bb9bbd9205365d811188839b3c553,2025-08-21T20:25:38.891000+00:00,kaspa:qrkqwj6tzag3kldenlnmr3d3t7kmr6sxxe3anvszect2qeq5ykgpyxwata7yu,kaspa:qrkqwj6tzag3kldenlnmr3d3t7kmr6sxxe3anvszect2qeq5ykgpyxwata7yu,0.99944532
99b88598b63af9083eb00fef9a42f54cea9ce000e9d1213d7282c5f6b4949c3a,2025-08-21T20:25:30.644000+00:00,kaspa:prvuxdlmvlyhgvygc0u3ls08flxk8lfs287g0kjhhk5npxw58hh9gscytxqe6,kaspa:qrkqwj6tzag3kldenlnmr3d3t7kmr6sxxe3anvszect2qeq5ykgpyxwata7yu,3.0
1b25969044376870c8fbff189885e8e30952a9fb2b2ccca6359487e1fe8ebbab,2025-08-21T20:25:28.741000+00:00,kaspa:qrkqwj6tzag3kldenlnmr3d3t7kmr6sxxe3anvszect2qeq5ykgpyxwata7yu,kaspa:prvuxdlmvlyhgvygc0u3ls08flxk8lfs287g0kjhhk5npxw58hh9gscytxqe6,4.0
1b25969044376870c8fbff189885e8e30952a9fb2b2ccca6359487e1fe8ebbab,2025-08-21T20:25:28.741000+00:00,kaspa:qrkqwj6tzag3kldenlnmr3d3t7kmr6sxxe3anvszect2qeq5ykgpyxwata7yu,kaspa:qrkqwj6tzag3kldenlnmr3d3t7kmr6sxxe3anvszect2qeq5ykgpyxwata7yu,19.20731613
ef991ba0858ee4c59fdbc9b3b892fc2178b475a9d6cb50c67a629fa856152bd3,2025-08-21T20:25:22.695000+00:00,kaspa:prvuxdlmvlyhgvygc0u3ls08flxk8lfs287g0kjhhk5npxw58hh9gscytxqe6,kaspa:qrkqwj6tzag3kldenlnmr3d3t7kmr6sxxe3anvszect2qeq5ykgpyxwata7yu,3.0
2c25fba3ac9dabe020a8bb5103b36c3c4454105839676640a577f9b21a18dadf,2025-08-21T20:25:20.034000+00:00,kaspa:qrkqwj6tzag3kldenlnmr3d3t7kmr6sxxe3anvszect2qeq5ykgpyxwata7yu,kaspa:prvuxdlmvlyhgvygc0u3ls08flxk8lfs287g0kjhhk5npxw58hh9gscytxqe6,4.0
2c25fba3ac9dabe020a8bb5103b36c3c4454105839676640a577f9b21a18dadf,2025-08-21T20:25:20.034000+00:00,kaspa:qrkqwj6tzag3kldenlnmr3d3t7kmr6sxxe3anvszect2qeq5ykgpyxwata7yu,kaspa:qrkqwj6tzag3kldenlnmr3d3t7kmr6sxxe3anvszect2qeq5ykgpyxwata7yu,1.99949037
c4cc6799a9406777c3082098b71640063f29f09bb8e6942aeffa73f8f7245052,2025-08-21T20:25:08.786000+00:00,kaspa:prvuxdlmvlyhgvygc0u3ls08flxk8lfs287g0kjhhk5npxw58hh9gscytxqe6,kaspa:qrkqwj6tzag3kldenlnmr3d3t7kmr6sxxe3anvszect2qeq5ykgpyxwata7yu,3.0
89f731ce4168e8f0f098b56ab2b22a6cc559d06109f8fe82bcc318a9c0d967ea,2025-08-21T20:25:05.550000+00:00,kaspa:qrkqwj6tzag3kldenlnmr3d3t7kmr6sxxe3anvszect2qeq5ykgpyxwata7yu,kaspa:prvuxdlmvlyhgvygc0u3ls08flxk8lfs287g0kjhhk5npxw58hh9gscytxqe6,4.0
89f731ce4168e8f0f098b56ab2b22a6cc559d06109f8fe82bcc318a9c0d967ea,2025-08-21T20:25:05.550000+00:00,kaspa:qrkqwj6tzag3kldenlnmr3d3t7kmr6sxxe3anvszect2qeq5ykgpyxwata7yu,kaspa:qrkqwj6tzag3kldenlnmr3d3t7kmr6sxxe3anvszect2qeq5ykgpyxwata7yu,20.20734778
2457d1c1d3afdfd1e1b62d0d08f23cb9c4cc9c02bbc7112e47a4416ead6d3c94,2025-08-21T20:25:03.670000+00:00,kaspa:prvuxdlmvlyhgvygc0u3ls08flxk8lfs287g0kjhhk5npxw58hh9gscytxqe6,kaspa:qrkqwj6tzag3kldenlnmr3d3t7kmr6sxxe3anvszect2qeq5ykgpyxwata7yu,3.0
758c8c043f2bdb3e30b3127f9fea0a67474474d011777644a98168cfd8934b5e,2025-08-21T20:25:00.941000+00:00,kaspa:qrkqwj6tzag3kldenlnmr3d3t7kmr6sxxe3anvszect2qeq5ykgpyxwata7yu,kaspa:prvuxdlmvlyhgvygc0u3ls08flxk8lfs287g0kjhhk5npxw58hh9gscytxqe6,4.0
758c8c043f2bdb3e30b3127f9fea0a67474474d011777644a98168cfd8934b5e,2025-08-21T20:25:00.941000+00:00,kaspa:qrkqwj6tzag3kldenlnmr3d3t7kmr6sxxe3anvszect2qeq5ykgpyxwata7yu,kaspa:qrkqwj6tzag3kldenlnmr3d3t7kmr6sxxe3anvszect2qeq5ykgpyxwata7yu,2.99952202
d0a733bfd524130a569c44c7e11500a3f737821b34ecd1bccdc582f4b9f1f2e5,2025-08-21T20:21:30.460000+00:00,kaspa:prvuxdlmvlyhgvygc0u3ls08flxk8lfs287g0kjhhk5npxw58hh9gscytxqe6,kaspa:qrkqwj6tzag3kldenlnmr3d3t7kmr6sxxe3anvszect2qeq5ykgpyxwata7yu,3.0
d8953331b95d176fd8e105fb8b9b4d070b7a1464b1bec7ebca4837577602b34e,2025-08-21T20:21:29.243000+00:00,kaspa:qrkqwj6tzag3kldenlnmr3d3t7kmr6sxxe3anvszect2qeq5ykgpyxwata7yu,kaspa:prvuxdlmvlyhgvygc0u3ls08flxk8lfs287g0kjhhk5npxw58hh9gscytxqe6,4.0
d8953331b95d176fd8e105fb8b9b4d070b7a1464b1bec7ebca4837577602b34e,2025-08-21T20:21:29.243000+00:00,kaspa:qrkqwj6tzag3kldenlnmr3d3t7kmr6sxxe3anvszect2qeq5ykgpyxwata7yu,kaspa:qrkqwj6tzag3kldenlnmr3d3t7kmr6sxxe3anvszect2qeq5ykgpyxwata7yu,24.20737359
95c3477927a4df6b86ad10e5b2c3ec11ac0cdcf7f73f827ef0e09c337be4b77c,2025-08-21T20:21:25.830000+00:00,kaspa:prvuxdlmvlyhgvygc0u3ls08flxk8lfs287g0kjhhk5npxw58hh9gscytxqe6,kaspa:qrkqwj6tzag3kldenlnmr3d3t7kmr6sxxe3anvszect2qeq5ykgpyxwata7yu,3.0
6488f756238690066e960c5f61ab0e387a4b23308da2477290d250fea38337b9,2025-08-21T20:21:23.177000+00:00,kaspa:qrkqwj6tzag3kldenlnmr3d3t7kmr6sxxe3anvszect2qeq5ykgpyxwata7yu,kaspa:prvuxdlmvlyhgvygc0u3ls08flxk8lfs287g0kjhhk5npxw58hh9gscytxqe6,4.0
6488f756238690066e960c5f61ab0e387a4b23308da2477290d250fea38337b9,2025-08-21T20:21:23.177000+00:00,kaspa:qrkqwj6tzag3kldenlnmr3d3t7kmr6sxxe3anvszect2qeq5ykgpyxwata7yu,kaspa:qrkqwj6tzag3kldenlnmr3d3t7kmr6sxxe3anvszect2qeq5ykgpyxwata7yu,0.99956485
7a4a96dbbe40fbb689bd243d4bb85375f8fc02d2c8adc88e066b4834a72fa10a,2025-08-21T20:20:50.674000+00:00,kaspa:prvuxdlmvlyhgvygc0u3ls08flxk8lfs287g0kjhhk5npxw58hh9gscytxqe6,kaspa:qrkqwj6tzag3kldenlnmr3d3t7kmr6sxxe3anvszect2qeq5ykgpyxwata7yu,3.0
7f85545b4fda0af38a37cba5d457f03bcdbeb9520e764c1044e942d9e8bb2750,2025-08-21T20:20:48.721000+00:00,kaspa:qrkqwj6tzag3kldenlnmr3d3t7kmr6sxxe3anvszect2qeq5ykgpyxwata7yu,kaspa:prvuxdlmvlyhgvygc0u3ls08flxk8lfs287g0kjhhk5npxw58hh9gscytxqe6,4.0
7f85545b4fda0af38a37cba5d457f03bcdbeb9520e764c1044e942d9e8bb2750,2025-08-21T20:20:48.721000+00:00,kaspa:qrkqwj6tzag3kldenlnmr3d3t7kmr6sxxe3anvszect2qeq5ykgpyxwata7yu,kaspa:qrkqwj6tzag3kldenlnmr3d3t7kmr6sxxe3anvszect2qeq5ykgpyxwata7yu,25.20740524
ae660b228952887e3841f9e8ec1fe1dddf6a8f7880a9fb9f926810bc2cea0fdc,2025-08-21T20:20:45.946000+00:00,kaspa:prvuxdlmvlyhgvygc0u3ls08flxk8lfs287g0kjhhk5npxw58hh9gscytxqe6,kaspa:qrkqwj6tzag3kldenlnmr3d3t7kmr6sxxe3anvszect2qeq5ykgpyxwata7yu,3.0
87d6d3e13357a72e0ea69ce54ba6369aed6c4032f28551c76f4f215e6dfc7c98,2025-08-21T20:20:43.551000+00:00,kaspa:qrkqwj6tzag3kldenlnmr3d3t7kmr6sxxe3anvszect2qeq5ykgpyxwata7yu,kaspa:prvuxdlmvlyhgvygc0u3ls08flxk8lfs287g0kjhhk5npxw58hh9gscytxqe6,4.0
87d6d3e13357a72e0ea69ce54ba6369aed6c4032f28551c76f4f215e6dfc7c98,2025-08-21T20:20:43.551000+00:00,kaspa:qrkqwj6tzag3kldenlnmr3d3t7kmr6sxxe3anvszect2qeq5ykgpyxwata7yu,kaspa:qrkqwj6tzag3kldenlnmr3d3t7kmr6sxxe3anvszect2qeq5ykgpyxwata7yu,1.99960988
eb6d4c287740262732059df402872727b2d9d9efb9a64625ae737ad76f154cc7,2025-08-21T20:19:19.143000+00:00,kaspa:prvuxdlmvlyhgvygc0u3ls08flxk8lfs287g0kjhhk5npxw58hh9gscytxqe6,kaspa:qrkqwj6tzag3kldenlnmr3d3t7kmr6sxxe3anvszect2qeq5ykgpyxwata7yu,3.0
b5847eee3d3345ddc0cc6ccfadffb97a15700f2adcaa512f335639e7044114eb,2025-08-21T20:19:16.118000+00:00,kaspa:qrkqwj6tzag3kldenlnmr3d3t7kmr6sxxe3anvszect2qeq5ykgpyxwata7yu,kaspa:prvuxdlmvlyhgvygc0u3ls08flxk8lfs287g0kjhhk5npxw58hh9gscytxqe6,4.0
b5847eee3d3345ddc0cc6ccfadffb97a15700f2adcaa512f335639e7044114eb,2025-08-21T20:19:16.118000+00:00,kaspa:qrkqwj6tzag3kldenlnmr3d3t7kmr6sxxe3anvszect2qeq5ykgpyxwata7yu,kaspa:qrkqwj6tzag3kldenlnmr3d3t7kmr6sxxe3anvszect2qeq5ykgpyxwata7yu,26.20743689
95bcb4336373bb71728c04bdaa3b56d89744ed5b7cb25bb131e31668f9e9a7cb,2025-08-21T20:19:13.104000+00:00,kaspa:prvuxdlmvlyhgvygc0u3ls08flxk8lfs287g0kjhhk5npxw58hh9gscytxqe6,kaspa:qrkqwj6tzag3kldenlnmr3d3t7kmr6sxxe3anvszect2qeq5ykgpyxwata7yu,3.0
652007461cc9b30b7778c14e6df2a2813e60b7a664e8e18ecc1b3e0f334693b6,2025-08-21T20:19:10.768000+00:00,kaspa:qrkqwj6tzag3kldenlnmr3d3t7kmr6sxxe3anvszect2qeq5ykgpyxwata7yu,kaspa:prvuxdlmvlyhgvygc0u3ls08flxk8lfs287g0kjhhk5npxw58hh9gscytxqe6,4.0
652007461cc9b30b7778c14e6df2a2813e60b7a664e8e18ecc1b3e0f334693b6,2025-08-21T20:19:10.768000+00:00,kaspa:qrkqwj6tzag3kldenlnmr3d3t7kmr6sxxe3anvszect2qeq5ykgpyxwata7yu,kaspa:qrkqwj6tzag3kldenlnmr3d3t7kmr6sxxe3anvszect2qeq5ykgpyxwata7yu,2.99964153
ff5029e47276793b4f6c403785aef6d3b3cf4a480991b192d5fa8f4ebbc806cf,2025-08-21T20:18:45.648000+00:00,kaspa:prvuxdlmvlyhgvygc0u3ls08flxk8lfs287g0kjhhk5npxw58hh9gscytxqe6,kaspa:qrkqwj6tzag3kldenlnmr3d3t7kmr6sxxe3anvszect2qeq5ykgpyxwata7yu,3.0
5d63a52169a286dd98c71814c56f6e99162e014a11c57b6f02ed1cb86a93d9d6,2025-08-21T20:18:43.175000+00:00,kaspa:qrkqwj6tzag3kldenlnmr3d3t7kmr6sxxe3anvszect2qeq5ykgpyxwata7yu,kaspa:prvuxdlmvlyhgvygc0u3ls08flxk8lfs287g0kjhhk5npxw58hh9gscytxqe6,4.0
5d63a52169a286dd98c71814c56f6e99162e014a11c57b6f02ed1cb86a93d9d6,2025-08-21T20:18:43.175000+00:00,kaspa:qrkqwj6tzag3kldenlnmr3d3t7kmr6sxxe3anvszect2qeq5ykgpyxwata7yu,kaspa:qrkqwj6tzag3kldenlnmr3d3t7kmr6sxxe3anvszect2qeq5ykgpyxwata7yu,0.99968436
08827c98650f6915492c3a1818bdb1458a278d371266310455b735318d48a429,2025-08-21T20:17:58.077000+00:00,kaspa:prvuxdlmvlyhgvygc0u3ls08flxk8lfs287g0kjhhk5npxw58hh9gscytxqe6,kaspa:qrkqwj6tzag3kldenlnmr3d3t7kmr6sxxe3anvszect2qeq5ykgpyxwata7yu,3.0
93b168fbc0983ca6e1c66735d50edc12c2a8585ee8060d2763fe8437327d48c6,2025-08-21T20:17:55.421000+00:00,kaspa:qrkqwj6tzag3kldenlnmr3d3t7kmr6sxxe3anvszect2qeq5ykgpyxwata7yu,kaspa:prvuxdlmvlyhgvygc0u3ls08flxk8lfs287g0kjhhk5npxw58hh9gscytxqe6,4.0
93b168fbc0983ca6e1c66735d50edc12c2a8585ee8060d2763fe8437327d48c6,2025-08-21T20:17:55.421000+00:00,kaspa:qrkqwj6tzag3kldenlnmr3d3t7kmr6sxxe3anvszect2qeq5ykgpyxwata7yu,kaspa:qrkqwj6tzag3kldenlnmr3d3t7kmr6sxxe3anvszect2qeq5ykgpyxwata7yu,1.99972938
035526ef62e36550efe300d485430223c2d42cdc67b355be9fe6e3e139c9e73f,2025-08-21T20:16:45.333000+00:00,kaspa:prvuxdlmvlyhgvygc0u3ls08flxk8lfs287g0kjhhk5npxw58hh9gscytxqe6,kaspa:qrkqwj6tzag3kldenlnmr3d3t7kmr6sxxe3anvszect2qeq5ykgpyxwata7yu,3.0
827bf71611ecdb9456b65e05483ef04f3f3302773ac7fb00268cd87978b1c8e2,2025-08-21T20:16:43.984000+00:00,kaspa:qrkqwj6tzag3kldenlnmr3d3t7kmr6sxxe3anvszect2qeq5ykgpyxwata7yu,kaspa:prvuxdlmvlyhgvygc0u3ls08flxk8lfs287g0kjhhk5npxw58hh9gscytxqe6,4.0
827bf71611ecdb9456b65e05483ef04f3f3302773ac7fb00268cd87978b1c8e2,2025-08-21T20:16:43.984000+00:00,kaspa:qrkqwj6tzag3kldenlnmr3d3t7kmr6sxxe3anvszect2qeq5ykgpyxwata7yu,kaspa:qrkqwj6tzag3kldenlnmr3d3t7kmr6sxxe3anvszect2qeq5ykgpyxwata7yu,30.20746239
4a8b8a2eae12189608b520bc24a7c32512932f593b85b90811f8c5816bcf0ddb,2025-08-21T20:16:41.343000+00:00,kaspa:prvuxdlmvlyhgvygc0u3ls08flxk8lfs287g0kjhhk5npxw58hh9gscytxqe6,kaspa:qrkqwj6tzag3kldenlnmr3d3t7kmr6sxxe3anvszect2qeq5ykgpyxwata7yu,3.0
ad1e82d3f8df2647fabab244965d708bdeb4af851484c69d7cf75c24f841ce7d,2025-08-21T20:16:38.382000+00:00,kaspa:qrkqwj6tzag3kldenlnmr3d3t7kmr6sxxe3anvszect2qeq5ykgpyxwata7yu,kaspa:prvuxdlmvlyhgvygc0u3ls08flxk8lfs287g0kjhhk5npxw58hh9gscytxqe6,4.0
ad1e82d3f8df2647fabab244965d708bdeb4af851484c69d7cf75c24f841ce7d,2025-08-21T20:16:38.382000+00:00,kaspa:qrkqwj6tzag3kldenlnmr3d3t7kmr6sxxe3anvszect2qeq5ykgpyxwata7yu,kaspa:qrkqwj6tzag3kldenlnmr3d3t7kmr6sxxe3anvszect2qeq5ykgpyxwata7yu,2.99976103
b5cd97ab366e02fc4d61adb6895665c4285be33175678f7da53d85234dfdde3f,2025-08-21T20:16:26.753000+00:00,kaspa:prvuxdlmvlyhgvygc0u3ls08flxk8lfs287g0kjhhk5npxw58hh9gscytxqe6,kaspa:qrkqwj6tzag3kldenlnmr3d3t7kmr6sxxe3anvszect2qeq5ykgpyxwata7yu,3.0
e8554030b2b087be1c2df54692693de227f4345d86aaaf0d32604b3df59b1c9c,2025-08-21T20:16:24.643000+00:00,kaspa:qrkqwj6tzag3kldenlnmr3d3t7kmr6sxxe3anvszect2qeq5ykgpyxwata7yu,kaspa:prvuxdlmvlyhgvygc0u3ls08flxk8lfs287g0kjhhk5npxw58hh9gscytxqe6,4.0
e8554030b2b087be1c2df54692693de227f4345d86aaaf0d32604b3df59b1c9c,2025-08-21T20:16:24.643000+00:00,kaspa:qrkqwj6tzag3kldenlnmr3d3t7kmr6sxxe3anvszect2qeq5ykgpyxwata7yu,kaspa:qrkqwj6tzag3kldenlnmr3d3t7kmr6sxxe3anvszect2qeq5ykgpyxwata7yu,34.20748778
237155d8f1ab588e6c07f0fbc15207a96b00cf0a23f4469d66f6a7d15f9584d6,2025-08-21T20:16:20.130000+00:00,kaspa:prvuxdlmvlyhgvygc0u3ls08flxk8lfs287g0kjhhk5npxw58hh9gscytxqe6,kaspa:qrkqwj6tzag3kldenlnmr3d3t7kmr6sxxe3anvszect2qeq5ykgpyxwata7yu,3.0
5f4007bca3d9ed7376303068fe77895b8d508082f6b5d59788dfe06d280f7a43,2025-08-21T20:16:17.752000+00:00,kaspa:qrkqwj6tzag3kldenlnmr3d3t7kmr6sxxe3anvszect2qeq5ykgpyxwata7yu,kaspa:prvuxdlmvlyhgvygc0u3ls08flxk8lfs287g0kjhhk5npxw58hh9gscytxqe6,4.0
5f4007bca3d9ed7376303068fe77895b8d508082f6b5d59788dfe06d280f7a43,2025-08-21T20:16:17.752000+00:00,kaspa:qrkqwj6tzag3kldenlnmr3d3t7kmr6sxxe3anvszect2qeq5ykgpyxwata7yu,kaspa:qrkqwj6tzag3kldenlnmr3d3t7kmr6sxxe3anvszect2qeq5ykgpyxwata7yu,0.99980386
652cab84fd7d7d715aac2fac0c28f601e8a125e92659a485a1d32298b8c2a616,2025-08-21T20:16:09.778000+00:00,kaspa:prvuxdlmvlyhgvygc0u3ls08flxk8lfs287g0kjhhk5npxw58hh9gscytxqe6,kaspa:qrkqwj6tzag3kldenlnmr3d3t7kmr6sxxe3anvszect2qeq5ykgpyxwata7yu,3.0
e300c4c720fcb24c4e497599666caa5d4a9a7d1b077d42fd0d59df75619c6d15,2025-08-21T20:16:07.703000+00:00,kaspa:qrkqwj6tzag3kldenlnmr3d3t7kmr6sxxe3anvszect2qeq5ykgpyxwata7yu,kaspa:prvuxdlmvlyhgvygc0u3ls08flxk8lfs287g0kjhhk5npxw58hh9gscytxqe6,4.0
e300c4c720fcb24c4e497599666caa5d4a9a7d1b077d42fd0d59df75619c6d15,2025-08-21T20:16:07.703000+00:00,kaspa:qrkqwj6tzag3kldenlnmr3d3t7kmr6sxxe3anvszect2qeq5ykgpyxwata7yu,kaspa:qrkqwj6tzag3kldenlnmr3d3t7kmr6sxxe3anvszect2qeq5ykgpyxwata7yu,35.20751943
32843898d2e9ce32e1260b570789acbe3d6713386ef9791eef797a053252eb07,2025-08-21T20:16:03.762000+00:00,kaspa:prvuxdlmvlyhgvygc0u3ls08flxk8lfs287g0kjhhk5npxw58hh9gscytxqe6,kaspa:qrkqwj6tzag3kldenlnmr3d3t7kmr6sxxe3anvszect2qeq5ykgpyxwata7yu,3.0
f2a3d394d32f65c13b7a4597f899003c0b30089a993990500067347cca32a57d,2025-08-21T20:16:00.647000+00:00,kaspa:qrkqwj6tzag3kldenlnmr3d3t7kmr6sxxe3anvszect2qeq5ykgpyxwata7yu,kaspa:prvuxdlmvlyhgvygc0u3ls08flxk8lfs287g0kjhhk5npxw58hh9gscytxqe6,4.0
f2a3d394d32f65c13b7a4597f899003c0b30089a993990500067347cca32a57d,2025-08-21T20:16:00.647000+00:00,kaspa:qrkqwj6tzag3kldenlnmr3d3t7kmr6sxxe3anvszect2qeq5ykgpyxwata7yu,kaspa:qrkqwj6tzag3kldenlnmr3d3t7kmr6sxxe3anvszect2qeq5ykgpyxwata7yu,1.99984887
82d0f67456b2e35ff4367330e71e64b6f6b7bce1daf25ac61cdffa296a99a780,2025-08-21T20:15:52.409000+00:00,kaspa:prvuxdlmvlyhgvygc0u3ls08flxk8lfs287g0kjhhk5npxw58hh9gscytxqe6,kaspa:qrkqwj6tzag3kldenlnmr3d3t7kmr6sxxe3anvszect2qeq5ykgpyxwata7yu,3.0
ef93b0334e444f0b2947d54f31fa817aa3a38d6df50116851a52289f4acdedfe,2025-08-21T20:15:49.908000+00:00,kaspa:qrkqwj6tzag3kldenlnmr3d3t7kmr6sxxe3anvszect2qeq5ykgpyxwata7yu,kaspa:prvuxdlmvlyhgvygc0u3ls08flxk8lfs287g0kjhhk5npxw58hh9gscytxqe6,4.0
ef93b0334e444f0b2947d54f31fa817aa3a38d6df50116851a52289f4acdedfe,2025-08-21T20:15:49.908000+00:00,kaspa:qrkqwj6tzag3kldenlnmr3d3t7kmr6sxxe3anvszect2qeq5ykgpyxwata7yu,kaspa:qrkqwj6tzag3kldenlnmr3d3t7kmr6sxxe3anvszect2qeq5ykgpyxwata7yu,36.20755108
161b1f9e7e7ead9088793a90b6020e5835e07cf0a94dcfa92d91da0622c6751d,2025-08-21T20:15:46.774000+00:00,kaspa:prvuxdlmvlyhgvygc0u3ls08flxk8lfs287g0kjhhk5npxw58hh9gscytxqe6,kaspa:qrkqwj6tzag3kldenlnmr3d3t7kmr6sxxe3anvszect2qeq5ykgpyxwata7yu,3.0
f9e7bc8614c2fd22086a42c41088be785d585436f0893c38230b4222146534c6,2025-08-21T20:15:44.581000+00:00,kaspa:qrkqwj6tzag3kldenlnmr3d3t7kmr6sxxe3anvszect2qeq5ykgpyxwata7yu,kaspa:prvuxdlmvlyhgvygc0u3ls08flxk8lfs287g0kjhhk5npxw58hh9gscytxqe6,4.0
f9e7bc8614c2fd22086a42c41088be785d585436f0893c38230b4222146534c6,2025-08-21T20:15:44.581000+00:00,kaspa:qrkqwj6tzag3kldenlnmr3d3t7kmr6sxxe3anvszect2qeq5ykgpyxwata7yu,kaspa:qrkqwj6tzag3kldenlnmr3d3t7kmr6sxxe3anvszect2qeq5ykgpyxwata7yu,2.99988052
93e5f3858d44e1d57e923fb9efc136efbf14e9f3be3aaff97a963744dfd08c69,2025-08-21T20:15:32.282000+00:00,kaspa:prvuxdlmvlyhgvygc0u3ls08flxk8lfs287g0kjhhk5npxw58hh9gscytxqe6,kaspa:qrkqwj6tzag3kldenlnmr3d3t7kmr6sxxe3anvszect2qeq5ykgpyxwata7yu,3.0
162c6a8d11ed1b52e20b61935e4b9b52a1ec65be390417d12195aa3ee4be1875,2025-08-21T20:15:30.374000+00:00,kaspa:qrkqwj6tzag3kldenlnmr3d3t7kmr6sxxe3anvszect2qeq5ykgpyxwata7yu,kaspa:prvuxdlmvlyhgvygc0u3ls08flxk8lfs287g0kjhhk5npxw58hh9gscytxqe6,4.0
162c6a8d11ed1b52e20b61935e4b9b52a1ec65be390417d12195aa3ee4be1875,2025-08-21T20:15:30.374000+00:00,kaspa:qrkqwj6tzag3kldenlnmr3d3t7kmr6sxxe3anvszect2qeq5ykgpyxwata7yu,kaspa:qrkqwj6tzag3kldenlnmr3d3t7kmr6sxxe3anvszect2qeq5ykgpyxwata7yu,40.20757636
cdec3a646b56c84f3401646ad6f3165fa7f1765a9bfc1ce39ab565cc3a991272,2025-08-21T20:15:27.177000+00:00,kaspa:prvuxdlmvlyhgvygc0u3ls08flxk8lfs287g0kjhhk5npxw58hh9gscytxqe6,kaspa:qrkqwj6tzag3kldenlnmr3d3t7kmr6sxxe3anvszect2qeq5ykgpyxwata7yu,3.0
6eb4d9cda29fa3e9b7283a43cdc8cced979214dca468c85ad75245fd4f3d85a6,2025-08-21T20:15:24.161000+00:00,kaspa:qrkqwj6tzag3kldenlnmr3d3t7kmr6sxxe3anvszect2qeq5ykgpyxwata7yu,kaspa:prvuxdlmvlyhgvygc0u3ls08flxk8lfs287g0kjhhk5npxw58hh9gscytxqe6,4.0
6eb4d9cda29fa3e9b7283a43cdc8cced979214dca468c85ad75245fd4f3d85a6,2025-08-21T20:15:24.161000+00:00,kaspa:qrkqwj6tzag3kldenlnmr3d3t7kmr6sxxe3anvszect2qeq5ykgpyxwata7yu,kaspa:qrkqwj6tzag3kldenlnmr3d3t7kmr6sxxe3anvszect2qeq5ykgpyxwata7yu,0.99992335
8ce987d8cc74a6d6bb910edcf6de75a441033d68ca74ed06d1d77ec8dfff8e6f,2025-08-21T20:15:15.601000+00:00,kaspa:prvuxdlmvlyhgvygc0u3ls08flxk8lfs287g0kjhhk5npxw58hh9gscytxqe6,kaspa:qrkqwj6tzag3kldenlnmr3d3t7kmr6sxxe3anvszect2qeq5ykgpyxwata7yu,3.0
e89393563cab493d17caa91aefac46ca77d54651dab2d096ec2a781a565c645e,2025-08-21T20:15:13.392000+00:00,kaspa:qrkqwj6tzag3kldenlnmr3d3t7kmr6sxxe3anvszect2qeq5ykgpyxwata7yu,kaspa:prvuxdlmvlyhgvygc0u3ls08flxk8lfs287g0kjhhk5npxw58hh9gscytxqe6,4.0
e89393563cab493d17caa91aefac46ca77d54651dab2d096ec2a781a565c645e,2025-08-21T20:15:13.392000+00:00,kaspa:qrkqwj6tzag3kldenlnmr3d3t7kmr6sxxe3anvszect2qeq5ykgpyxwata7yu,kaspa:qrkqwj6tzag3kldenlnmr3d3t7kmr6sxxe3anvszect2qeq5ykgpyxwata7yu,41.20760801
efc2d13e5bac94f64c21a6fa3a761d8d254e538b59dd93f26ba2b930dc91af6e,2025-08-21T20:15:09.144000+00:00,kaspa:prvuxdlmvlyhgvygc0u3ls08flxk8lfs287g0kjhhk5npxw58hh9gscytxqe6,kaspa:qrkqwj6tzag3kldenlnmr3d3t7kmr6sxxe3anvszect2qeq5ykgpyxwata7yu,3.0
a31004178fee5e59d6922a782021d10f50234eba3ca99aceafd32196638eb3b9,2025-08-21T20:15:07.281000+00:00,kaspa:qrkqwj6tzag3kldenlnmr3d3t7kmr6sxxe3anvszect2qeq5ykgpyxwata7yu,kaspa:prvuxdlmvlyhgvygc0u3ls08flxk8lfs287g0kjhhk5npxw58hh9gscytxqe6,4.0
a31004178fee5e59d6922a782021d10f50234eba3ca99aceafd32196638eb3b9,2025-08-21T20:15:07.281000+00:00,kaspa:qrkqwj6tzag3kldenlnmr3d3t7kmr6sxxe3anvszect2qeq5ykgpyxwata7yu,kaspa:qrkqwj6tzag3kldenlnmr3d3t7kmr6sxxe3anvszect2qeq5ykgpyxwata7yu,1.99996835
08a000f7628d962a023f5a4dd4cb32b7d664e760b669da985c646d457eaf0bc2,2025-08-21T20:14:43.230000+00:00,kaspa:prvuxdlmvlyhgvygc0u3ls08flxk8lfs287g0kjhhk5npxw58hh9gscytxqe6,kaspa:qrkqwj6tzag3kldenlnmr3d3t7kmr6sxxe3anvszect2qeq5ykgpyxwata7yu,3.0
4719778b4ff784bcc7721894cc6ea02f6c02592d867f54e1df766cafa4feda3c,2025-08-21T20:14:40.302000+00:00,kaspa:qrkqwj6tzag3kldenlnmr3d3t7kmr6sxxe3anvszect2qeq5ykgpyxwata7yu,kaspa:prvuxdlmvlyhgvygc0u3ls08flxk8lfs287g0kjhhk5npxw58hh9gscytxqe6,4.0
4719778b4ff784bcc7721894cc6ea02f6c02592d867f54e1df766cafa4feda3c,2025-08-21T20:14:40.302000+00:00,kaspa:qrkqwj6tzag3kldenlnmr3d3t7kmr6sxxe3anvszect2qeq5ykgpyxwata7yu,kaspa:qrkqwj6tzag3kldenlnmr3d3t7kmr6sxxe3anvszect2qeq5ykgpyxwata7yu,45.20763322
fc740e21dc4990a0762090e4e9cdaf0b2d12dafb3debccc9f724ca89457148c0,2025-08-21T20:14:27.574000+00:00,kaspa:prvuxdlmvlyhgvygc0u3ls08flxk8lfs287g0kjhhk5npxw58hh9gscytxqe6,kaspa:qrkqwj6tzag3kldenlnmr3d3t7kmr6sxxe3anvszect2qeq5ykgpyxwata7yu,3.0
ccbb348eefdc0dc85cb58d5412cbc26824dffb250d92ca63f5ceda334cbc5975,2025-08-21T20:14:24.854000+00:00,kaspa:qrkqwj6tzag3kldenlnmr3d3t7kmr6sxxe3anvszect2qeq5ykgpyxwata7yu,kaspa:prvuxdlmvlyhgvygc0u3ls08flxk8lfs287g0kjhhk5npxw58hh9gscytxqe6,4.0
ccbb348eefdc0dc85cb58d5412cbc26824dffb250d92ca63f5ceda334cbc5975,2025-08-21T20:14:24.854000+00:00,kaspa:qrkqwj6tzag3kldenlnmr3d3t7kmr6sxxe3anvszect2qeq5ykgpyxwata7yu,kaspa:qrkqwj6tzag3kldenlnmr3d3t7kmr6sxxe3anvszect2qeq5ykgpyxwata7yu,49.2076584
04426cda6b11439cf0bfd3aff9f3c4b787d3ec8bfa90e6bf4f449347bb162b83,2025-08-21T20:13:59+00:00,kaspa:qyp53gdx5khethyw5250yud09004l72uhgcvklqv7jyjt92r9htammgqtqqgrcy,kaspa:qrkqwj6tzag3kldenlnmr3d3t7kmr6sxxe3anvszect2qeq5ykgpyxwata7yu,50.0
8fe0b56470f46d5754c6972b14c544647b5f68a32f4b54b699af4681280f0a9a,2025-08-21T19:56:52.718000+00:00,kaspa:prvuxdlmvlyhgvygc0u3ls08flxk8lfs287g0kjhhk5npxw58hh9gscytxqe6,kaspa:qrkqwj6tzag3kldenlnmr3d3t7kmr6sxxe3anvszect2qeq5ykgpyxwata7yu,3.0
de73120ed88d75d5e5f9ab259e42a24c286c5b69431d39fcf5d5aec78aee6c79,2025-08-21T19:56:50.525000+00:00,kaspa:qrkqwj6tzag3kldenlnmr3d3t7kmr6sxxe3anvszect2qeq5ykgpyxwata7yu,kaspa:prvuxdlmvlyhgvygc0u3ls08flxk8lfs287g0kjhhk5npxw58hh9gscytxqe6,4.0
de73120ed88d75d5e5f9ab259e42a24c286c5b69431d39fcf5d5aec78aee6c79,2025-08-21T19:56:50.525000+00:00,kaspa:qrkqwj6tzag3kldenlnmr3d3t7kmr6sxxe3anvszect2qeq5ykgpyxwata7yu,kaspa:qrkqwj6tzag3kldenlnmr3d3t7kmr6sxxe3anvszect2qeq5ykgpyxwata7yu,0.20770123
ac5b724c5f203f3f66d18e0798889f4af45fb09a192bb6ca3e044f5419de5c1e,2025-08-21T19:56:24.967000+00:00,kaspa:prvuxdlmvlyhgvygc0u3ls08flxk8lfs287g0kjhhk5npxw58hh9gscytxqe6,kaspa:qrkqwj6tzag3kldenlnmr3d3t7kmr6sxxe3anvszect2qeq5ykgpyxwata7yu,3.0
4030737bc3bf73082fd38c16a84ebb8174b5a344835711b4227beda12dbcafee,2025-08-21T19:56:22.812000+00:00,kaspa:qrkqwj6tzag3kldenlnmr3d3t7kmr6sxxe3anvszect2qeq5ykgpyxwata7yu,kaspa:prvuxdlmvlyhgvygc0u3ls08flxk8lfs287g0kjhhk5npxw58hh9gscytxqe6,4.0
4030737bc3bf73082fd38c16a84ebb8174b5a344835711b4227beda12dbcafee,2025-08-21T19:56:22.812000+00:00,kaspa:qrkqwj6tzag3kldenlnmr3d3t7kmr6sxxe3anvszect2qeq5ykgpyxwata7yu,kaspa:qrkqwj6tzag3kldenlnmr3d3t7kmr6sxxe3anvszect2qeq5ykgpyxwata7yu,1.2081117
76a43b49c9d0a6a434f68c5ae6d4926eaacd0f393770de0f667f12b4109be98f,2025-08-21T19:55:57.062000+00:00,kaspa:prvuxdlmvlyhgvygc0u3ls08flxk8lfs287g0kjhhk5npxw58hh9gscytxqe6,kaspa:qrkqwj6tzag3kldenlnmr3d3t7kmr6sxxe3anvszect2qeq5ykgpyxwata7yu,3.0
0cd2943e7924d257a735901faca138eb022cdf6d1c78ec31231a24346c07b2c6,2025-08-21T19:55:53.952000+00:00,kaspa:qrkqwj6tzag3kldenlnmr3d3t7kmr6sxxe3anvszect2qeq5ykgpyxwata7yu,kaspa:prvuxdlmvlyhgvygc0u3ls08flxk8lfs287g0kjhhk5npxw58hh9gscytxqe6,4.0
0cd2943e7924d257a735901faca138eb022cdf6d1c78ec31231a24346c07b2c6,2025-08-21T19:55:53.952000+00:00,kaspa:qrkqwj6tzag3kldenlnmr3d3t7kmr6sxxe3anvszect2qeq5ykgpyxwata7yu,kaspa:qrkqwj6tzag3kldenlnmr3d3t7kmr6sxxe3anvszect2qeq5ykgpyxwata7yu,2.20814335
fcc7d4643bf2a34d638aa0b9a64c0da213bde45594c719ef7aea3af2525962d3,2025-08-21T19:55:38.624000+00:00,kaspa:prvuxdlmvlyhgvygc0u3ls08flxk8lfs287g0kjhhk5npxw58hh9gscytxqe6,kaspa:qrkqwj6tzag3kldenlnmr3d3t7kmr6sxxe3anvszect2qeq5ykgpyxwata7yu,3.0
c438c5f1c447c648ed6f054feebf2ca9ee79fb91b13932c69dbc7a52d6cff10e,2025-08-21T19:55:37.040000+00:00,kaspa:qrkqwj6tzag3kldenlnmr3d3t7kmr6sxxe3anvszect2qeq5ykgpyxwata7yu,kaspa:prvuxdlmvlyhgvygc0u3ls08flxk8lfs287g0kjhhk5npxw58hh9gscytxqe6,4.0
c438c5f1c447c648ed6f054feebf2ca9ee79fb91b13932c69dbc7a52d6cff10e,2025-08-21T19:55:37.040000+00:00,kaspa:qrkqwj6tzag3kldenlnmr3d3t7kmr6sxxe3anvszect2qeq5ykgpyxwata7yu,kaspa:qrkqwj6tzag3kldenlnmr3d3t7kmr6sxxe3anvszect2qeq5ykgpyxwata7yu,3.208175
55c409e82df0f9de5bb78b8879484df1606c516ee691f6f7140c9dbfada3294d,2025-08-21T19:55:01.165000+00:00,kaspa:prvuxdlmvlyhgvygc0u3ls08flxk8lfs287g0kjhhk5npxw58hh9gscytxqe6,kaspa:qrkqwj6tzag3kldenlnmr3d3t7kmr6sxxe3anvszect2qeq5ykgpyxwata7yu,3.0
e778065fc9d5f339a03dfec5cb469492251f237fe578b3da5055787c473a8794,2025-08-21T19:54:59.565000+00:00,kaspa:qrkqwj6tzag3kldenlnmr3d3t7kmr6sxxe3anvszect2qeq5ykgpyxwata7yu,kaspa:prvuxdlmvlyhgvygc0u3ls08flxk8lfs287g0kjhhk5npxw58hh9gscytxqe6,4.0
e778065fc9d5f339a03dfec5cb469492251f237fe578b3da5055787c473a8794,2025-08-21T19:54:59.565000+00:00,kaspa:qrkqwj6tzag3kldenlnmr3d3t7kmr6sxxe3anvszect2qeq5ykgpyxwata7yu,kaspa:qrkqwj6tzag3kldenlnmr3d3t7kmr6sxxe3anvszect2qeq5ykgpyxwata7yu,4.20820665
3ea0a40a402d9093f2bbaab208661ddaa4b399cf0fc0970478502f5c853712be,2025-07-23T06:24:34.730000+00:00,kaspa:pqhe74ewq33zk65a60ttcvtrd4ultkqsefrrk0ryhvpdc58784m4q43m2qfpt,kaspa:qrkqwj6tzag3kldenlnmr3d3t7kmr6sxxe3anvszect2qeq5ykgpyxwata7yu,3.0
aa6748775c49376d28bdcf6faf21f609fceaeb510f5d72e97030b663d13ecf1a,2025-07-23T06:24:31.987000+00:00,kaspa:qrkqwj6tzag3kldenlnmr3d3t7kmr6sxxe3anvszect2qeq5ykgpyxwata7yu,kaspa:pqhe74ewq33zk65a60ttcvtrd4ultkqsefrrk0ryhvpdc58784m4q43m2qfpt,3.0001
aa6748775c49376d28bdcf6faf21f609fceaeb510f5d72e97030b663d13ecf1a,2025-07-23T06:24:31.987000+00:00,kaspa:qrkqwj6tzag3kldenlnmr3d3t7kmr6sxxe3anvszect2qeq5ykgpyxwata7yu,kaspa:qrkqwj6tzag3kldenlnmr3d3t7kmr6sxxe3anvszect2qeq5ykgpyxwata7yu,5.2082383
3fb65f7e6914bf007e2787aa4b297ad0dd1516db01894e2682a078412e4e3441,2025-07-23T06:24:06.155000+00:00,kaspa:prnur5lqmf26tddmgaqeexarahxffw7mhgkpr2faq950zkdxa93vk94eqwykx,kaspa:qrkqwj6tzag3kldenlnmr3d3t7kmr6sxxe3anvszect2qeq5ykgpyxwata7yu,3.0
f1cec9d61535beca336c0628ae36274c717763c0d5326c6944a440be3234c122,2025-07-23T06:24:03.231000+00:00,kaspa:qrkqwj6tzag3kldenlnmr3d3t7kmr6sxxe3anvszect2qeq5ykgpyxwata7yu,kaspa:prnur5lqmf26tddmgaqeexarahxffw7mhgkpr2faq950zkdxa93vk94eqwykx,3.0001
f1cec9d61535beca336c0628ae36274c717763c0d5326c6944a440be3234c122,2025-07-23T06:24:03.231000+00:00,kaspa:qrkqwj6tzag3kldenlnmr3d3t7kmr6sxxe3anvszect2qeq5ykgpyxwata7yu,kaspa:qrkqwj6tzag3kldenlnmr3d3t7kmr6sxxe3anvszect2qeq5ykgpyxwata7yu,5.20836995
2511d01916b25822d248dc0a45b182fc0703bdadf1619b7868deccd33e75e598,2025-07-23T06:23:35.134000+00:00,kaspa:pqygg59fetsllaaprkg7n2fy4rqc4xer9mlqnp998tw772yj0edz7l6atpprj,kaspa:qrkqwj6tzag3kldenlnmr3d3t7kmr6sxxe3anvszect2qeq5ykgpyxwata7yu,3.0
6387b0a1b66c6f49f61293ab60f23079d2a3120e7692c347bb111244113c57aa,2025-07-23T06:21:32.464000+00:00,kaspa:qrkqwj6tzag3kldenlnmr3d3t7kmr6sxxe3anvszect2qeq5ykgpyxwata7yu,kaspa:pqygg59fetsllaaprkg7n2fy4rqc4xer9mlqnp998tw772yj0edz7l6atpprj,3.0001
6387b0a1b66c6f49f61293ab60f23079d2a3120e7692c347bb111244113c57aa,2025-07-23T06:21:32.464000+00:00,kaspa:qrkqwj6tzag3kldenlnmr3d3t7kmr6sxxe3anvszect2qeq5ykgpyxwata7yu,kaspa:qrkqwj6tzag3kldenlnmr3d3t7kmr6sxxe3anvszect2qeq5ykgpyxwata7yu,5.2085016
da1cb3852466da6d9641a0e8643ca342b5e54342e91c3487f627806d4e375b1a,2025-07-23T06:17:45.780000+00:00,kaspa:pzurtvkarz6wux3fsctu9ah4c9g8hu2a3vlq3ts20q57j5tkcztkxq4jyzzyz,kaspa:qrkqwj6tzag3kldenlnmr3d3t7kmr6sxxe3anvszect2qeq5ykgpyxwata7yu,3.0
8486a6f7f0c47e98055b74dfaa226cb7031e5fa948513984000fa2bee72e4991,2025-07-23T06:17:43.368000+00:00,kaspa:qrkqwj6tzag3kldenlnmr3d3t7kmr6sxxe3anvszect2qeq5ykgpyxwata7yu,kaspa:pzurtvkarz6wux3fsctu9ah4c9g8hu2a3vlq3ts20q57j5tkcztkxq4jyzzyz,3.0001
8486a6f7f0c47e98055b74dfaa226cb7031e5fa948513984000fa2bee72e4991,2025-07-23T06:17:43.368000+00:00,kaspa:qrkqwj6tzag3kldenlnmr3d3t7kmr6sxxe3anvszect2qeq5ykgpyxwata7yu,kaspa:qrkqwj6tzag3kldenlnmr3d3t7kmr6sxxe3anvszect2qeq5ykgpyxwata7yu,5.20863325
d9a2767212f9869228de3ac3b4f29f039906e2749c70842314ad432fb7d8df56,2025-07-23T06:17:17.891000+00:00,kaspa:pppr07n6j0drfwr2wndcvlqewc9gnm88wtd2aan5xmpy7qrfuresg3dmnxwe3,kaspa:qrkqwj6tzag3kldenlnmr3d3t7kmr6sxxe3anvszect2qeq5ykgpyxwata7yu,3.0
1fd460d9149a9c29eeb5bb94627124159177e672b1a9b006603a641c36bbf75f,2025-07-23T06:17:14.671000+00:00,kaspa:qrkqwj6tzag3kldenlnmr3d3t7kmr6sxxe3anvszect2qeq5ykgpyxwata7yu,kaspa:pppr07n6j0drfwr2wndcvlqewc9gnm88wtd2aan5xmpy7qrfuresg3dmnxwe3,3.0001
1fd460d9149a9c29eeb5bb94627124159177e672b1a9b006603a641c36bbf75f,2025-07-23T06:17:14.671000+00:00,kaspa:qrkqwj6tzag3kldenlnmr3d3t7kmr6sxxe3anvszect2qeq5ykgpyxwata7yu,kaspa:qrkqwj6tzag3kldenlnmr3d3t7kmr6sxxe3anvszect2qeq5ykgpyxwata7yu,5.2087649
355527765e77f4d29564e09368c4d7845a3309169fa6b183ae4d69c3adc1062c,2025-07-23T06:16:39.124000+00:00,kaspa:pzk4c4thes09dgjze2deprlhzkxdqq53n7fmn0eqtkch27nq0ye2j7x7x8t09,kaspa:qrkqwj6tzag3kldenlnmr3d3t7kmr6sxxe3anvszect2qeq5ykgpyxwata7yu,3.0
9649f308e24609a314a7f655e148cd6b85232b2805eda10f43091144c4f0ee8e,2025-07-23T06:16:36.654000+00:00,kaspa:qrkqwj6tzag3kldenlnmr3d3t7kmr6sxxe3anvszect2qeq5ykgpyxwata7yu,kaspa:pzk4c4thes09dgjze2deprlhzkxdqq53n7fmn0eqtkch27nq0ye2j7x7x8t09,3.0001
9649f308e24609a314a7f655e148cd6b85232b2805eda10f43091144c4f0ee8e,2025-07-23T06:16:36.654000+00:00,kaspa:qrkqwj6tzag3kldenlnmr3d3t7kmr6sxxe3anvszect2qeq5ykgpyxwata7yu,kaspa:qrkqwj6tzag3kldenlnmr3d3t7kmr6sxxe3anvszect2qeq5ykgpyxwata7yu,5.20889655
bb01d2b3f1941dcabb6b6282481b8b8b95fb74c1665d1cf84f27b95d17c83128,2025-07-03T07:45:05.072000+00:00,kaspa:qrkqwj6tzag3kldenlnmr3d3t7kmr6sxxe3anvszect2qeq5ykgpyxwata7yu,kaspa:qyp53gdx5khethyw5250yud09004l72uhgcvklqv7jyjt92r9htammgqtqqgrcy,1000.0
bb01d2b3f1941dcabb6b6282481b8b8b95fb74c1665d1cf84f27b95d17c83128,2025-07-03T07:45:05.072000+00:00,kaspa:qrkqwj6tzag3kldenlnmr3d3t7kmr6sxxe3anvszect2qeq5ykgpyxwata7yu,kaspa:qrkqwj6tzag3kldenlnmr3d3t7kmr6sxxe3anvszect2qeq5ykgpyxwata7yu,8.20903689
6c004710195aaf5285294200692c6fed04c7b8fb15a92a9892fe1d37c78db283,2025-06-08T14:34:59.669000+00:00,kaspa:qrkqwj6tzag3kldenlnmr3d3t7kmr6sxxe3anvszect2qeq5ykgpyxwata7yu,kaspa:qqwyemuqyz0m7ne9tff559adnufwsea86ecpgm4ksr7e6mefwytx58adqh6w3,2377.3098779658735
6c004710195aaf5285294200692c6fed04c7b8fb15a92a9892fe1d37c78db283,2025-06-08T14:34:59.669000+00:00,kaspa:pzjcf2g45fncvhhhf8kv92adfly5nuvnuumhdlzj5h38uvyr4n60us4067lzz,kaspa:qrkqwj6tzag3kldenlnmr3d3t7kmr6sxxe3anvszect2qeq5ykgpyxwata7yu,0.29263000324961136
6c004710195aaf5285294200692c6fed04c7b8fb15a92a9892fe1d37c78db283,2025-06-08T14:34:59.669000+00:00,kaspa:qrkqwj6tzag3kldenlnmr3d3t7kmr6sxxe3anvszect2qeq5ykgpyxwata7yu,kaspa:qrkqwj6tzag3kldenlnmr3d3t7kmr6sxxe3anvszect2qeq5ykgpyxwata7yu,1007.9164273567503
6c004710195aaf5285294200692c6fed04c7b8fb15a92a9892fe1d37c78db283,2025-06-08T14:34:59.669000+00:00,kaspa:qrkqwj6tzag3kldenlnmr3d3t7kmr6sxxe3anvszect2qeq5ykgpyxwata7yu,kaspa:qypljgtgz5qscwlnq2k4edra5wsu4t9nef79ge24anpmn94xtlc26qg69nj9plm,59.40775205145583
a7716589344edfd9faf4cc52442e9548df4e3646b28edd9afe2aac6eec8f2985,2025-06-07T00:55:01.238000+00:00,kaspa:qyp53gdx5khethyw5250yud09004l72uhgcvklqv7jyjt92r9htammgqtqqgrcy,kaspa:qrkqwj6tzag3kldenlnmr3d3t7kmr6sxxe3anvszect2qeq5ykgpyxwata7yu,3310.0
cfe50ed79cdd34370af811d2b357b3a85b0feb3799cc689b67b7e0856e27a803,2025-05-30T10:15:34.364000+00:00,kaspa:qrkqwj6tzag3kldenlnmr3d3t7kmr6sxxe3anvszect2qeq5ykgpyxwata7yu,kaspa:qzaglyv3qfr2t7jrprfvs432fheqwjz08m7jmn8808ln8czdgqsqw9mn6x5tl,544.2138349114751
cfe50ed79cdd34370af811d2b357b3a85b0feb3799cc689b67b7e0856e27a803,2025-05-30T10:15:34.364000+00:00,kaspa:pznqy4u998e6j7ra40x3659wxdve3cj6r2fshdjnt4x85m0xghq7ug5hfs0ta,kaspa:qrkqwj6tzag3kldenlnmr3d3t7kmr6sxxe3anvszect2qeq5ykgpyxwata7yu,0.19421620072647547
cfe50ed79cdd34370af811d2b357b3a85b0feb3799cc689b67b7e0856e27a803,2025-05-30T10:15:34.364000+00:00,kaspa:qrkqwj6tzag3kldenlnmr3d3t7kmr6sxxe3anvszect2qeq5ykgpyxwata7yu,kaspa:qrkqwj6tzag3kldenlnmr3d3t7kmr6sxxe3anvszect2qeq5ykgpyxwata7yu,134.43988966927353
cfe50ed79cdd34370af811d2b357b3a85b0feb3799cc689b67b7e0856e27a803,2025-05-30T10:15:34.364000+00:00,kaspa:qrkqwj6tzag3kldenlnmr3d3t7kmr6sxxe3anvszect2qeq5ykgpyxwata7yu,kaspa:qypljgtgz5qscwlnq2k4edra5wsu4t9nef79ge24anpmn94xtlc26qg69nj9plm,13.580381343101648
462fd3f82da48aedf5672fd600478bb18a74b535addce7e427844ae6e1b87b1f,2025-05-30T10:15:27.786000+00:00,kaspa:qrkqwj6tzag3kldenlnmr3d3t7kmr6sxxe3anvszect2qeq5ykgpyxwata7yu,kaspa:qqwyemuqyz0m7ne9tff559adnufwsea86ecpgm4ksr7e6mefwytx58adqh6w3,540.5661157038427
462fd3f82da48aedf5672fd600478bb18a74b535addce7e427844ae6e1b87b1f,2025-05-30T10:15:27.786000+00:00,kaspa:prkxnu3tecdhwrs609uj4aqelvwv322dsltr92nledhcr6j66au5xxzw2vxcg,kaspa:qrkqwj6tzag3kldenlnmr3d3t7kmr6sxxe3anvszect2qeq5ykgpyxwata7yu,0.5552864378870258
462fd3f82da48aedf5672fd600478bb18a74b535addce7e427844ae6e1b87b1f,2025-05-30T10:15:27.786000+00:00,kaspa:qrkqwj6tzag3kldenlnmr3d3t7kmr6sxxe3anvszect2qeq5ykgpyxwata7yu,kaspa:qrkqwj6tzag3kldenlnmr3d3t7kmr6sxxe3anvszect2qeq5ykgpyxwata7yu,691.6788567621129
462fd3f82da48aedf5672fd600478bb18a74b535addce7e427844ae6e1b87b1f,2025-05-30T10:15:27.786000+00:00,kaspa:qrkqwj6tzag3kldenlnmr3d3t7kmr6sxxe3anvszect2qeq5ykgpyxwata7yu,kaspa:qypljgtgz5qscwlnq2k4edra5wsu4t9nef79ge24anpmn94xtlc26qg69nj9plm,13.48917076398916
75442c2926fe7f7a99e95f9796647eed5774da34edcdd62749dc4f62a0ddfc89,2025-05-30T10:15:20.705000+00:00,kaspa:qrkqwj6tzag3kldenlnmr3d3t7kmr6sxxe3anvszect2qeq5ykgpyxwata7yu,kaspa:qpd68zp7zgn75au2590jhwt6a69dmlel9g89m2s0z79vscvu8gx4gwue3gfpu,538.7002990846615
75442c2926fe7f7a99e95f9796647eed5774da34edcdd62749dc4f62a0ddfc89,2025-05-30T10:15:20.705000+00:00,kaspa:ppwmz254qp9k49ur2na0jfxmfvl2wa4ejtwrtn554muzpd3astsp6ceeslrk5,kaspa:qrkqwj6tzag3kldenlnmr3d3t7kmr6sxxe3anvszect2qeq5ykgpyxwata7yu,0.6928188060039521
75442c2926fe7f7a99e95f9796647eed5774da34edcdd62749dc4f62a0ddfc89,2025-05-30T10:15:20.705000+00:00,kaspa:qrkqwj6tzag3kldenlnmr3d3t7kmr6sxxe3anvszect2qeq5ykgpyxwata7yu,kaspa:qrkqwj6tzag3kldenlnmr3d3t7kmr6sxxe3anvszect2qeq5ykgpyxwata7yu,1245.041361723996
75442c2926fe7f7a99e95f9796647eed5774da34edcdd62749dc4f62a0ddfc89,2025-05-30T10:15:20.705000+00:00,kaspa:qrkqwj6tzag3kldenlnmr3d3t7kmr6sxxe3anvszect2qeq5ykgpyxwata7yu,kaspa:qypljgtgz5qscwlnq2k4edra5wsu4t9nef79ge24anpmn94xtlc26qg69nj9plm,13.442519742103576
72adbb1513055a9bca2e528edf2198f48f7065a265480afe927a8cfd054635b5,2025-05-30T10:07:34.872000+00:00,kaspa:qrkqwj6tzag3kldenlnmr3d3t7kmr6sxxe3anvszect2qeq5ykgpyxwata7yu,kaspa:qpd68zp7zgn75au2590jhwt6a69dmlel9g89m2s0z79vscvu8gx4gwue3gfpu,5200.27037581424
72adbb1513055a9bca2e528edf2198f48f7065a265480afe927a8cfd054635b5,2025-05-30T10:07:34.872000+00:00,kaspa:ppwmz254qp9k49ur2na0jfxmfvl2wa4ejtwrtn554muzpd3astsp6ceeslrk5,kaspa:qrkqwj6tzag3kldenlnmr3d3t7kmr6sxxe3anvszect2qeq5ykgpyxwata7yu,0.2521373534875841
72adbb1513055a9bca2e528edf2198f48f7065a265480afe927a8cfd054635b5,2025-05-30T10:07:34.872000+00:00,kaspa:qrkqwj6tzag3kldenlnmr3d3t7kmr6sxxe3anvszect2qeq5ykgpyxwata7yu,kaspa:qrkqwj6tzag3kldenlnmr3d3t7kmr6sxxe3anvszect2qeq5ykgpyxwata7yu,1796.9320805065124
72adbb1513055a9bca2e528edf2198f48f7065a265480afe927a8cfd054635b5,2025-05-30T10:07:34.872000+00:00,kaspa:qrkqwj6tzag3kldenlnmr3d3t7kmr6sxxe3anvszect2qeq5ykgpyxwata7yu,kaspa:qypljgtgz5qscwlnq2k4edra5wsu4t9nef79ge24anpmn94xtlc26qg69nj9plm,129.9817615491903
51a9a2eb1dd1e13587165672e67f927033e3cf227916537fe04dc170424fe5ad,2025-05-29T03:47:14.281000+00:00,kaspa:qyp53gdx5khethyw5250yud09004l72uhgcvklqv7jyjt92r9htammgqtqqgrcy,kaspa:qrkqwj6tzag3kldenlnmr3d3t7kmr6sxxe3anvszect2qeq5ykgpyxwata7yu,7000.0
5796990200c59d2a37e312566706d715facec929a8195d62bc27613e5bac1152,2025-05-19T12:09:44.794000+00:00,kaspa:qr7vrlhgekw9efxgfq09ca3wqcxlslgxndcpk77pguu2usaa9aa27lhuunewj,kaspa:qrkqwj6tzag3kldenlnmr3d3t7kmr6sxxe3anvszect2qeq5ykgpyxwata7yu,50.38218082
aca9b16058d8894fe696f7c82c9a8deb35a87d33ad5da036c789423554aeb7b5,2025-04-29T02:16:38.555000+00:00,kaspa:pz48ux4xuf7skqd89dql9786p79dmryzmadlp2sn67f04dkk0vphwnvz3trwg,kaspa:qrkqwj6tzag3kldenlnmr3d3t7kmr6sxxe3anvszect2qeq5ykgpyxwata7yu,2.99987901
875d8f7a6507a0dc5b5b31f57a059de3d771a6625e5ff6de17439da38c89167d,2025-04-29T02:16:34.395000+00:00,kaspa:qrkqwj6tzag3kldenlnmr3d3t7kmr6sxxe3anvszect2qeq5ykgpyxwata7yu,kaspa:pz48ux4xuf7skqd89dql9786p79dmryzmadlp2sn67f04dkk0vphwnvz3trwg,4.05
875d8f7a6507a0dc5b5b31f57a059de3d771a6625e5ff6de17439da38c89167d,2025-04-29T02:16:34.395000+00:00,kaspa:qrkqwj6tzag3kldenlnmr3d3t7kmr6sxxe3anvszect2qeq5ykgpyxwata7yu,kaspa:qrkqwj6tzag3kldenlnmr3d3t7kmr6sxxe3anvszect2qeq5ykgpyxwata7yu,73.8022289
53166afc418cbedc4787467d8388fa5bea5ff8181c2ab1c6e3164cbc2d44fd61,2025-04-29T02:15:40.120000+00:00,kaspa:pprakyqdkyy5w0mv6wvfrd0h52rh0xgfpntq40w4u2wtskmjje7jwdar6mytr,kaspa:qrkqwj6tzag3kldenlnmr3d3t7kmr6sxxe3anvszect2qeq5ykgpyxwata7yu,2.99983499
e0fff71284e376484b99ddfd20386c379bdb83499e4174976c129c799c6dd61c,2025-04-29T02:15:33.687000+00:00,kaspa:qrkqwj6tzag3kldenlnmr3d3t7kmr6sxxe3anvszect2qeq5ykgpyxwata7yu,kaspa:pprakyqdkyy5w0mv6wvfrd0h52rh0xgfpntq40w4u2wtskmjje7jwdar6mytr,38.875
e0fff71284e376484b99ddfd20386c379bdb83499e4174976c129c799c6dd61c,2025-04-29T02:15:33.687000+00:00,kaspa:qrkqwj6tzag3kldenlnmr3d3t7kmr6sxxe3anvszect2qeq5ykgpyxwata7yu,kaspa:qrkqwj6tzag3kldenlnmr3d3t7kmr6sxxe3anvszect2qeq5ykgpyxwata7yu,74.85242556
d6d97504f16f54d01a953c83125acda2d5b2c76b510cb9e84788a28df873450f,2025-04-11T13:01:03.183000+00:00,kaspa:qr9fqcxp9xjprsm9sv7apy6qc0ja2p676m9gf9fkcww2qmaw4npxzllh7lrw0,kaspa:qrkqwj6tzag3kldenlnmr3d3t7kmr6sxxe3anvszect2qeq5ykgpyxwata7yu,100.0
4ac29be8e4434effc78f267c99b88449d5d570c99046fdc49c8005f94c19ba05,2025-04-11T03:12:55.626000+00:00,kaspa:pqvjfgpjr5a9lxyl5el8tnuu0le7m24ukyxcyu0p8vhqp6k00ul6swznyst27,kaspa:qrkqwj6tzag3kldenlnmr3d3t7kmr6sxxe3anvszect2qeq5ykgpyxwata7yu,2.99987901
0b5f5ea71fd9abc1ac6226eceaf0bc6715289d1ab62684081028741c10180cc9,2025-04-11T03:12:51.120000+00:00,kaspa:qrkqwj6tzag3kldenlnmr3d3t7kmr6sxxe3anvszect2qeq5ykgpyxwata7yu,kaspa:pqvjfgpjr5a9lxyl5el8tnuu0le7m24ukyxcyu0p8vhqp6k00ul6swznyst27,4.05
0b5f5ea71fd9abc1ac6226eceaf0bc6715289d1ab62684081028741c10180cc9,2025-04-11T03:12:51.120000+00:00,kaspa:qrkqwj6tzag3kldenlnmr3d3t7kmr6sxxe3anvszect2qeq5ykgpyxwata7yu,kaspa:qrkqwj6tzag3kldenlnmr3d3t7kmr6sxxe3anvszect2qeq5ykgpyxwata7yu,10.72758938
76caae3e61762041ca327017b973e7f14f1a2c112e295a85d134094472397a08,2025-04-11T03:11:45.697000+00:00,kaspa:pqfn63tuvg7vrt2wmyhjmjf34wpslqm8f60a5fu5f9ywh0n2ssd97hrejgkuq,kaspa:qrkqwj6tzag3kldenlnmr3d3t7kmr6sxxe3anvszect2qeq5ykgpyxwata7yu,2.99987901
9a42f1e09f9f216d5e587593a101eda7d7032501f77289d8cd585bb56e8dd937,2025-04-11T03:11:40.324000+00:00,kaspa:qrkqwj6tzag3kldenlnmr3d3t7kmr6sxxe3anvszect2qeq5ykgpyxwata7yu,kaspa:pqfn63tuvg7vrt2wmyhjmjf34wpslqm8f60a5fu5f9ywh0n2ssd97hrejgkuq,4.05
9a42f1e09f9f216d5e587593a101eda7d7032501f77289d8cd585bb56e8dd937,2025-04-11T03:11:40.324000+00:00,kaspa:qrkqwj6tzag3kldenlnmr3d3t7kmr6sxxe3anvszect2qeq5ykgpyxwata7yu,kaspa:qrkqwj6tzag3kldenlnmr3d3t7kmr6sxxe3anvszect2qeq5ykgpyxwata7yu,11.77774202
f27c95375228e1983b6d8cccdcb9a2738502a0e37593d9f38cd92c68bc808014,2025-04-11T03:10:35.349000+00:00,kaspa:pqy8vusxa90llzye0g6qessr2r2wxuduh7tu9flalzz6rn32e56wcadqnlja2,kaspa:qrkqwj6tzag3kldenlnmr3d3t7kmr6sxxe3anvszect2qeq5ykgpyxwata7yu,2.99987901
d51e44d9adb103b1771a0517079b628e87c905194ca145c1b85349b564993db1,2025-04-11T03:10:32.186000+00:00,kaspa:qrkqwj6tzag3kldenlnmr3d3t7kmr6sxxe3anvszect2qeq5ykgpyxwata7yu,kaspa:pqy8vusxa90llzye0g6qessr2r2wxuduh7tu9flalzz6rn32e56wcadqnlja2,4.05
d51e44d9adb103b1771a0517079b628e87c905194ca145c1b85349b564993db1,2025-04-11T03:10:32.186000+00:00,kaspa:qrkqwj6tzag3kldenlnmr3d3t7kmr6sxxe3anvszect2qeq5ykgpyxwata7yu,kaspa:qrkqwj6tzag3kldenlnmr3d3t7kmr6sxxe3anvszect2qeq5ykgpyxwata7yu,12.82789466
60e8ad1cd1b2c5dc4bbc42f7c23765b403b293da56b51107912823ff1b2736dd,2025-03-16T12:03:36.008000+00:00,kaspa:qrkqwj6tzag3kldenlnmr3d3t7kmr6sxxe3anvszect2qeq5ykgpyxwata7yu,kaspa:qyp53gdx5khethyw5250yud09004l72uhgcvklqv7jyjt92r9htammgqtqqgrcy,14440.0
60e8ad1cd1b2c5dc4bbc42f7c23765b403b293da56b51107912823ff1b2736dd,2025-03-16T12:03:36.008000+00:00,kaspa:qrkqwj6tzag3kldenlnmr3d3t7kmr6sxxe3anvszect2qeq5ykgpyxwata7yu,kaspa:qrkqwj6tzag3kldenlnmr3d3t7kmr6sxxe3anvszect2qeq5ykgpyxwata7yu,16.87792122
b6033be8d14d3f8f51b69a4f1af285f82be6fe108a1fe564f84df03278022499,2025-03-16T07:01:53.566000+00:00,kaspa:pqmkxwdykj6ccfc2xjupg2xc6zknvsgg9c4u80ueuhujw4dlucmhz2j89yxlt,kaspa:qrkqwj6tzag3kldenlnmr3d3t7kmr6sxxe3anvszect2qeq5ykgpyxwata7yu,14437.5
9cb4734a7dfb1764654c2422011caf3820662759faaaae233dec88a3dcf7f8a2,2025-03-05T00:32:35.402000+00:00,kaspa:pp8wfuyyc2dpeddlaskpqa6kme2rvk0cslxl8u9cd9nwcr3md3ktumda3ftmf,kaspa:qrkqwj6tzag3kldenlnmr3d3t7kmr6sxxe3anvszect2qeq5ykgpyxwata7yu,2.99996664
3b6c91930b10c9c9ce823fae6034a646fde412c087436a319100eb9f1b27f25a,2025-03-05T00:32:30.170000+00:00,kaspa:qrkqwj6tzag3kldenlnmr3d3t7kmr6sxxe3anvszect2qeq5ykgpyxwata7yu,kaspa:pp8wfuyyc2dpeddlaskpqa6kme2rvk0cslxl8u9cd9nwcr3md3ktumda3ftmf,3.0
3b6c91930b10c9c9ce823fae6034a646fde412c087436a319100eb9f1b27f25a,2025-03-05T00:32:30.170000+00:00,kaspa:qrkqwj6tzag3kldenlnmr3d3t7kmr6sxxe3anvszect2qeq5ykgpyxwata7yu,kaspa:qrkqwj6tzag3kldenlnmr3d3t7kmr6sxxe3anvszect2qeq5ykgpyxwata7yu,16.37799741
fb29a7fd5d1f34bb1418f2770cd9ba92ced6eebd2300617ae5a59bd8a5d23f51,2025-03-02T15:02:45.478000+00:00,kaspa:pqqp4twuq27f6eqnkm9nhhlq0jd8km4awxe43w9z3kw7nugpgfjvv7nptmpdr,kaspa:qrkqwj6tzag3kldenlnmr3d3t7kmr6sxxe3anvszect2qeq5ykgpyxwata7yu,4.99992695
ed9fa01c707c7f97f4330a6bc4c9e4b8a12e7d323471787315231c33be5c1256,2025-03-02T15:02:29.348000+00:00,kaspa:qrkqwj6tzag3kldenlnmr3d3t7kmr6sxxe3anvszect2qeq5ykgpyxwata7yu,kaspa:qzl9qv27c4lh6kfvxt4ymjx9sj2f3pfa28whu4utrf253jn23vrxucqk33uf7,5.0
ed9fa01c707c7f97f4330a6bc4c9e4b8a12e7d323471787315231c33be5c1256,2025-03-02T15:02:29.348000+00:00,kaspa:qrkqwj6tzag3kldenlnmr3d3t7kmr6sxxe3anvszect2qeq5ykgpyxwata7yu,kaspa:qrkqwj6tzag3kldenlnmr3d3t7kmr6sxxe3anvszect2qeq5ykgpyxwata7yu,14.37810211
2a4de9a6eb3cc35aae31f289acbd46eb7aa8f97d54b98f0b45bad0a33a075e70,2025-03-02T04:26:21.719000+00:00,kaspa:pqhrfz5vgh5szs2a50uxkqp9f0xmla8q3539wgacwg5rde7epredxk9pu0fh5,kaspa:qrkqwj6tzag3kldenlnmr3d3t7kmr6sxxe3anvszect2qeq5ykgpyxwata7yu,2.99996664
a235b280061d7747b27c4cfe08549b7d2dd7763ca9e7137b2c6d6552e88ba472,2025-03-02T04:26:19.198000+00:00,kaspa:qrkqwj6tzag3kldenlnmr3d3t7kmr6sxxe3anvszect2qeq5ykgpyxwata7yu,kaspa:pqhrfz5vgh5szs2a50uxkqp9f0xmla8q3539wgacwg5rde7epredxk9pu0fh5,3.0
a235b280061d7747b27c4cfe08549b7d2dd7763ca9e7137b2c6d6552e88ba472,2025-03-02T04:26:19.198000+00:00,kaspa:qrkqwj6tzag3kldenlnmr3d3t7kmr6sxxe3anvszect2qeq5ykgpyxwata7yu,kaspa:qrkqwj6tzag3kldenlnmr3d3t7kmr6sxxe3anvszect2qeq5ykgpyxwata7yu,16.37816701
504600bb972dfab005c6fc208645b4a90b68523d0763bea6f4eb39dc7bd0957b,2025-02-19T16:20:41.847000+00:00,kaspa:pq8ctwrz5ruew5j9886nqaqxj0ydxuzxf3kkwz0zx0chma3fshzvzpj8n7r84,kaspa:qrkqwj6tzag3kldenlnmr3d3t7kmr6sxxe3anvszect2qeq5ykgpyxwata7yu,2.99983499
6baf3fed908bec8c7b54e511457bd0b6664b0260e31fc718f418e653eaa16c13,2025-02-19T16:20:39.248000+00:00,kaspa:qrkqwj6tzag3kldenlnmr3d3t7kmr6sxxe3anvszect2qeq5ykgpyxwata7yu,kaspa:pq8ctwrz5ruew5j9886nqaqxj0ydxuzxf3kkwz0zx0chma3fshzvzpj8n7r84,38.875
6baf3fed908bec8c7b54e511457bd0b6664b0260e31fc718f418e653eaa16c13,2025-02-19T16:20:39.248000+00:00,kaspa:qrkqwj6tzag3kldenlnmr3d3t7kmr6sxxe3anvszect2qeq5ykgpyxwata7yu,kaspa:qrkqwj6tzag3kldenlnmr3d3t7kmr6sxxe3anvszect2qeq5ykgpyxwata7yu,16.37836367
00eefd0ecdb5491c728abca34334d9b99be0f292e79910a55f08839cd9a2fa37,2025-02-19T16:15:46.838000+00:00,kaspa:prwhr9uv9cyrc2d4js57rcy802h9mva3cvxnypnrl5hwkueeautc7x8lkfuw5,kaspa:qrkqwj6tzag3kldenlnmr3d3t7kmr6sxxe3anvszect2qeq5ykgpyxwata7yu,2.99983499
b44eddd5f713794c60dca4106960040567b5a2e809a691e0df91dd15b5444665,2025-02-19T16:15:43.188000+00:00,kaspa:qrkqwj6tzag3kldenlnmr3d3t7kmr6sxxe3anvszect2qeq5ykgpyxwata7yu,kaspa:prwhr9uv9cyrc2d4js57rcy802h9mva3cvxnypnrl5hwkueeautc7x8lkfuw5,38.875
b44eddd5f713794c60dca4106960040567b5a2e809a691e0df91dd15b5444665,2025-02-19T16:15:43.188000+00:00,kaspa:qrkqwj6tzag3kldenlnmr3d3t7kmr6sxxe3anvszect2qeq5ykgpyxwata7yu,kaspa:qrkqwj6tzag3kldenlnmr3d3t7kmr6sxxe3anvszect2qeq5ykgpyxwata7yu,52.25356033
0eb89fefb92654994320dfe8135421887614cd725bae5a48953aadcd5030242d,2025-02-19T16:02:28.923000+00:00,kaspa:pqca87t3d8y4v0t2dvz9uj9yrht6wa4jlwq3fcnz2hcn5yd3a88lgn49hfmxj,kaspa:qrkqwj6tzag3kldenlnmr3d3t7kmr6sxxe3anvszect2qeq5ykgpyxwata7yu,2.99983499
4df9e791a572503d6a2e525efcae60f8906a0b1d47785892a8e02cc71b66151c,2025-02-19T16:02:26.272000+00:00,kaspa:qrkqwj6tzag3kldenlnmr3d3t7kmr6sxxe3anvszect2qeq5ykgpyxwata7yu,kaspa:pqca87t3d8y4v0t2dvz9uj9yrht6wa4jlwq3fcnz2hcn5yd3a88lgn49hfmxj,38.875
4df9e791a572503d6a2e525efcae60f8906a0b1d47785892a8e02cc71b66151c,2025-02-19T16:02:26.272000+00:00,kaspa:qrkqwj6tzag3kldenlnmr3d3t7kmr6sxxe3anvszect2qeq5ykgpyxwata7yu,kaspa:qrkqwj6tzag3kldenlnmr3d3t7kmr6sxxe3anvszect2qeq5ykgpyxwata7yu,88.12875699
c200690888d9c35931444527458edb33474b6a8d7560f89ffd3f7b9c9daa6de6,2025-02-19T16:01:52.112000+00:00,kaspa:qr7vrlhgekw9efxgfq09ca3wqcxlslgxndcpk77pguu2usaa9aa27lhuunewj,kaspa:qrkqwj6tzag3kldenlnmr3d3t7kmr6sxxe3anvszect2qeq5ykgpyxwata7yu,122.10702275
1e51f902df4eaad779e406749e26954f106e42af687887cc832a7f8e10035091,2025-02-05T07:02:08.733000+00:00,kaspa:qrkqwj6tzag3kldenlnmr3d3t7kmr6sxxe3anvszect2qeq5ykgpyxwata7yu,kaspa:qrkqwj6tzag3kldenlnmr3d3t7kmr6sxxe3anvszect2qeq5ykgpyxwata7yu,4.89676589
5491e0a07eb1bd095e8f386afcef01bdff3d8fdc3b098eeb5138e420794d53cb,2025-02-03T22:36:08.457000+00:00,kaspa:pqnqesfa3qwgqj2p5v8fsf6h3yazkmhweaqe0psgknwqqw6s6flkwgmdl6d7g,kaspa:qrkqwj6tzag3kldenlnmr3d3t7kmr6sxxe3anvszect2qeq5ykgpyxwata7yu,2.99987455
02d76556c22c53afc5ed007330099fe376a6dbdcdf6c23abc04154983b958cd9,2025-02-03T22:36:03.132000+00:00,kaspa:qrkqwj6tzag3kldenlnmr3d3t7kmr6sxxe3anvszect2qeq5ykgpyxwata7yu,kaspa:pqnqesfa3qwgqj2p5v8fsf6h3yazkmhweaqe0psgknwqqw6s6flkwgmdl6d7g,4.0
02d76556c22c53afc5ed007330099fe376a6dbdcdf6c23abc04154983b958cd9,2025-02-03T22:36:03.132000+00:00,kaspa:qrkqwj6tzag3kldenlnmr3d3t7kmr6sxxe3anvszect2qeq5ykgpyxwata7yu,kaspa:qrkqwj6tzag3kldenlnmr3d3t7kmr6sxxe3anvszect2qeq5ykgpyxwata7yu,1.89691876
c8f350444a6e5efaec01761153c9e8048d4a01c2bb6332e9cf0c60cce419482f,2025-02-03T22:35:18.239000+00:00,kaspa:pzgthgxtrw82nhs0f637mxlp5u2f37sfde5jf54h43yv7hkdf9l0kczrfayms,kaspa:qrkqwj6tzag3kldenlnmr3d3t7kmr6sxxe3anvszect2qeq5ykgpyxwata7yu,2.99987455
1b5b55255c1f90aa604ba44fc2968f63185cd25ba792adb9eaf647423fbf65a0,2025-02-03T22:35:14.789000+00:00,kaspa:qrkqwj6tzag3kldenlnmr3d3t7kmr6sxxe3anvszect2qeq5ykgpyxwata7yu,kaspa:pzgthgxtrw82nhs0f637mxlp5u2f37sfde5jf54h43yv7hkdf9l0kczrfayms,4.0
1b5b55255c1f90aa604ba44fc2968f63185cd25ba792adb9eaf647423fbf65a0,2025-02-03T22:35:14.789000+00:00,kaspa:qrkqwj6tzag3kldenlnmr3d3t7kmr6sxxe3anvszect2qeq5ykgpyxwata7yu,kaspa:qrkqwj6tzag3kldenlnmr3d3t7kmr6sxxe3anvszect2qeq5ykgpyxwata7yu,2.89707586
cf26ad364a4085f661cfc8512e9974b5befb32f6af5b6d8770b185ab63574872,2025-01-03T17:42:34.799000+00:00,kaspa:qrkqwj6tzag3kldenlnmr3d3t7kmr6sxxe3anvszect2qeq5ykgpyxwata7yu,kaspa:qpgmt2dn8wcqf0436n0kueap7yx82n7raurlj6aqjc3t3wm9y5ssqtg9e4lsm,42.0
cf26ad364a4085f661cfc8512e9974b5befb32f6af5b6d8770b185ab63574872,2025-01-03T17:42:34.799000+00:00,kaspa:qrkqwj6tzag3kldenlnmr3d3t7kmr6sxxe3anvszect2qeq5ykgpyxwata7yu,kaspa:qrkqwj6tzag3kldenlnmr3d3t7kmr6sxxe3anvszect2qeq5ykgpyxwata7yu,6.89712088
5b82f5435f90e22468a1980d4faa2409abe5d32cd335a441086fef51cd88dfe6,2024-12-13T07:54:20.455000+00:00,kaspa:qrkqwj6tzag3kldenlnmr3d3t7kmr6sxxe3anvszect2qeq5ykgpyxwata7yu,kaspa:qpgmt2dn8wcqf0436n0kueap7yx82n7raurlj6aqjc3t3wm9y5ssqtg9e4lsm,350.0
5b82f5435f90e22468a1980d4faa2409abe5d32cd335a441086fef51cd88dfe6,2024-12-13T07:54:20.455000+00:00,kaspa:qrkqwj6tzag3kldenlnmr3d3t7kmr6sxxe3anvszect2qeq5ykgpyxwata7yu,kaspa:qrkqwj6tzag3kldenlnmr3d3t7kmr6sxxe3anvszect2qeq5ykgpyxwata7yu,48.89714124
11ca643c22ef2d294f708521276f1aaef01d8f0dcb124a5f316797e30b7b1162,2024-12-13T07:51:07.746000+00:00,kaspa:qr7vrlhgekw9efxgfq09ca3wqcxlslgxndcpk77pguu2usaa9aa27lhuunewj,kaspa:qrkqwj6tzag3kldenlnmr3d3t7kmr6sxxe3anvszect2qeq5ykgpyxwata7yu,379.80717278
40214f1e652fce28d4161b63704a72d10c9ee4b530b206c0649b56c903f14ee8,2024-12-13T07:48:11.130000+00:00,kaspa:qrrj8c8y44vhewj5jk9lva9eham4ec7u8tlles6dn5q74w9dhxvgup6kk42mj,kaspa:qrkqwj6tzag3kldenlnmr3d3t7kmr6sxxe3anvszect2qeq5ykgpyxwata7yu,19.09
596c43e7a6b538e7685b7dde43baae20f2d0c1e4a7ab0560cf08a04f3bc5d9ce,2024-12-13T07:45:51.445000+00:00,kaspa:qrkqwj6tzag3kldenlnmr3d3t7kmr6sxxe3anvszect2qeq5ykgpyxwata7yu,kaspa:qrrj8c8y44vhewj5jk9lva9eham4ec7u8tlles6dn5q74w9dhxvgup6kk42mj,19.11998376
d6001deefed3716d8fb817138d3bb9a574d196f12ddeaa379eeea91c01268ac9,2024-12-13T07:44:04.058000+00:00,kaspa:qrrj8c8y44vhewj5jk9lva9eham4ec7u8tlles6dn5q74w9dhxvgup6kk42mj,kaspa:qrkqwj6tzag3kldenlnmr3d3t7kmr6sxxe3anvszect2qeq5ykgpyxwata7yu,19.12
