tx_id,timestamp,sender,recipient,amount_kas
db2d5f02af36405c49abd7bacd6b2ef29062989f8a36d3aa9d7cc046bcfd2143,2025-09-02T19:33:23.736000+00:00,kaspa:pqu40z6le3emcdh4ctttlqj7unwu09l6rggwlgp6r4aevdnl9uk6s58jtqws4,kaspa:qq5x0cka3ku08sp3tfcffeznvhyfxzrwkpj8pqhs2sllwgzva7ej2j8tpa4ty,5.0
c5fc16ca63058a52006bcca298dfc25a6868f1490caf0df68af5d99164117734,2025-09-02T19:33:20.723000+00:00,kaspa:qq5x0cka3ku08sp3tfcffeznvhyfxzrwkpj8pqhs2sllwgzva7ej2j8tpa4ty,kaspa:qzevspanchhj28gw0keqnt49cfzcr3xpg2fq5cs3evzneuulxt862a68spm7r,145.00009
c5fc16ca63058a52006bcca298dfc25a6868f1490caf0df68af5d99164117734,2025-09-02T19:33:20.723000+00:00,kaspa:qq5x0cka3ku08sp3tfcffeznvhyfxzrwkpj8pqhs2sllwgzva7ej2j8tpa4ty,kaspa:qq5x0cka3ku08sp3tfcffeznvhyfxzrwkpj8pqhs2sllwgzva7ej2j8tpa4ty,85.9987335
f32e1e575520ad65d2ff6ad51218883a271656d28e7608f1d1bdf159ec77c164,2025-09-02T19:33:04.331000+00:00,kaspa:pzv0df0a5f5m08qj9av52kwthqqzan5hctgqjl7c2p6pjlwqhtr3un4cwf04k,kaspa:qq5x0cka3ku08sp3tfcffeznvhyfxzrwkpj8pqhs2sllwgzva7ej2j8tpa4ty,5.0
ad64756ab4f2553b1aba234a39035805ec8e5b28ae42fefbce5cad7a2ed45003,2025-09-02T19:33:02+00:00,kaspa:qq5x0cka3ku08sp3tfcffeznvhyfxzrwkpj8pqhs2sllwgzva7ej2j8tpa4ty,kaspa:qr4n228s5a0zkzxy0k4tw80c3ewheqr6777jptgnyn3lmxmscd6wqs47z4d3a,701.00009
ad64756ab4f2553b1aba234a39035805ec8e5b28ae42fefbce5cad7a2ed45003,2025-09-02T19:33:02+00:00,kaspa:qq5x0cka3ku08sp3tfcffeznvhyfxzrwkpj8pqhs2sllwgzva7ej2j8tpa4ty,kaspa:qq5x0cka3ku08sp3tfcffeznvhyfxzrwkpj8pqhs2sllwgzva7ej2j8tpa4ty,225.99887081
f6ad7f441b5ddb97cb724cc43852434efd7fbec8f4f9f16d80c11a0885a93b2d,2025-09-02T19:32:37.674000+00:00,kaspa:pr3httytcfcs3qq05umkfc5ugvqqrf2xvpue33uuv0dz9ts9zytkj7v6le4am,kaspa:qq5x0cka3ku08sp3tfcffeznvhyfxzrwkpj8pqhs2sllwgzva7ej2j8tpa4ty,5.0
3896fca4720a50e67ba2c8728de8205c80e27b3ca1c7e46e85a0b21117745ada,2025-09-02T19:32:34.021000+00:00,kaspa:qq5x0cka3ku08sp3tfcffeznvhyfxzrwkpj8pqhs2sllwgzva7ej2j8tpa4ty,kaspa:qpxay24vzej2fe0cwfzmhf8mvd7mfyvn9regaucs28jdl3q3j24fqntr67ld5,350.00009
3896fca4720a50e67ba2c8728de8205c80e27b3ca1c7e46e85a0b21117745ada,2025-09-02T19:32:34.021000+00:00,kaspa:qq5x0cka3ku08sp3tfcffeznvhyfxzrwkpj8pqhs2sllwgzva7ej2j8tpa4ty,kaspa:qq5x0cka3ku08sp3tfcffeznvhyfxzrwkpj8pqhs2sllwgzva7ej2j8tpa4ty,921.99900812
ce5ad36f78594c3e78fa1c3cba8875d46f2c76cf0f7f308eb2941a771558cef5,2025-09-02T19:32:19.523000+00:00,kaspa:pqzfk6rucw6aa2h3hxj4xs7uytgz0qhcl39fzn6clenrtppp0chwud3ku0c04,kaspa:qq5x0cka3ku08sp3tfcffeznvhyfxzrwkpj8pqhs2sllwgzva7ej2j8tpa4ty,5.0
d409441136025be40a4c163854da6a58edf2e7725cb2673ce8ee854f9d61be94,2025-09-02T19:32:15.902000+00:00,kaspa:qq5x0cka3ku08sp3tfcffeznvhyfxzrwkpj8pqhs2sllwgzva7ej2j8tpa4ty,kaspa:qzrz9pwfhqzer8cqemss0rmjjk5qu29gpn93nl2ceg8qvwt9cf8mwzrp98sl6,685.00009
d409441136025be40a4c163854da6a58edf2e7725cb2673ce8ee854f9d61be94,2025-09-02T19:32:15.902000+00:00,kaspa:qq5x0cka3ku08sp3tfcffeznvhyfxzrwkpj8pqhs2sllwgzva7ej2j8tpa4ty,kaspa:qq5x0cka3ku08sp3tfcffeznvhyfxzrwkpj8pqhs2sllwgzva7ej2j8tpa4ty,1266.99914543
1094e4a2eb33a47d9ab7cf8f1731be32e547517d14bff50187249550aee1a19a,2025-09-02T19:32:01.542000+00:00,kaspa:pz0fvtrk5cfsy3qphzgrjcd34772ccj7285ursej8vft38chspmnq4aajplux,kaspa:qq5x0cka3ku08sp3tfcffeznvhyfxzrwkpj8pqhs2sllwgzva7ej2j8tpa4ty,5.0
c78b883a0c9fcf49f22d9b9c65695e1dce210f66d7df6958acdba6a4c1da2945,2025-09-02T19:31:58.030000+00:00,kaspa:qq5x0cka3ku08sp3tfcffeznvhyfxzrwkpj8pqhs2sllwgzva7ej2j8tpa4ty,kaspa:qzt0l70n4tdxwjt8ttjuruwx6l0za3tlw842hr2gcsf98l2d4nq8x2xu3cd0h,345.00009
c78b883a0c9fcf49f22d9b9c65695e1dce210f66d7df6958acdba6a4c1da2945,2025-09-02T19:31:58.030000+00:00,kaspa:qq5x0cka3ku08sp3tfcffeznvhyfxzrwkpj8pqhs2sllwgzva7ej2j8tpa4ty,kaspa:qq5x0cka3ku08sp3tfcffeznvhyfxzrwkpj8pqhs2sllwgzva7ej2j8tpa4ty,1946.99928274
f72ea63e5d86c7da268873d7852f05c954c377627e131c50a411aea4c5e49e05,2025-09-02T19:31:39.827000+00:00,kaspa:pz9pf356dvp9wz3dr839rd972au4gj67lmh5e0e5lxa7c3ve5nc6yxfteragy,kaspa:qq5x0cka3ku08sp3tfcffeznvhyfxzrwkpj8pqhs2sllwgzva7ej2j8tpa4ty,5.0
5f9d7e319ecbd155fea2645570af6032b7c3fcc0045eae35ee768badf19ccb44,2025-09-02T19:31:36.258000+00:00,kaspa:qq5x0cka3ku08sp3tfcffeznvhyfxzrwkpj8pqhs2sllwgzva7ej2j8tpa4ty,kaspa:qr3gfgqsys4jnfve6rscvezyhpe068wugt2a04uhzv09qmuz2yu86yftvxprq,685.00009
5f9d7e319ecbd155fea2645570af6032b7c3fcc0045eae35ee768badf19ccb44,2025-09-02T19:31:36.258000+00:00,kaspa:qq5x0cka3ku08sp3tfcffeznvhyfxzrwkpj8pqhs2sllwgzva7ej2j8tpa4ty,kaspa:qq5x0cka3ku08sp3tfcffeznvhyfxzrwkpj8pqhs2sllwgzva7ej2j8tpa4ty,2286.99942005
56630607e0a19ab7b38ba0b2457fdb8ec6d16901efd05a998bbea3dce4b9e394,2025-09-02T19:31:22.032000+00:00,kaspa:ppflgj7d4erna2l44cayu0v860r7j5e5ujzdfq7v5huy35xtkj94j226xngas,kaspa:qq5x0cka3ku08sp3tfcffeznvhyfxzrwkpj8pqhs2sllwgzva7ej2j8tpa4ty,5.0
b7f10e4e469d1cbd75e653f8c08d9c9a0e6179376ade62a9b52d7fe52cce1b3a,2025-09-02T19:31:18.135000+00:00,kaspa:qq5x0cka3ku08sp3tfcffeznvhyfxzrwkpj8pqhs2sllwgzva7ej2j8tpa4ty,kaspa:qqyyjp6srsj7qfzrxjc5se80zn2c02d04ccseuzt23p40yn66uvt5jr885qw2,1705.00009
b7f10e4e469d1cbd75e653f8c08d9c9a0e6179376ade62a9b52d7fe52cce1b3a,2025-09-02T19:31:18.135000+00:00,kaspa:qq5x0cka3ku08sp3tfcffeznvhyfxzrwkpj8pqhs2sllwgzva7ej2j8tpa4ty,kaspa:qq5x0cka3ku08sp3tfcffeznvhyfxzrwkpj8pqhs2sllwgzva7ej2j8tpa4ty,2966.99955736
caa6ae6fb75811aba266ab6f4d34d93bee22b9dc30e9f2997f5312c94267644e,2025-09-02T19:31:04.357000+00:00,kaspa:pz3hcems3e8zeqzs07v7ldca9ysselc95a43jnw59uc6gg5qs0ha52nvfs05m,kaspa:qq5x0cka3ku08sp3tfcffeznvhyfxzrwkpj8pqhs2sllwgzva7ej2j8tpa4ty,5.0
41c82ab2dd1ea36c385feed478f0e480e1bbb3a211afbbc318f6d0d1d07edf11,2025-09-02T19:31:00.888000+00:00,kaspa:qq5x0cka3ku08sp3tfcffeznvhyfxzrwkpj8pqhs2sllwgzva7ej2j8tpa4ty,kaspa:qq8ftew5wdehdgdzdp0y64rec5dhpqdr78uhpmz8v69z6q4k86ghcxj949quy,174.00009
41c82ab2dd1ea36c385feed478f0e480e1bbb3a211afbbc318f6d0d1d07edf11,2025-09-02T19:31:00.888000+00:00,kaspa:qq5x0cka3ku08sp3tfcffeznvhyfxzrwkpj8pqhs2sllwgzva7ej2j8tpa4ty,kaspa:qq5x0cka3ku08sp3tfcffeznvhyfxzrwkpj8pqhs2sllwgzva7ej2j8tpa4ty,4666.99969467
f1a73573b11468cc4b305fcaa31ef6734030bd1ffcf19392e3dadc02060609e0,2025-09-02T19:30:47.264000+00:00,kaspa:pp8fu88964ft5urqy8ylyrpam5h0jmara3tw5ms7tvuwufte906rccyhq85uh,kaspa:qq5x0cka3ku08sp3tfcffeznvhyfxzrwkpj8pqhs2sllwgzva7ej2j8tpa4ty,5.0
1fa92f63da8539e9364a792457edc04b78512db31cef55009bd26f9ab6040a0c,2025-09-02T19:30:44.617000+00:00,kaspa:qq5x0cka3ku08sp3tfcffeznvhyfxzrwkpj8pqhs2sllwgzva7ej2j8tpa4ty,kaspa:qqkrqrnv9hu45w0t0cvsl8updeeg6jydlzz89v6j2ht67laet03eqff5r6r48,174.00009
1fa92f63da8539e9364a792457edc04b78512db31cef55009bd26f9ab6040a0c,2025-09-02T19:30:44.617000+00:00,kaspa:qq5x0cka3ku08sp3tfcffeznvhyfxzrwkpj8pqhs2sllwgzva7ej2j8tpa4ty,kaspa:qq5x0cka3ku08sp3tfcffeznvhyfxzrwkpj8pqhs2sllwgzva7ej2j8tpa4ty,4835.99983198
c1f7d03df5700268feb85ac306f52300fe31a47004799da261d46740ceac3b90,2025-09-02T19:29:46.988000+00:00,kaspa:qp2l7awz34vd58gz7kx37puvssgyn3g6x993j898nv2qgncrt0dqscl757yk5,kaspa:qq5x0cka3ku08sp3tfcffeznvhyfxzrwkpj8pqhs2sllwgzva7ej2j8tpa4ty,2681.07243970017
c1f7d03df5700268feb85ac306f52300fe31a47004799da261d46740ceac3b90,2025-09-02T19:29:46.988000+00:00,kaspa:qztqvg6dxuxsv9hngaemajzq24gp9t3qd0uxpfnxehrk70zslggjsxqqu0w6z,kaspa:qq5x0cka3ku08sp3tfcffeznvhyfxzrwkpj8pqhs2sllwgzva7ej2j8tpa4ty,2318.9275602998305
c1f7d03df5700268feb85ac306f52300fe31a47004799da261d46740ceac3b90,2025-09-02T19:29:46.988000+00:00,kaspa:qp2l7awz34vd58gz7kx37puvssgyn3g6x993j898nv2qgncrt0dqscl757yk5,kaspa:qpwpp8pgf7lqaqrwkr3vk9fc73fdfs5wfh4jrp3dy70ddsex8zl059tnykvdk,24118.927453056935
c1f7d03df5700268feb85ac306f52300fe31a47004799da261d46740ceac3b90,2025-09-02T19:29:46.988000+00:00,kaspa:qztqvg6dxuxsv9hngaemajzq24gp9t3qd0uxpfnxehrk70zslggjsxqqu0w6z,kaspa:qpwpp8pgf7lqaqrwkr3vk9fc73fdfs5wfh4jrp3dy70ddsex8zl059tnykvdk,20861.07214694307
bb80005cab9b8f4b358f8ee81f858d0d89ffb62c8051ba3b87160e6b2f4ada40,2025-09-01T22:47:18.156000+00:00,kaspa:qq5x0cka3ku08sp3tfcffeznvhyfxzrwkpj8pqhs2sllwgzva7ej2j8tpa4ty,kaspa:pzwvkldat3mv752dry6u880g5j7vurrjgn3ac70mrekk44kj3gt55vh6f3dud,1000.0
bb80005cab9b8f4b358f8ee81f858d0d89ffb62c8051ba3b87160e6b2f4ada40,2025-09-01T22:47:18.156000+00:00,kaspa:qq5x0cka3ku08sp3tfcffeznvhyfxzrwkpj8pqhs2sllwgzva7ej2j8tpa4ty,kaspa:qq5x0cka3ku08sp3tfcffeznvhyfxzrwkpj8pqhs2sllwgzva7ej2j8tpa4ty,9.99996929
7c9641a96197564e187314c4cc72a3f15fa4a6a2d6f75b27f484224e037b131c,2025-09-01T22:43:48.170000+00:00,kaspa:qznc5j97rqy2y0htge5eclghclrltlrngejq9v4k6gm8rjzzld58vuqucg78k,kaspa:qq5x0cka3ku08sp3tfcffeznvhyfxzrwkpj8pqhs2sllwgzva7ej2j8tpa4ty,751.1326994625878
7c9641a96197564e187314c4cc72a3f15fa4a6a2d6f75b27f484224e037b131c,2025-09-01T22:43:48.170000+00:00,kaspa:qzeg9g9xmxretdw8rp0d8dnlv6znw9y7dgt0pthl9eu79udjdheuk6j4t7ey2,kaspa:qq5x0cka3ku08sp3tfcffeznvhyfxzrwkpj8pqhs2sllwgzva7ej2j8tpa4ty,258.8673005374121
7c9641a96197564e187314c4cc72a3f15fa4a6a2d6f75b27f484224e037b131c,2025-09-01T22:43:48.170000+00:00,kaspa:qznc5j97rqy2y0htge5eclghclrltlrngejq9v4k6gm8rjzzld58vuqucg78k,kaspa:qztqvg6dxuxsv9hngaemajzq24gp9t3qd0uxpfnxehrk70zslggjsxqqu0w6z,17238.867151798266
7c9641a96197564e187314c4cc72a3f15fa4a6a2d6f75b27f484224e037b131c,2025-09-01T22:43:48.170000+00:00,kaspa:qzeg9g9xmxretdw8rp0d8dnlv6znw9y7dgt0pthl9eu79udjdheuk6j4t7ey2,kaspa:qztqvg6dxuxsv9hngaemajzq24gp9t3qd0uxpfnxehrk70zslggjsxqqu0w6z,5941.132648201736
a18701afd5633c4e081aceadc4bd2a4bc93381ee40f00795c0fc505e9a42ac63,2025-08-29T14:35:49.664000+00:00,kaspa:qq5x0cka3ku08sp3tfcffeznvhyfxzrwkpj8pqhs2sllwgzva7ej2j8tpa4ty,kaspa:qpxcuxuh3nqermg6vw36hkg05f7nv7vjpfta99jtty2wutuxsz867l3ud34u9,504.98
22b07e9041890bb9bc8d7d292d419930c1576ac31f504eb3b2098f506351be1f,2025-08-29T12:01:58.031000+00:00,kaspa:qzzxm7ernjz55ngqxs4gae59tm2nfyz88u93u97qde8w00sl0l62xmq03x8v5,kaspa:qq5x0cka3ku08sp3tfcffeznvhyfxzrwkpj8pqhs2sllwgzva7ej2j8tpa4ty,505.0
22b07e9041890bb9bc8d7d292d419930c1576ac31f504eb3b2098f506351be1f,2025-08-29T12:01:58.031000+00:00,kaspa:qzzxm7ernjz55ngqxs4gae59tm2nfyz88u93u97qde8w00sl0l62xmq03x8v5,kaspa:qzzxm7ernjz55ngqxs4gae59tm2nfyz88u93u97qde8w00sl0l62xmq03x8v5,9604.00742922
1c52b2d7460ebd033e5fcfaacec09ae678a981fd142ee1df5fea69d8c56b4b99,2025-08-26T13:25:45.494000+00:00,kaspa:qq5x0cka3ku08sp3tfcffeznvhyfxzrwkpj8pqhs2sllwgzva7ej2j8tpa4ty,kaspa:qr5zugrhrmr9hv22fcesa344tch929a4ry24kf49pgv49qpuu8qzcd042rspr,558.98
be6e45c1d58afe3fe522e0037c59b5580b42ead1f346e0585c5f27b2a103c47a,2025-08-26T10:08:45.518000+00:00,kaspa:qzzxm7ernjz55ngqxs4gae59tm2nfyz88u93u97qde8w00sl0l62xmq03x8v5,kaspa:qq5x0cka3ku08sp3tfcffeznvhyfxzrwkpj8pqhs2sllwgzva7ej2j8tpa4ty,559.0
be6e45c1d58afe3fe522e0037c59b5580b42ead1f346e0585c5f27b2a103c47a,2025-08-26T10:08:45.518000+00:00,kaspa:qzzxm7ernjz55ngqxs4gae59tm2nfyz88u93u97qde8w00sl0l62xmq03x8v5,kaspa:qzzxm7ernjz55ngqxs4gae59tm2nfyz88u93u97qde8w00sl0l62xmq03x8v5,1484.00753761
41cd38ca7c2c426145d3c3fadfe37e32833a0a2111613569fa2544e8bd8aefa4,2025-08-23T23:11:41.618000+00:00,kaspa:qq5x0cka3ku08sp3tfcffeznvhyfxzrwkpj8pqhs2sllwgzva7ej2j8tpa4ty,kaspa:qr5zugrhrmr9hv22fcesa344tch929a4ry24kf49pgv49qpuu8qzcd042rspr,1135.98
a6402491433de6c51ee40cd533221bb19fe1a87e0de03834ce209d4bb645510e,2025-08-23T22:46:19.226000+00:00,kaspa:qzzxm7ernjz55ngqxs4gae59tm2nfyz88u93u97qde8w00sl0l62xmq03x8v5,kaspa:qq5x0cka3ku08sp3tfcffeznvhyfxzrwkpj8pqhs2sllwgzva7ej2j8tpa4ty,1136.0
a6402491433de6c51ee40cd533221bb19fe1a87e0de03834ce209d4bb645510e,2025-08-23T22:46:19.226000+00:00,kaspa:qzzxm7ernjz55ngqxs4gae59tm2nfyz88u93u97qde8w00sl0l62xmq03x8v5,kaspa:qzzxm7ernjz55ngqxs4gae59tm2nfyz88u93u97qde8w00sl0l62xmq03x8v5,6647.00765977
250b1128c3a957d8863e5875c88dd1587f8746fa4fc26a22f5fa08f203830977,2025-08-23T22:39:45.875000+00:00,kaspa:qq5x0cka3ku08sp3tfcffeznvhyfxzrwkpj8pqhs2sllwgzva7ej2j8tpa4ty,kaspa:qq3muxcwgfch49rqq577j72qqwxn8l4qpxw8sp0wzg0zgn4p67k7204w2wqut,1216.97
76a3b7292542c52c791284c36dc0ad160d774dd34c6be36492244869d22d1cd1,2025-08-23T21:22:44.667000+00:00,kaspa:pq40jcw5hqe4c86nqcut9k2gm5f7ezlf96cjwk4axjjn9u53cm5ws72ah55yt,kaspa:qq5x0cka3ku08sp3tfcffeznvhyfxzrwkpj8pqhs2sllwgzva7ej2j8tpa4ty,5.0
90fc82511f72c517ceb07a6634b3c3988745521a9906084df0d41e8d3c51bf12,2025-08-23T21:22:42.695000+00:00,kaspa:qq5x0cka3ku08sp3tfcffeznvhyfxzrwkpj8pqhs2sllwgzva7ej2j8tpa4ty,kaspa:pq40jcw5hqe4c86nqcut9k2gm5f7ezlf96cjwk4axjjn9u53cm5ws72ah55yt,5.00003
90fc82511f72c517ceb07a6634b3c3988745521a9906084df0d41e8d3c51bf12,2025-08-23T21:22:42.695000+00:00,kaspa:qq5x0cka3ku08sp3tfcffeznvhyfxzrwkpj8pqhs2sllwgzva7ej2j8tpa4ty,kaspa:qq5x0cka3ku08sp3tfcffeznvhyfxzrwkpj8pqhs2sllwgzva7ej2j8tpa4ty,1211.99938474
05545b5b5f82149c4477ea2eb21ed8097872e82d0167b875aab0c5c5d3ba1402,2025-08-23T17:10:02.364000+00:00,kaspa:ppseqvpjtequlzpqqqj7ymlmheul6nuy29wwuel8nvm58q9n3uklc2ywwypg7,kaspa:qq5x0cka3ku08sp3tfcffeznvhyfxzrwkpj8pqhs2sllwgzva7ej2j8tpa4ty,5.0
f4822c2318f1f5fcaea77e23eeabafdd4d3845a07abe66e6551e4f31041d5680,2025-08-23T17:10:01.020000+00:00,kaspa:qq5x0cka3ku08sp3tfcffeznvhyfxzrwkpj8pqhs2sllwgzva7ej2j8tpa4ty,kaspa:ppseqvpjtequlzpqqqj7ymlmheul6nuy29wwuel8nvm58q9n3uklc2ywwypg7,5.00003
f4822c2318f1f5fcaea77e23eeabafdd4d3845a07abe66e6551e4f31041d5680,2025-08-23T17:10:01.020000+00:00,kaspa:qq5x0cka3ku08sp3tfcffeznvhyfxzrwkpj8pqhs2sllwgzva7ej2j8tpa4ty,kaspa:qq5x0cka3ku08sp3tfcffeznvhyfxzrwkpj8pqhs2sllwgzva7ej2j8tpa4ty,1211.99946222
8f0678707278e9069cbc71ad67e1dd4d255560e8c8ebd65c7736589be8b7a272,2025-08-23T17:07:12.477000+00:00,kaspa:pqt3nq9ecmxsa3qnl77gjjp3t5a6gfh89dgd4huks3hu2dv29t34vq8ctnq3f,kaspa:qq5x0cka3ku08sp3tfcffeznvhyfxzrwkpj8pqhs2sllwgzva7ej2j8tpa4ty,5.0
d823e7b6f85afddbc8e89c8608b70addc4422bb78330f288c195488df01bf0cb,2025-08-23T17:07:08.676000+00:00,kaspa:qq5x0cka3ku08sp3tfcffeznvhyfxzrwkpj8pqhs2sllwgzva7ej2j8tpa4ty,kaspa:qzw0r3ypuhgwcp34kswu4wauvlmpkza84vp97ezmg3v8wqae4uhgw7cvt3str,5.00006
d823e7b6f85afddbc8e89c8608b70addc4422bb78330f288c195488df01bf0cb,2025-08-23T17:07:08.676000+00:00,kaspa:qq5x0cka3ku08sp3tfcffeznvhyfxzrwkpj8pqhs2sllwgzva7ej2j8tpa4ty,kaspa:qq5x0cka3ku08sp3tfcffeznvhyfxzrwkpj8pqhs2sllwgzva7ej2j8tpa4ty,1211.9995397
dcea6d65968111a1c4219339d714bf223abb9ca4ec51a456739e148a8e20be03,2025-08-23T15:47:00.418000+00:00,kaspa:prmj4azcy6ntdt89am8vhdeq5fztkk6dznskgze7pf3v0eltk4czx7qulmp7c,kaspa:qq5x0cka3ku08sp3tfcffeznvhyfxzrwkpj8pqhs2sllwgzva7ej2j8tpa4ty,5.0
14556e8c7ee3ade9cd11e4afcedc1c0e3ef4ebb78a4b7a80eb473a333bf33674,2025-08-23T15:46:58.967000+00:00,kaspa:qq5x0cka3ku08sp3tfcffeznvhyfxzrwkpj8pqhs2sllwgzva7ej2j8tpa4ty,kaspa:prmj4azcy6ntdt89am8vhdeq5fztkk6dznskgze7pf3v0eltk4czx7qulmp7c,5.00003
14556e8c7ee3ade9cd11e4afcedc1c0e3ef4ebb78a4b7a80eb473a333bf33674,2025-08-23T15:46:58.967000+00:00,kaspa:qq5x0cka3ku08sp3tfcffeznvhyfxzrwkpj8pqhs2sllwgzva7ej2j8tpa4ty,kaspa:qq5x0cka3ku08sp3tfcffeznvhyfxzrwkpj8pqhs2sllwgzva7ej2j8tpa4ty,1211.99964701
6bcbbced0eaaaa1d8460835834e7ff42b53c78e804d5af6e82272b24c38d7987,2025-08-22T17:59:15.157000+00:00,kaspa:ppn4s05s0030fruyarw3360xvu9260npdfju3yp4x20kzyvagvgtjc5wjzz73,kaspa:qq5x0cka3ku08sp3tfcffeznvhyfxzrwkpj8pqhs2sllwgzva7ej2j8tpa4ty,5.0
262d6c11cb18ecd0547d238aa571da049139e454f0a5e12e1640ea60f5f034a4,2025-08-22T17:59:13.368000+00:00,kaspa:qq5x0cka3ku08sp3tfcffeznvhyfxzrwkpj8pqhs2sllwgzva7ej2j8tpa4ty,kaspa:ppn4s05s0030fruyarw3360xvu9260npdfju3yp4x20kzyvagvgtjc5wjzz73,5.00003
262d6c11cb18ecd0547d238aa571da049139e454f0a5e12e1640ea60f5f034a4,2025-08-22T17:59:13.368000+00:00,kaspa:qq5x0cka3ku08sp3tfcffeznvhyfxzrwkpj8pqhs2sllwgzva7ej2j8tpa4ty,kaspa:qq5x0cka3ku08sp3tfcffeznvhyfxzrwkpj8pqhs2sllwgzva7ej2j8tpa4ty,1211.99972449
cbb328ae9ba5b27202d3f983975cc6d55fca84b9bc445a7f954a8ddd57c77529,2025-08-21T20:25:54.278000+00:00,kaspa:ppxpu8zwhq0rjk7neejgvqd56skf74jurlrfghedzrnamv7lcwngswgqnnc9g,kaspa:qq5x0cka3ku08sp3tfcffeznvhyfxzrwkpj8pqhs2sllwgzva7ej2j8tpa4ty,55.99997
d74ef34863435852eafded26d74d153fbcf0c69cea84969ca6ceff6476dd3bcb,2025-08-21T20:19:15.281000+00:00,kaspa:qq5x0cka3ku08sp3tfcffeznvhyfxzrwkpj8pqhs2sllwgzva7ej2j8tpa4ty,kaspa:ppxpu8zwhq0rjk7neejgvqd56skf74jurlrfghedzrnamv7lcwngswgqnnc9g,251.0
d74ef34863435852eafded26d74d153fbcf0c69cea84969ca6ceff6476dd3bcb,2025-08-21T20:19:15.281000+00:00,kaspa:qq5x0cka3ku08sp3tfcffeznvhyfxzrwkpj8pqhs2sllwgzva7ej2j8tpa4ty,kaspa:qqkm7pcztna2mm8vfymvqwmrwrudxc6fmh6s7lfc7w8yhlz6ywnkvqutw3m8l,25.0
d74ef34863435852eafded26d74d153fbcf0c69cea84969ca6ceff6476dd3bcb,2025-08-21T20:19:15.281000+00:00,kaspa:qq5x0cka3ku08sp3tfcffeznvhyfxzrwkpj8pqhs2sllwgzva7ej2j8tpa4ty,kaspa:qq5x0cka3ku08sp3tfcffeznvhyfxzrwkpj8pqhs2sllwgzva7ej2j8tpa4ty,1160.99983197
4ac68782e99c9be60402bcc934d2c67f063b02903d35b37993681f4615a9098c,2025-08-21T19:40:36.211000+00:00,kaspa:ppxpu8zwhq0rjk7neejgvqd56skf74jurlrfghedzrnamv7lcwngswgqnnc9g,kaspa:qq5x0cka3ku08sp3tfcffeznvhyfxzrwkpj8pqhs2sllwgzva7ej2j8tpa4ty,1137.99997
1a825d7061b1a9052ed6ff7e4a15ba49981ed6b70370050050ff64b8c441b471,2025-08-21T19:11:26.794000+00:00,kaspa:qq5x0cka3ku08sp3tfcffeznvhyfxzrwkpj8pqhs2sllwgzva7ej2j8tpa4ty,kaspa:ppxpu8zwhq0rjk7neejgvqd56skf74jurlrfghedzrnamv7lcwngswgqnnc9g,2001.0
1a825d7061b1a9052ed6ff7e4a15ba49981ed6b70370050050ff64b8c441b471,2025-08-21T19:11:26.794000+00:00,kaspa:qq5x0cka3ku08sp3tfcffeznvhyfxzrwkpj8pqhs2sllwgzva7ej2j8tpa4ty,kaspa:qqkm7pcztna2mm8vfymvqwmrwrudxc6fmh6s7lfc7w8yhlz6ywnkvqutw3m8l,200.0
1a825d7061b1a9052ed6ff7e4a15ba49981ed6b70370050050ff64b8c441b471,2025-08-21T19:11:26.794000+00:00,kaspa:qq5x0cka3ku08sp3tfcffeznvhyfxzrwkpj8pqhs2sllwgzva7ej2j8tpa4ty,kaspa:qq5x0cka3ku08sp3tfcffeznvhyfxzrwkpj8pqhs2sllwgzva7ej2j8tpa4ty,298.99991563
8d971ea380ae6e663cbdd4c88de514b21a456f216a73f3edf8c15e04fa9b287e,2025-08-21T19:01:09.046000+00:00,kaspa:qq5x0cka3ku08sp3tfcffeznvhyfxzrwkpj8pqhs2sllwgzva7ej2j8tpa4ty,kaspa:pzs4dtra0t497vf5p25wd85k3zzkn3r02sqv2vqn7u7wjeg632sus8qgvsce4,1000.0
8d971ea380ae6e663cbdd4c88de514b21a456f216a73f3edf8c15e04fa9b287e,2025-08-21T19:01:09.046000+00:00,kaspa:qq5x0cka3ku08sp3tfcffeznvhyfxzrwkpj8pqhs2sllwgzva7ej2j8tpa4ty,kaspa:qq5x0cka3ku08sp3tfcffeznvhyfxzrwkpj8pqhs2sllwgzva7ej2j8tpa4ty,2499.99995252
fa72aac94d1bcdcd5fbff481058d25aef3d633c9339ecfdb246ba9adbe585bfa,2025-08-21T18:59:40.520000+00:00,kaspa:qyplhscfpz2uldt47wyc55lvpftsxhtdw2nplgkerllh98kg6wk7gwqwnxs5z02,kaspa:qq5x0cka3ku08sp3tfcffeznvhyfxzrwkpj8pqhs2sllwgzva7ej2j8tpa4ty,2500.0
fa72aac94d1bcdcd5fbff481058d25aef3d633c9339ecfdb246ba9adbe585bfa,2025-08-21T18:59:40.520000+00:00,kaspa:qyplhscfpz2uldt47wyc55lvpftsxhtdw2nplgkerllh98kg6wk7gwqwnxs5z02,kaspa:qyplhscfpz2uldt47wyc55lvpftsxhtdw2nplgkerllh98kg6wk7gwqwnxs5z02,2668.46995904
6c97fac0b39873132c8c2cdfa2750eeb3ca4336527c30ebac1a08375fbbf3254,2025-08-21T18:58:49.605000+00:00,kaspa:qyplhscfpz2uldt47wyc55lvpftsxhtdw2nplgkerllh98kg6wk7gwqwnxs5z02,kaspa:qq5x0cka3ku08sp3tfcffeznvhyfxzrwkpj8pqhs2sllwgzva7ej2j8tpa4ty,1000.0
6c97fac0b39873132c8c2cdfa2750eeb3ca4336527c30ebac1a08375fbbf3254,2025-08-21T18:58:49.605000+00:00,kaspa:qyplhscfpz2uldt47wyc55lvpftsxhtdw2nplgkerllh98kg6wk7gwqwnxs5z02,kaspa:qyplhscfpz2uldt47wyc55lvpftsxhtdw2nplgkerllh98kg6wk7gwqwnxs5z02,5168.46997952
