tx_id,timestamp,sender,recipient,amount_kas
4ff07bf7fc53e5e078b9989c9ab1dfcc4a52a7450df346f15f5d4409bd37e51d,2025-08-21T20:42:26.221000+00:00,kaspa:pzphkhns5kc3da4pummf5u8udpctkprz8zgr32wkqe6eec5ft43uqukmr4rsm,kaspa:qz0n82x8g6xxx8zgeuww0mjvpuk8f5pat37jtv6l530ngfnatdht22xta48lw,5.0
eb0a949e7ab8f938f112ad8f6bfb31b1139dbdf0c6b48c71158c2c2b4465145a,2025-08-21T20:42:24.125000+00:00,kaspa:qz0n82x8g6xxx8zgeuww0mjvpuk8f5pat37jtv6l530ngfnatdht22xta48lw,kaspa:pzphkhns5kc3da4pummf5u8udpctkprz8zgr32wkqe6eec5ft43uqukmr4rsm,5.00003
eb0a949e7ab8f938f112ad8f6bfb31b1139dbdf0c6b48c71158c2c2b4465145a,2025-08-21T20:42:24.125000+00:00,kaspa:qz0n82x8g6xxx8zgeuww0mjvpuk8f5pat37jtv6l530ngfnatdht22xta48lw,kaspa:qz0n82x8g6xxx8zgeuww0mjvpuk8f5pat37jtv6l530ngfnatdht22xta48lw,2.99917059
7f4f06d3074e93d742d070a080fdf658e3877a5cf96109069b602071f6cc945d,2025-08-21T20:42:02.643000+00:00,kaspa:pr6l57ykx95z2e7j0q4fjn072tg5jtvafwq6kn8gcdeddu6yrdlfsj0dcy6gw,kaspa:qz0n82x8g6xxx8zgeuww0mjvpuk8f5pat37jtv6l530ngfnatdht22xta48lw,5.0
5d7c3ce6c592e1d55bb6cfd856cbcac90020076bd465f0049cdd6163eeb0146f,2025-08-21T20:42:00.578000+00:00,kaspa:qz0n82x8g6xxx8zgeuww0mjvpuk8f5pat37jtv6l530ngfnatdht22xta48lw,kaspa:qr7wmpddvd05egsj96lseuqsmlzxz2llmw5vl3a4a9hzvzf56vdcs49rfg2vn,5.00006
5d7c3ce6c592e1d55bb6cfd856cbcac90020076bd465f0049cdd6163eeb0146f,2025-08-21T20:42:00.578000+00:00,kaspa:qz0n82x8g6xxx8zgeuww0mjvpuk8f5pat37jtv6l530ngfnatdht22xta48lw,kaspa:qz0n82x8g6xxx8zgeuww0mjvpuk8f5pat37jtv6l530ngfnatdht22xta48lw,2.99924807
871a320206646635a1f1ed7aa2987cf09ca1caab193b65f7acee5f206c82ce05,2025-08-21T20:28:59.186000+00:00,kaspa:pp5hzq0uxu65hx38dhcp4j3esflxe9z7tzsdlx7yqsj0zzhgqjc77gncqjc9f,kaspa:qz0n82x8g6xxx8zgeuww0mjvpuk8f5pat37jtv6l530ngfnatdht22xta48lw,5.0
30bc4f0c1e4793b49fbb6d35976ea219008e14d68e45b2466ea179a3fd1f9858,2025-08-21T20:28:56.717000+00:00,kaspa:qz0n82x8g6xxx8zgeuww0mjvpuk8f5pat37jtv6l530ngfnatdht22xta48lw,kaspa:pp5hzq0uxu65hx38dhcp4j3esflxe9z7tzsdlx7yqsj0zzhgqjc77gncqjc9f,5.00003
30bc4f0c1e4793b49fbb6d35976ea219008e14d68e45b2466ea179a3fd1f9858,2025-08-21T20:28:56.717000+00:00,kaspa:qz0n82x8g6xxx8zgeuww0mjvpuk8f5pat37jtv6l530ngfnatdht22xta48lw,kaspa:qz0n82x8g6xxx8zgeuww0mjvpuk8f5pat37jtv6l530ngfnatdht22xta48lw,2.99935538
3b3e9948287ed5e7013fd20da82b4ab0f7e54a496587be09870141da119a168b,2025-08-21T20:28:26.418000+00:00,kaspa:pphxueggakkgu7u2s5pl5y22zewdwpgdnncwp29xne25l5zcklxh7a8wa527p,kaspa:qz0n82x8g6xxx8zgeuww0mjvpuk8f5pat37jtv6l530ngfnatdht22xta48lw,5.0
32892f15519ce06b76229e3acd9dea27ae3d129c683637f2b4377c8a5afc5f33,2025-08-21T20:28:23.088000+00:00,kaspa:qz0n82x8g6xxx8zgeuww0mjvpuk8f5pat37jtv6l530ngfnatdht22xta48lw,kaspa:qzzct0upql6cuclf52kzsyr3tu9p7ddvlan387lzxvw5nr0dr7vwvemqn89lf,5.00006
32892f15519ce06b76229e3acd9dea27ae3d129c683637f2b4377c8a5afc5f33,2025-08-21T20:28:23.088000+00:00,kaspa:qz0n82x8g6xxx8zgeuww0mjvpuk8f5pat37jtv6l530ngfnatdht22xta48lw,kaspa:qz0n82x8g6xxx8zgeuww0mjvpuk8f5pat37jtv6l530ngfnatdht22xta48lw,2.99943286
6a3fc9aeb9a22d4dca2868e539da3f098978a32357a9b6bd03c53ac21bb1ec75,2025-08-21T20:13:57.372000+00:00,kaspa:pz0p50njn2fnre6v746z2pmt3gn28u53xvv2y7zesvevypa3hcul6plahj8n7,kaspa:qz0n82x8g6xxx8zgeuww0mjvpuk8f5pat37jtv6l530ngfnatdht22xta48lw,5.0
08847bab7a2c7c30fc53c5d1b4a3e92f1b2a9d2c09a12a14313272dc31851586,2025-08-21T20:13:55.881000+00:00,kaspa:qz0n82x8g6xxx8zgeuww0mjvpuk8f5pat37jtv6l530ngfnatdht22xta48lw,kaspa:pz0p50njn2fnre6v746z2pmt3gn28u53xvv2y7zesvevypa3hcul6plahj8n7,5.00003
08847bab7a2c7c30fc53c5d1b4a3e92f1b2a9d2c09a12a14313272dc31851586,2025-08-21T20:13:55.881000+00:00,kaspa:qz0n82x8g6xxx8zgeuww0mjvpuk8f5pat37jtv6l530ngfnatdht22xta48lw,kaspa:qz0n82x8g6xxx8zgeuww0mjvpuk8f5pat37jtv6l530ngfnatdht22xta48lw,2.99954017
f451a788a51d24ae11776ee37148983e7cc3a54c4fa75d0c18ccb264b5b908bc,2025-08-21T20:08:24.944000+00:00,kaspa:qz0n82x8g6xxx8zgeuww0mjvpuk8f5pat37jtv6l530ngfnatdht22xta48lw,kaspa:ppgr72dc2q9xsnq64vkn6p6fjhuzgnfev0kygt2ffltxwyjyqlqysqydjs4k9,21.0
f451a788a51d24ae11776ee37148983e7cc3a54c4fa75d0c18ccb264b5b908bc,2025-08-21T20:08:24.944000+00:00,kaspa:qz0n82x8g6xxx8zgeuww0mjvpuk8f5pat37jtv6l530ngfnatdht22xta48lw,kaspa:qqkm7pcztna2mm8vfymvqwmrwrudxc6fmh6s7lfc7w8yhlz6ywnkvqutw3m8l,2.0
f451a788a51d24ae11776ee37148983e7cc3a54c4fa75d0c18ccb264b5b908bc,2025-08-21T20:08:24.944000+00:00,kaspa:qz0n82x8g6xxx8zgeuww0mjvpuk8f5pat37jtv6l530ngfnatdht22xta48lw,kaspa:qz0n82x8g6xxx8zgeuww0mjvpuk8f5pat37jtv6l530ngfnatdht22xta48lw,7.9996314
918f8d7ff2397b7734659ec87ecea81919ac79cf0a8ea1b1082f39410adff1c5,2025-08-21T20:06:56.778000+00:00,kaspa:pztfk4zet0scn8869emgy5ttr360c5y2e2xrt20tqllndncwy2mucxyn9mpf0,kaspa:qz0n82x8g6xxx8zgeuww0mjvpuk8f5pat37jtv6l530ngfnatdht22xta48lw,5.0
fb573a2cd396f8ac2932e8c9a148da4f74c163cf5aa85641551a4ec52aeabb80,2025-08-21T20:06:53.375000+00:00,kaspa:qz0n82x8g6xxx8zgeuww0mjvpuk8f5pat37jtv6l530ngfnatdht22xta48lw,kaspa:qzjdduf9knvuteua4vf0hklpp3l4uvhwkuc3jkackmwps3pw9ccfzevkwl73p,5.00006
fb573a2cd396f8ac2932e8c9a148da4f74c163cf5aa85641551a4ec52aeabb80,2025-08-21T20:06:53.375000+00:00,kaspa:qz0n82x8g6xxx8zgeuww0mjvpuk8f5pat37jtv6l530ngfnatdht22xta48lw,kaspa:qz0n82x8g6xxx8zgeuww0mjvpuk8f5pat37jtv6l530ngfnatdht22xta48lw,25.99968576
38c28e5a85712e4a83f2cecbae09cd84181a1fc4c3cf4504ed1e8e8eede0a768,2025-08-21T20:04:46.885000+00:00,kaspa:qz0n82x8g6xxx8zgeuww0mjvpuk8f5pat37jtv6l530ngfnatdht22xta48lw,kaspa:ppgr72dc2q9xsnq64vkn6p6fjhuzgnfev0kygt2ffltxwyjyqlqysqydjs4k9,21.0
38c28e5a85712e4a83f2cecbae09cd84181a1fc4c3cf4504ed1e8e8eede0a768,2025-08-21T20:04:46.885000+00:00,kaspa:qz0n82x8g6xxx8zgeuww0mjvpuk8f5pat37jtv6l530ngfnatdht22xta48lw,kaspa:qqkm7pcztna2mm8vfymvqwmrwrudxc6fmh6s7lfc7w8yhlz6ywnkvqutw3m8l,2.0
38c28e5a85712e4a83f2cecbae09cd84181a1fc4c3cf4504ed1e8e8eede0a768,2025-08-21T20:04:46.885000+00:00,kaspa:qz0n82x8g6xxx8zgeuww0mjvpuk8f5pat37jtv6l530ngfnatdht22xta48lw,kaspa:qz0n82x8g6xxx8zgeuww0mjvpuk8f5pat37jtv6l530ngfnatdht22xta48lw,30.99977668
2a589255a4cda65009ad63093765ef1fff6fc8618804a25eefdc04144ab882a4,2025-08-21T20:02:27.055000+00:00,kaspa:qz0n82x8g6xxx8zgeuww0mjvpuk8f5pat37jtv6l530ngfnatdht22xta48lw,kaspa:ppgr72dc2q9xsnq64vkn6p6fjhuzgnfev0kygt2ffltxwyjyqlqysqydjs4k9,21.0
2a589255a4cda65009ad63093765ef1fff6fc8618804a25eefdc04144ab882a4,2025-08-21T20:02:27.055000+00:00,kaspa:qz0n82x8g6xxx8zgeuww0mjvpuk8f5pat37jtv6l530ngfnatdht22xta48lw,kaspa:qqkm7pcztna2mm8vfymvqwmrwrudxc6fmh6s7lfc7w8yhlz6ywnkvqutw3m8l,2.0
2a589255a4cda65009ad63093765ef1fff6fc8618804a25eefdc04144ab882a4,2025-08-21T20:02:27.055000+00:00,kaspa:qz0n82x8g6xxx8zgeuww0mjvpuk8f5pat37jtv6l530ngfnatdht22xta48lw,kaspa:qz0n82x8g6xxx8zgeuww0mjvpuk8f5pat37jtv6l530ngfnatdht22xta48lw,53.99983281
98bc765afa15fd96152933299894a3b510291d1ad01ec030a4e18b4eb5e309a9,2025-08-21T19:14:06.052000+00:00,kaspa:pzqtg5kmxgj7h6vtcnp8t8uvj59cygchchqwjpe024n82jur7kq4sj7eyyvn6,kaspa:qz0n82x8g6xxx8zgeuww0mjvpuk8f5pat37jtv6l530ngfnatdht22xta48lw,5.0
5f3ed30f4833cf95b98cf310fcc8842e2cfc3462de59deabc0f635c09a26d009,2025-08-21T19:14:04.314000+00:00,kaspa:qz0n82x8g6xxx8zgeuww0mjvpuk8f5pat37jtv6l530ngfnatdht22xta48lw,kaspa:pzqtg5kmxgj7h6vtcnp8t8uvj59cygchchqwjpe024n82jur7kq4sj7eyyvn6,5.00003
5f3ed30f4833cf95b98cf310fcc8842e2cfc3462de59deabc0f635c09a26d009,2025-08-21T19:14:04.314000+00:00,kaspa:qz0n82x8g6xxx8zgeuww0mjvpuk8f5pat37jtv6l530ngfnatdht22xta48lw,kaspa:qz0n82x8g6xxx8zgeuww0mjvpuk8f5pat37jtv6l530ngfnatdht22xta48lw,71.99988424
7e3d010fc3ff28f0baa6a3c0950376096799322e5925e621a68dc39317509295,2025-08-21T19:12:26.730000+00:00,kaspa:qz0n82x8g6xxx8zgeuww0mjvpuk8f5pat37jtv6l530ngfnatdht22xta48lw,kaspa:ppgr72dc2q9xsnq64vkn6p6fjhuzgnfev0kygt2ffltxwyjyqlqysqydjs4k9,21.0
7e3d010fc3ff28f0baa6a3c0950376096799322e5925e621a68dc39317509295,2025-08-21T19:12:26.730000+00:00,kaspa:qz0n82x8g6xxx8zgeuww0mjvpuk8f5pat37jtv6l530ngfnatdht22xta48lw,kaspa:qqkm7pcztna2mm8vfymvqwmrwrudxc6fmh6s7lfc7w8yhlz6ywnkvqutw3m8l,2.0
7e3d010fc3ff28f0baa6a3c0950376096799322e5925e621a68dc39317509295,2025-08-21T19:12:26.730000+00:00,kaspa:qz0n82x8g6xxx8zgeuww0mjvpuk8f5pat37jtv6l530ngfnatdht22xta48lw,kaspa:qz0n82x8g6xxx8zgeuww0mjvpuk8f5pat37jtv6l530ngfnatdht22xta48lw,76.99994495
129f472d8defde76219fa3585ea5c0472aac58595113f724f2fa4b1decf71c01,2025-08-21T19:10:51.914000+00:00,kaspa:qz8ynf277z3d89twvhsxpymsvawtu334hjl4qs978uqhmq7y286vjx2w6kda9,kaspa:qz0n82x8g6xxx8zgeuww0mjvpuk8f5pat37jtv6l530ngfnatdht22xta48lw,100.0
129f472d8defde76219fa3585ea5c0472aac58595113f724f2fa4b1decf71c01,2025-08-21T19:10:51.914000+00:00,kaspa:qz8ynf277z3d89twvhsxpymsvawtu334hjl4qs978uqhmq7y286vjx2w6kda9,kaspa:qz8ynf277z3d89twvhsxpymsvawtu334hjl4qs978uqhmq7y286vjx2w6kda9,25.99742081
