tx_id,timestamp,sender,recipient,amount_kas
8c9933ed4584bd5fcca3e286f0c41ecd65878f1e99802f557d3d912d73f9aa07,2025-08-21T22:54:11.687000+00:00,kaspa:qrdthz88ghd2fasasqcynhttunnhzhqxey3t2cjal5uj48966l3nucmt5mzyq,kaspa:qzvghfwffcuhjr0ayqcd58c72upatdecy8kc2sh89lmmucz8fe2x5aql77p0q,6.57
457b1a5a84063914f7f79215083ec9f46a3d26076af718e668d994dbda40dd52,2025-08-21T22:48:27.259000+00:00,kaspa:pzdmqjuhx05dausnl5gewz75zhs9qkqfwy87hnvhtj0q46tjnp5vwxtxu4zjf,kaspa:qrdthz88ghd2fasasqcynhttunnhzhqxey3t2cjal5uj48966l3nucmt5mzyq,5.0
d5f3d53397cadc5fdbc413db5c197ed20655ea65e37b9d3e9632849d9b732fb0,2025-08-21T22:48:25.728000+00:00,kaspa:qrdthz88ghd2fasasqcynhttunnhzhqxey3t2cjal5uj48966l3nucmt5mzyq,kaspa:pzdmqjuhx05dausnl5gewz75zhs9qkqfwy87hnvhtj0q46tjnp5vwxtxu4zjf,5.00003
d5f3d53397cadc5fdbc413db5c197ed20655ea65e37b9d3e9632849d9b732fb0,2025-08-21T22:48:25.728000+00:00,kaspa:qrdthz88ghd2fasasqcynhttunnhzhqxey3t2cjal5uj48966l3nucmt5mzyq,kaspa:qrdthz88ghd2fasasqcynhttunnhzhqxey3t2cjal5uj48966l3nucmt5mzyq,1.59932189
0430f3297b6e1ec634c5b5210cc7369a40487ab2ab5e97d6b637d56bdd1fac82,2025-08-21T22:45:53.109000+00:00,kaspa:qrdthz88ghd2fasasqcynhttunnhzhqxey3t2cjal5uj48966l3nucmt5mzyq,kaspa:qqgax5l4yxvwre0hsulrgtv0naz3njq6ypzwj67wfl0euas8yuy4u6f5eyrkt,5.0
0430f3297b6e1ec634c5b5210cc7369a40487ab2ab5e97d6b637d56bdd1fac82,2025-08-21T22:45:53.109000+00:00,kaspa:qrdthz88ghd2fasasqcynhttunnhzhqxey3t2cjal5uj48966l3nucmt5mzyq,kaspa:qrdthz88ghd2fasasqcynhttunnhzhqxey3t2cjal5uj48966l3nucmt5mzyq,6.59945293
6f04950e677e405bb71ab2bbcb6a4ab3c4c6ea1c01fb083a4eb337e72e6daaab,2025-08-21T22:43:35.915000+00:00,kaspa:pqy0qp3yyrs50h6dw0pp93sfqst8wj6uxp3j3nx0l78nmysnvpdx2g6kg4fgx,kaspa:qrdthz88ghd2fasasqcynhttunnhzhqxey3t2cjal5uj48966l3nucmt5mzyq,5.0
8f065940f5c872abf081fc9097ecc684afda4cca35a7aeb118ab4347b9af45d8,2025-08-21T22:43:33.707000+00:00,kaspa:qrdthz88ghd2fasasqcynhttunnhzhqxey3t2cjal5uj48966l3nucmt5mzyq,kaspa:pqy0qp3yyrs50h6dw0pp93sfqst8wj6uxp3j3nx0l78nmysnvpdx2g6kg4fgx,5.00003
8f065940f5c872abf081fc9097ecc684afda4cca35a7aeb118ab4347b9af45d8,2025-08-21T22:43:33.707000+00:00,kaspa:qrdthz88ghd2fasasqcynhttunnhzhqxey3t2cjal5uj48966l3nucmt5mzyq,kaspa:qrdthz88ghd2fasasqcynhttunnhzhqxey3t2cjal5uj48966l3nucmt5mzyq,6.59950024
0dd50d230cd51eeb06f977df5c00000cb9a66e1302c7d0f162ef8d2637824e76,2025-08-21T22:29:02.090000+00:00,kaspa:qrdthz88ghd2fasasqcynhttunnhzhqxey3t2cjal5uj48966l3nucmt5mzyq,kaspa:qztzxwkw24ej53mevclqynqyhdydvjka73a58axt9r3khj453d6250hj069tg,4700.0
0dd50d230cd51eeb06f977df5c00000cb9a66e1302c7d0f162ef8d2637824e76,2025-08-21T22:29:02.090000+00:00,kaspa:qrdthz88ghd2fasasqcynhttunnhzhqxey3t2cjal5uj48966l3nucmt5mzyq,kaspa:qrdthz88ghd2fasasqcynhttunnhzhqxey3t2cjal5uj48966l3nucmt5mzyq,11.59957002
db72d577a4b6aa2dd2882175d4ab49548f4b1ba03f714ff8b70dc9d6d55cfe29,2025-08-21T22:12:04.005000+00:00,kaspa:qrdthz88ghd2fasasqcynhttunnhzhqxey3t2cjal5uj48966l3nucmt5mzyq,kaspa:qrdthz88ghd2fasasqcynhttunnhzhqxey3t2cjal5uj48966l3nucmt5mzyq,4711.59960056
554f003820668fce3a46f28a8f6d8eceb9e1c9ba0706f32aedf29161da289961,2025-08-21T22:09:18.755000+00:00,kaspa:qpa34ckdy8t4hezf49qr4cuvtgpywju055vcwwpra9df0wc8lv4uskfwc0eqn,kaspa:qrdthz88ghd2fasasqcynhttunnhzhqxey3t2cjal5uj48966l3nucmt5mzyq,342.0
aef6e8d15de3613f05ad56d9d1273bff19933e14bc3ff0398c6400677d41e0b7,2025-08-21T21:59:23.887000+00:00,kaspa:pqhk43a4h8jmkqstc8mrr0aywu9rsth704saavfrxjfttts3erd9shcp2txlr,kaspa:qrdthz88ghd2fasasqcynhttunnhzhqxey3t2cjal5uj48966l3nucmt5mzyq,5.0
6296f640593d8f85df29d181a2b6ad39697a178f8c6477b8f276e34c8650058e,2025-08-21T21:59:23.427000+00:00,kaspa:qrdthz88ghd2fasasqcynhttunnhzhqxey3t2cjal5uj48966l3nucmt5mzyq,kaspa:pqhk43a4h8jmkqstc8mrr0aywu9rsth704saavfrxjfttts3erd9shcp2txlr,5.00003
6296f640593d8f85df29d181a2b6ad39697a178f8c6477b8f276e34c8650058e,2025-08-21T21:59:23.427000+00:00,kaspa:qrdthz88ghd2fasasqcynhttunnhzhqxey3t2cjal5uj48966l3nucmt5mzyq,kaspa:qrdthz88ghd2fasasqcynhttunnhzhqxey3t2cjal5uj48966l3nucmt5mzyq,4364.59965846
d509d87abee74bf1639bd0e5e19abf5e55009cc3dcdc4b842181560f59be19e9,2025-08-21T21:57:57.155000+00:00,kaspa:qrdthz88ghd2fasasqcynhttunnhzhqxey3t2cjal5uj48966l3nucmt5mzyq,kaspa:qrdthz88ghd2fasasqcynhttunnhzhqxey3t2cjal5uj48966l3nucmt5mzyq,4369.59971917
42070a91037a3740cdca6efb0e483b1bcdb82ca102edca4b2e900462f83e363d,2025-08-21T21:32:20.100000+00:00,kaspa:qrxe4t85vat7pzwaw6xlccn6zrl2ww74ytvheld3wm2ujp69fejzu5676n8yh,kaspa:qrdthz88ghd2fasasqcynhttunnhzhqxey3t2cjal5uj48966l3nucmt5mzyq,140.6
5dfc6ff9f5b7f78126c2ca9c794ef9ed963d24a87b3bcd9b64567595425ede53,2025-08-21T20:30:23.539000+00:00,kaspa:pz2vw9hgtwx6yswdgrlsv7v4jf5ag7552g54c0dj2chyzwm50j89q3rl545w4,kaspa:qrdthz88ghd2fasasqcynhttunnhzhqxey3t2cjal5uj48966l3nucmt5mzyq,5.0
7eb10155a036072d3b77bcbaf4bd557f9146b421f31278e5cef6d5f2ab57311a,2025-08-21T20:30:22.263000+00:00,kaspa:qrdthz88ghd2fasasqcynhttunnhzhqxey3t2cjal5uj48966l3nucmt5mzyq,kaspa:pz2vw9hgtwx6yswdgrlsv7v4jf5ag7552g54c0dj2chyzwm50j89q3rl545w4,5.00003
7eb10155a036072d3b77bcbaf4bd557f9146b421f31278e5cef6d5f2ab57311a,2025-08-21T20:30:22.263000+00:00,kaspa:qrdthz88ghd2fasasqcynhttunnhzhqxey3t2cjal5uj48966l3nucmt5mzyq,kaspa:qrdthz88ghd2fasasqcynhttunnhzhqxey3t2cjal5uj48966l3nucmt5mzyq,4223.99977707
adb5a66b9f4c9f1e9302800052a6a6d5f09ea378b4c583e08251f2fdc05da1c5,2025-08-21T20:05:35.786000+00:00,kaspa:qrdthz88ghd2fasasqcynhttunnhzhqxey3t2cjal5uj48966l3nucmt5mzyq,kaspa:pqg90wfhzawas9c82gz52w0qlerlrgqhwsml0wr8ts5r9jh2k5m8sv4en9lun,601.0
adb5a66b9f4c9f1e9302800052a6a6d5f09ea378b4c583e08251f2fdc05da1c5,2025-08-21T20:05:35.786000+00:00,kaspa:qrdthz88ghd2fasasqcynhttunnhzhqxey3t2cjal5uj48966l3nucmt5mzyq,kaspa:qqkm7pcztna2mm8vfymvqwmrwrudxc6fmh6s7lfc7w8yhlz6ywnkvqutw3m8l,60.0
adb5a66b9f4c9f1e9302800052a6a6d5f09ea378b4c583e08251f2fdc05da1c5,2025-08-21T20:05:35.786000+00:00,kaspa:qrdthz88ghd2fasasqcynhttunnhzhqxey3t2cjal5uj48966l3nucmt5mzyq,kaspa:qrdthz88ghd2fasasqcynhttunnhzhqxey3t2cjal5uj48966l3nucmt5mzyq,4228.99983778
d3443ccc93f9fe9fa3edb567843711546565b9e9bc7c7e94d88936be6b8ce84a,2025-08-21T20:01:37.793000+00:00,kaspa:qrdthz88ghd2fasasqcynhttunnhzhqxey3t2cjal5uj48966l3nucmt5mzyq,kaspa:pqg90wfhzawas9c82gz52w0qlerlrgqhwsml0wr8ts5r9jh2k5m8sv4en9lun,101.0
d3443ccc93f9fe9fa3edb567843711546565b9e9bc7c7e94d88936be6b8ce84a,2025-08-21T20:01:37.793000+00:00,kaspa:qrdthz88ghd2fasasqcynhttunnhzhqxey3t2cjal5uj48966l3nucmt5mzyq,kaspa:qqkm7pcztna2mm8vfymvqwmrwrudxc6fmh6s7lfc7w8yhlz6ywnkvqutw3m8l,10.0
d3443ccc93f9fe9fa3edb567843711546565b9e9bc7c7e94d88936be6b8ce84a,2025-08-21T20:01:37.793000+00:00,kaspa:qrdthz88ghd2fasasqcynhttunnhzhqxey3t2cjal5uj48966l3nucmt5mzyq,kaspa:qrdthz88ghd2fasasqcynhttunnhzhqxey3t2cjal5uj48966l3nucmt5mzyq,4889.99987467
9a9d99259c4c4fbedd1b37b244406f9b2c02c70979326d222bf81347de3e19d5,2025-08-21T18:48:22.695000+00:00,kaspa:qrdthz88ghd2fasasqcynhttunnhzhqxey3t2cjal5uj48966l3nucmt5mzyq,kaspa:qqp3t62gdqw74phf96a2a4cpsv7v3lua84gvwz3v4a2txvug06z45rdjruzt0,50.0
9a9d99259c4c4fbedd1b37b244406f9b2c02c70979326d222bf81347de3e19d5,2025-08-21T18:48:22.695000+00:00,kaspa:qrdthz88ghd2fasasqcynhttunnhzhqxey3t2cjal5uj48966l3nucmt5mzyq,kaspa:qrdthz88ghd2fasasqcynhttunnhzhqxey3t2cjal5uj48966l3nucmt5mzyq,5000.99991156
e0c8998f5b85f4172369adb91bbf159f97746965b02906ac8b5fa1f2de45c270,2025-08-21T18:48:05.638000+00:00,kaspa:qrdthz88ghd2fasasqcynhttunnhzhqxey3t2cjal5uj48966l3nucmt5mzyq,kaspa:qrdthz88ghd2fasasqcynhttunnhzhqxey3t2cjal5uj48966l3nucmt5mzyq,5050.9999421
611faec6a1f990c49efa014ef7b3bdd6441e6fb529a2bbcce93a490e5c3fa99c,2025-08-21T18:47:03.754000+00:00,kaspa:qpkl9qs6lkavkjc0h9373g0j009j3jjpdcr903kg3rs06ze5czgtwxzkyc7uj,kaspa:qrdthz88ghd2fasasqcynhttunnhzhqxey3t2cjal5uj48966l3nucmt5mzyq,50.0
6b2c99285147628b9b8c45e44d2566a7dcd9f2adeb60ba6e596055d0a94d5968,2025-08-21T17:44:49.929000+00:00,kaspa:qpjvfev8g6nuqmanrh8lxw5ujapw22ych3ne73d7rvuxhm2n5v44cnxphz0y8,kaspa:qrdthz88ghd2fasasqcynhttunnhzhqxey3t2cjal5uj48966l3nucmt5mzyq,4934.2192653365155
6b2c99285147628b9b8c45e44d2566a7dcd9f2adeb60ba6e596055d0a94d5968,2025-08-21T17:44:49.929000+00:00,kaspa:qqp0tzdsttqvxaqyrczv78px5ut5qnpf87xdmcwmf05fnt7m6c0uwthy8n36t,kaspa:qrdthz88ghd2fasasqcynhttunnhzhqxey3t2cjal5uj48966l3nucmt5mzyq,65.78073466348407
30da514d35e666c51b1f159c31e563791790844c3d94fee5457d3dd39ebf4403,2025-08-21T17:44:02.252000+00:00,kaspa:qzsvn3jkq986fn4x9tx2k63x3w7m8l5qysph8696ekmeutjtwe67sehs0kzc5,kaspa:qrdthz88ghd2fasasqcynhttunnhzhqxey3t2cjal5uj48966l3nucmt5mzyq,0.9707392917013198
30da514d35e666c51b1f159c31e563791790844c3d94fee5457d3dd39ebf4403,2025-08-21T17:44:02.252000+00:00,kaspa:qpzr0qd2s6fu9zye96aryhxwk9et3lkps5jat6eqea0g6n8t8jzhsrm4k9nwd,kaspa:qrdthz88ghd2fasasqcynhttunnhzhqxey3t2cjal5uj48966l3nucmt5mzyq,0.02926070829868023
3b8373d9d2384c8ccb0ad0317cc3cfad90956de377cecc2b8d132689fce3c1f1,2025-01-01T12:01:14.231000+00:00,kaspa:qrdthz88ghd2fasasqcynhttunnhzhqxey3t2cjal5uj48966l3nucmt5mzyq,kaspa:qztnplg3rhj3qufkxrx6tnfnmsjjh3xn4egmp8az4zl7644uxkl3uzgrkhmdz,922.17
b2addebcc8891f59309fbea9b86d6dabc9f7fdfb3383a2c445459ba21e4c3109,2025-01-01T12:00:45.505000+00:00,kaspa:pzkkjhuqa24zp46vc4m7tq02h2rl8w0zn3ssjppg9cr2rrgr0ts85xqvqwqpp,kaspa:qrdthz88ghd2fasasqcynhttunnhzhqxey3t2cjal5uj48966l3nucmt5mzyq,5.0
77cc1847d20765aa7eda333df35c08f3ddd9ae2f72eae93932c283af282c60dc,2025-01-01T12:00:40.840000+00:00,kaspa:qrdthz88ghd2fasasqcynhttunnhzhqxey3t2cjal5uj48966l3nucmt5mzyq,kaspa:pzkkjhuqa24zp46vc4m7tq02h2rl8w0zn3ssjppg9cr2rrgr0ts85xqvqwqpp,5.00003
77cc1847d20765aa7eda333df35c08f3ddd9ae2f72eae93932c283af282c60dc,2025-01-01T12:00:40.840000+00:00,kaspa:qrdthz88ghd2fasasqcynhttunnhzhqxey3t2cjal5uj48966l3nucmt5mzyq,kaspa:qrdthz88ghd2fasasqcynhttunnhzhqxey3t2cjal5uj48966l3nucmt5mzyq,917.19453215
44bfa536734f64a733d8d199d44f0ddcf8271089e92632411c84a3a418bb9b59,2025-01-01T11:59:14.305000+00:00,kaspa:pqxvg7n07p34km86h5sxtpgkfg8q26hd9yk76grxf7qq4vm89s9wgqkf0an0n,kaspa:qrdthz88ghd2fasasqcynhttunnhzhqxey3t2cjal5uj48966l3nucmt5mzyq,5.0
3fbfec62050afd396b7f997aea0e37170520143623638e7ee4b2783471029d13,2025-01-01T11:59:10.664000+00:00,kaspa:qrdthz88ghd2fasasqcynhttunnhzhqxey3t2cjal5uj48966l3nucmt5mzyq,kaspa:pqxvg7n07p34km86h5sxtpgkfg8q26hd9yk76grxf7qq4vm89s9wgqkf0an0n,5.00003
3fbfec62050afd396b7f997aea0e37170520143623638e7ee4b2783471029d13,2025-01-01T11:59:10.664000+00:00,kaspa:qrdthz88ghd2fasasqcynhttunnhzhqxey3t2cjal5uj48966l3nucmt5mzyq,kaspa:qrdthz88ghd2fasasqcynhttunnhzhqxey3t2cjal5uj48966l3nucmt5mzyq,917.19460963
4267e791f839c9b65b59f27123baaca80d7aa888ee234a1d6d987876b19d066e,2025-01-01T11:58:14.428000+00:00,kaspa:qrdthz88ghd2fasasqcynhttunnhzhqxey3t2cjal5uj48966l3nucmt5mzyq,kaspa:qrdthz88ghd2fasasqcynhttunnhzhqxey3t2cjal5uj48966l3nucmt5mzyq,922.19467034
4d0f4cc18b2cf0abecea336c15c03be6267ef9dba1e5490ce0b11b4975fa8a4e,2025-01-01T11:58:02.686000+00:00,kaspa:qpl7peyjh2k38g6e7ujmy5fpa952nfjn3q2u4cznqxtmtyssfwnesxd0dangh,kaspa:qrdthz88ghd2fasasqcynhttunnhzhqxey3t2cjal5uj48966l3nucmt5mzyq,421.5
351938487777e7370c4dd258614c69f58486508302a312f369f95e87cda5a464,2024-12-24T11:15:45.733000+00:00,kaspa:pqaj5s2rdv6mjrxeca7dxz5pkr8yxyap89tvmzyqj9cmu9y88sq972d7l5chu,kaspa:qrdthz88ghd2fasasqcynhttunnhzhqxey3t2cjal5uj48966l3nucmt5mzyq,5.0
f3e68a8edc33b41b7dcf8140c761f0dc4f0512adf00c9f20236c18730b6988f8,2024-12-24T11:15:43.909000+00:00,kaspa:qrdthz88ghd2fasasqcynhttunnhzhqxey3t2cjal5uj48966l3nucmt5mzyq,kaspa:pqaj5s2rdv6mjrxeca7dxz5pkr8yxyap89tvmzyqj9cmu9y88sq972d7l5chu,5.00003
f3e68a8edc33b41b7dcf8140c761f0dc4f0512adf00c9f20236c18730b6988f8,2024-12-24T11:15:43.909000+00:00,kaspa:qrdthz88ghd2fasasqcynhttunnhzhqxey3t2cjal5uj48966l3nucmt5mzyq,kaspa:qrdthz88ghd2fasasqcynhttunnhzhqxey3t2cjal5uj48966l3nucmt5mzyq,495.69472824
0bfd476a28e8329ee71167e6b8f35c193a0cc565a4cb1a620fca3a33e345fad4,2024-12-24T11:15:30.210000+00:00,kaspa:ppndy72lj0vpaszuw86yu6mtyuj78f76sd8s43radjsvhsnc2ltlgp5shspey,kaspa:qrdthz88ghd2fasasqcynhttunnhzhqxey3t2cjal5uj48966l3nucmt5mzyq,5.0
b71efe4807f1f939bd3f56193945f1d39f4fd98147d28ca0e0ea8129fc3e5b77,2024-12-24T11:15:27.203000+00:00,kaspa:qrdthz88ghd2fasasqcynhttunnhzhqxey3t2cjal5uj48966l3nucmt5mzyq,kaspa:ppndy72lj0vpaszuw86yu6mtyuj78f76sd8s43radjsvhsnc2ltlgp5shspey,5.00003
b71efe4807f1f939bd3f56193945f1d39f4fd98147d28ca0e0ea8129fc3e5b77,2024-12-24T11:15:27.203000+00:00,kaspa:qrdthz88ghd2fasasqcynhttunnhzhqxey3t2cjal5uj48966l3nucmt5mzyq,kaspa:qrdthz88ghd2fasasqcynhttunnhzhqxey3t2cjal5uj48966l3nucmt5mzyq,495.69480572
4762929b0f01c3e33eb2156bf3297e4a918fef3855cb6b80274a68c2f9b9bc13,2024-12-24T11:15:15.933000+00:00,kaspa:pzkkjhuqa24zp46vc4m7tq02h2rl8w0zn3ssjppg9cr2rrgr0ts85xqvqwqpp,kaspa:qrdthz88ghd2fasasqcynhttunnhzhqxey3t2cjal5uj48966l3nucmt5mzyq,5.0
5609aa9d97b777c4e74c2e68e19372802df79defdfa1ceddd2feb8a8a5bf8add,2024-12-24T11:15:11.602000+00:00,kaspa:qrdthz88ghd2fasasqcynhttunnhzhqxey3t2cjal5uj48966l3nucmt5mzyq,kaspa:pzkkjhuqa24zp46vc4m7tq02h2rl8w0zn3ssjppg9cr2rrgr0ts85xqvqwqpp,5.00003
5609aa9d97b777c4e74c2e68e19372802df79defdfa1ceddd2feb8a8a5bf8add,2024-12-24T11:15:11.602000+00:00,kaspa:qrdthz88ghd2fasasqcynhttunnhzhqxey3t2cjal5uj48966l3nucmt5mzyq,kaspa:qrdthz88ghd2fasasqcynhttunnhzhqxey3t2cjal5uj48966l3nucmt5mzyq,495.6948832
fee1bef37a01075f4d1331fe6ed00840290de9bccc1950fa98d71ba404de897b,2024-12-18T17:44:00.298000+00:00,kaspa:qq5d9fulva9y4ak7cq7gql6z37ylylsnp9yajlj3x2qrjju4e7w66cykfhdda,kaspa:qrdthz88ghd2fasasqcynhttunnhzhqxey3t2cjal5uj48966l3nucmt5mzyq,9.97
fe6bd74dfc6e76485ed0bc938b859d607e3efc4449df10bbdb72205591992ca9,2024-12-18T17:42:58.304000+00:00,kaspa:qrdthz88ghd2fasasqcynhttunnhzhqxey3t2cjal5uj48966l3nucmt5mzyq,kaspa:qq5d9fulva9y4ak7cq7gql6z37ylylsnp9yajlj3x2qrjju4e7w66cykfhdda,10.0
fe6bd74dfc6e76485ed0bc938b859d607e3efc4449df10bbdb72205591992ca9,2024-12-18T17:42:58.304000+00:00,kaspa:qrdthz88ghd2fasasqcynhttunnhzhqxey3t2cjal5uj48966l3nucmt5mzyq,kaspa:qrdthz88ghd2fasasqcynhttunnhzhqxey3t2cjal5uj48966l3nucmt5mzyq,490.72496068
ed50e99c0c6d9e4593e1ad7ec96eb14c66871728ad689a9430851579af84c641,2024-12-12T13:05:58.593000+00:00,kaspa:qrdthz88ghd2fasasqcynhttunnhzhqxey3t2cjal5uj48966l3nucmt5mzyq,kaspa:qrdthz88ghd2fasasqcynhttunnhzhqxey3t2cjal5uj48966l3nucmt5mzyq,500.72499122
022c1184a35dc06f262339bc8788f49f80993e17a9498bd2036dcce2ee1850a2,2024-12-11T22:26:31.116000+00:00,kaspa:qq5d9fulva9y4ak7cq7gql6z37ylylsnp9yajlj3x2qrjju4e7w66cykfhdda,kaspa:qrdthz88ghd2fasasqcynhttunnhzhqxey3t2cjal5uj48966l3nucmt5mzyq,277.3
cf6540bca58ea595ebd9bb7e5bc0efa5fbd645953ea63b3af113e7f838d15b42,2024-12-06T20:49:58.941000+00:00,kaspa:prp6lh3a09wnt6v60l4zmgjsfucwf8zy4wqzzcxgp80y4t2vdzkz2whnqnmsv,kaspa:qrdthz88ghd2fasasqcynhttunnhzhqxey3t2cjal5uj48966l3nucmt5mzyq,5.0
78013b285981ab417ce31e0ea8d6b92b6a39fd287dc784ac27a61c50714c780a,2024-12-06T20:49:54.937000+00:00,kaspa:qrdthz88ghd2fasasqcynhttunnhzhqxey3t2cjal5uj48966l3nucmt5mzyq,kaspa:prp6lh3a09wnt6v60l4zmgjsfucwf8zy4wqzzcxgp80y4t2vdzkz2whnqnmsv,5.00003
78013b285981ab417ce31e0ea8d6b92b6a39fd287dc784ac27a61c50714c780a,2024-12-06T20:49:54.937000+00:00,kaspa:qrdthz88ghd2fasasqcynhttunnhzhqxey3t2cjal5uj48966l3nucmt5mzyq,kaspa:qrdthz88ghd2fasasqcynhttunnhzhqxey3t2cjal5uj48966l3nucmt5mzyq,218.42504912
995e383f860535a250f1a6531d6d7a98be8a9065198d1937ed6c8c2aa6fb9b31,2024-12-04T21:39:33.489000+00:00,kaspa:prjd7kpk72a0tj8jjys73gwynttxjf34qg70w7w0h8fvcre4pkfwktlhnqkwv,kaspa:qrdthz88ghd2fasasqcynhttunnhzhqxey3t2cjal5uj48966l3nucmt5mzyq,5.0
cbba670279659008c181815b1bdad022d66128b756cc1c0312f4fcf44c0a9041,2024-12-04T21:39:31.446000+00:00,kaspa:qrdthz88ghd2fasasqcynhttunnhzhqxey3t2cjal5uj48966l3nucmt5mzyq,kaspa:prjd7kpk72a0tj8jjys73gwynttxjf34qg70w7w0h8fvcre4pkfwktlhnqkwv,5.00003
cbba670279659008c181815b1bdad022d66128b756cc1c0312f4fcf44c0a9041,2024-12-04T21:39:31.446000+00:00,kaspa:qrdthz88ghd2fasasqcynhttunnhzhqxey3t2cjal5uj48966l3nucmt5mzyq,kaspa:qrdthz88ghd2fasasqcynhttunnhzhqxey3t2cjal5uj48966l3nucmt5mzyq,218.4251266
0a5d38b75358ab9410e1361bc0e12fcc852776f4a72838a924a58b02ef1b1e05,2024-12-04T19:57:41.049000+00:00,kaspa:prjd7kpk72a0tj8jjys73gwynttxjf34qg70w7w0h8fvcre4pkfwktlhnqkwv,kaspa:qrdthz88ghd2fasasqcynhttunnhzhqxey3t2cjal5uj48966l3nucmt5mzyq,5.0
71689719cdee3e28c7a103bbe5bffc0eccb374eb1634d410b513c918c1c944e6,2024-12-04T19:57:36.708000+00:00,kaspa:qrdthz88ghd2fasasqcynhttunnhzhqxey3t2cjal5uj48966l3nucmt5mzyq,kaspa:prjd7kpk72a0tj8jjys73gwynttxjf34qg70w7w0h8fvcre4pkfwktlhnqkwv,5.00003
71689719cdee3e28c7a103bbe5bffc0eccb374eb1634d410b513c918c1c944e6,2024-12-04T19:57:36.708000+00:00,kaspa:qrdthz88ghd2fasasqcynhttunnhzhqxey3t2cjal5uj48966l3nucmt5mzyq,kaspa:qrdthz88ghd2fasasqcynhttunnhzhqxey3t2cjal5uj48966l3nucmt5mzyq,218.42520408
4fbfc17be08b735964ba13aa609aa97d302c3038c0dc6d449f9118fe6c0d492d,2024-12-04T16:43:28.526000+00:00,kaspa:qrdthz88ghd2fasasqcynhttunnhzhqxey3t2cjal5uj48966l3nucmt5mzyq,kaspa:qpcsn0c5w3tq6duuvtr7lkmdhuxkcyljkp889t4cdnh8qh9cmc7d2uwzl0vna,800.0
4fbfc17be08b735964ba13aa609aa97d302c3038c0dc6d449f9118fe6c0d492d,2024-12-04T16:43:28.526000+00:00,kaspa:qrdthz88ghd2fasasqcynhttunnhzhqxey3t2cjal5uj48966l3nucmt5mzyq,kaspa:qrdthz88ghd2fasasqcynhttunnhzhqxey3t2cjal5uj48966l3nucmt5mzyq,223.42526479
6211d5dba41a06cf28a2667f7fea369c40af4bccdcc756160f3a5af6fff42a63,2024-12-03T11:33:20.111000+00:00,kaspa:qrdthz88ghd2fasasqcynhttunnhzhqxey3t2cjal5uj48966l3nucmt5mzyq,kaspa:qrdthz88ghd2fasasqcynhttunnhzhqxey3t2cjal5uj48966l3nucmt5mzyq,1023.42529533
1943cc01dc57813797a797822b905d51f4404fdc72f9ebb6259a990c95318787,2024-12-02T22:40:47.272000+00:00,kaspa:qpclgycmctls6mtphvpma46nrnacnnaz4ppvza7rp9udv5pv99j7s6y59qhx0,kaspa:qrdthz88ghd2fasasqcynhttunnhzhqxey3t2cjal5uj48966l3nucmt5mzyq,782.8
e8ef7561b60714f50ee10955bbdd58735cf6f1f869ed5af22ce11dc4d14b75c4,2024-12-02T21:42:18.138000+00:00,kaspa:pq83sfh7ky7m55w0q9rx4rhja7wkq8fsqe835wu7fx848zeh2zu42kyrvr2sy,kaspa:qrdthz88ghd2fasasqcynhttunnhzhqxey3t2cjal5uj48966l3nucmt5mzyq,5.0
3be5ccc9b5b2497cac010122bed49c2b68be394c042428ea35d061265f5462f9,2024-12-02T21:42:14.066000+00:00,kaspa:qrdthz88ghd2fasasqcynhttunnhzhqxey3t2cjal5uj48966l3nucmt5mzyq,kaspa:pq83sfh7ky7m55w0q9rx4rhja7wkq8fsqe835wu7fx848zeh2zu42kyrvr2sy,5.0000688
3be5ccc9b5b2497cac010122bed49c2b68be394c042428ea35d061265f5462f9,2024-12-02T21:42:14.066000+00:00,kaspa:qrdthz88ghd2fasasqcynhttunnhzhqxey3t2cjal5uj48966l3nucmt5mzyq,kaspa:qrdthz88ghd2fasasqcynhttunnhzhqxey3t2cjal5uj48966l3nucmt5mzyq,235.62535323
5cd5606b9cf9dd494c89c93e19952c9fc182629b7a23d056dd2fd9ee3209b357,2024-12-02T21:40:55.725000+00:00,kaspa:pzn3thfv9939qym8f6ycwfmwhf3czpefx8xdr9xa0gasn2h0c0mrux63wcm9y,kaspa:qrdthz88ghd2fasasqcynhttunnhzhqxey3t2cjal5uj48966l3nucmt5mzyq,5.0
d138f8064971c40ea1fa20c41de1d4a33ec1faac9851eb21d63bf42801cd311d,2024-12-02T21:40:53.800000+00:00,kaspa:qrdthz88ghd2fasasqcynhttunnhzhqxey3t2cjal5uj48966l3nucmt5mzyq,kaspa:pzn3thfv9939qym8f6ycwfmwhf3czpefx8xdr9xa0gasn2h0c0mrux63wcm9y,5.00003
d138f8064971c40ea1fa20c41de1d4a33ec1faac9851eb21d63bf42801cd311d,2024-12-02T21:40:53.800000+00:00,kaspa:qrdthz88ghd2fasasqcynhttunnhzhqxey3t2cjal5uj48966l3nucmt5mzyq,kaspa:qrdthz88ghd2fasasqcynhttunnhzhqxey3t2cjal5uj48966l3nucmt5mzyq,235.62553091
ae8e25d34733053924f1907ab311bc4ea16b78e5764234a1b38f55de81d97c37,2024-12-01T23:01:15.151000+00:00,kaspa:qrdthz88ghd2fasasqcynhttunnhzhqxey3t2cjal5uj48966l3nucmt5mzyq,kaspa:qrdthz88ghd2fasasqcynhttunnhzhqxey3t2cjal5uj48966l3nucmt5mzyq,240.62559162
2612c2f845037d149022dc52834518765e51197e6685107a693a2d2c2e97acd3,2024-12-01T22:49:39.918000+00:00,kaspa:pq5xhvj9mgk4ms7dtenscx6plxtph08h5ezggyj9na39mch5skgwwe9yq7943,kaspa:qrdthz88ghd2fasasqcynhttunnhzhqxey3t2cjal5uj48966l3nucmt5mzyq,5.0
3f0ca7369d2f72f8c9b5e98b28755437e046030144913e77c0036ac2c89b76e9,2024-12-01T22:49:33.637000+00:00,kaspa:qrdthz88ghd2fasasqcynhttunnhzhqxey3t2cjal5uj48966l3nucmt5mzyq,kaspa:qzrrplew7kvgzc5kv2c0srfmuthngdpdgcl0lxde8z7xjrt9dj3lv26xk8mdu,467.00009
3f0ca7369d2f72f8c9b5e98b28755437e046030144913e77c0036ac2c89b76e9,2024-12-01T22:49:33.637000+00:00,kaspa:qrdthz88ghd2fasasqcynhttunnhzhqxey3t2cjal5uj48966l3nucmt5mzyq,kaspa:qrdthz88ghd2fasasqcynhttunnhzhqxey3t2cjal5uj48966l3nucmt5mzyq,37.99986269
09098a450c50e5f1fd12bf56d4019d8ed4c816c9ca0b92c251ffd88541f7c55a,2024-12-01T22:49:10.960000+00:00,kaspa:qpl7peyjh2k38g6e7ujmy5fpa952nfjn3q2u4cznqxtmtyssfwnesxd0dangh,kaspa:qrdthz88ghd2fasasqcynhttunnhzhqxey3t2cjal5uj48966l3nucmt5mzyq,500.0
205f2e76edfe2f715fe7849c2b399641943201d6c85132609af715cb4a5a9ccf,2024-12-01T22:47:55.172000+00:00,kaspa:pplr04xervpq4drrwztwatqxugr0mjylra2xnjvq9p4hpurc2r9pghgzxxh5e,kaspa:qrdthz88ghd2fasasqcynhttunnhzhqxey3t2cjal5uj48966l3nucmt5mzyq,5.0
fb1087dda9352d6d766e42bca7eec29252e38cf86a7edf101221979f32538354,2024-12-01T22:47:50.028000+00:00,kaspa:qrdthz88ghd2fasasqcynhttunnhzhqxey3t2cjal5uj48966l3nucmt5mzyq,kaspa:qpq340mvnm5chq537ss2j4plye28jzs0fut963x909kmvjgvw5l0u63zsg8jz,1465.00009
fb1087dda9352d6d766e42bca7eec29252e38cf86a7edf101221979f32538354,2024-12-01T22:47:50.028000+00:00,kaspa:qrdthz88ghd2fasasqcynhttunnhzhqxey3t2cjal5uj48966l3nucmt5mzyq,kaspa:qrdthz88ghd2fasasqcynhttunnhzhqxey3t2cjal5uj48966l3nucmt5mzyq,197.63152016
941bddd178dadb8191ad615a7699b2984116cdab76e87de1fa46324beb6ec25c,2024-12-01T22:47:24.245000+00:00,kaspa:qpl7peyjh2k38g6e7ujmy5fpa952nfjn3q2u4cznqxtmtyssfwnesxd0dangh,kaspa:qrdthz88ghd2fasasqcynhttunnhzhqxey3t2cjal5uj48966l3nucmt5mzyq,1409.0
a41349cc872afeb8217c35c63b55cf19f8c8e976fbaff627c1eef3bfa5d9deb2,2024-12-01T12:47:45.507000+00:00,kaspa:qrdthz88ghd2fasasqcynhttunnhzhqxey3t2cjal5uj48966l3nucmt5mzyq,kaspa:qqkw4jut0rsxy30u0pdtyjxrt4cgu2zxqmht2mxtxjcmclrn7puxsf6nml42n,149.0
a41349cc872afeb8217c35c63b55cf19f8c8e976fbaff627c1eef3bfa5d9deb2,2024-12-01T12:47:45.507000+00:00,kaspa:qrdthz88ghd2fasasqcynhttunnhzhqxey3t2cjal5uj48966l3nucmt5mzyq,kaspa:qrdthz88ghd2fasasqcynhttunnhzhqxey3t2cjal5uj48966l3nucmt5mzyq,253.63165747
f57023c350d6fd0118168e4bb879e19c58d3e71475b0d5f957662c7906225280,2024-12-01T12:12:19.112000+00:00,kaspa:pqhfd0txtzfljqucmx4dxqctvldltqd2nwg44t9s9as48a2np5ut7x3dv8s50,kaspa:qrdthz88ghd2fasasqcynhttunnhzhqxey3t2cjal5uj48966l3nucmt5mzyq,5.0
74ef04d6cc061c59964ab73c65e3e69e0e8dd71c71172e78f0a59b155e769f25,2024-12-01T12:12:15.314000+00:00,kaspa:qrdthz88ghd2fasasqcynhttunnhzhqxey3t2cjal5uj48966l3nucmt5mzyq,kaspa:pqhfd0txtzfljqucmx4dxqctvldltqd2nwg44t9s9as48a2np5ut7x3dv8s50,5.00003
74ef04d6cc061c59964ab73c65e3e69e0e8dd71c71172e78f0a59b155e769f25,2024-12-01T12:12:15.314000+00:00,kaspa:qrdthz88ghd2fasasqcynhttunnhzhqxey3t2cjal5uj48966l3nucmt5mzyq,kaspa:qrdthz88ghd2fasasqcynhttunnhzhqxey3t2cjal5uj48966l3nucmt5mzyq,397.63170478
c1630f493cf80d6c2b84550f766da0a430b9f98e44ee612808a34226e08c9685,2024-12-01T12:11:14.584000+00:00,kaspa:przgq7mnhsp3a2dsksjclh8jry7smkev290cpp9vjkjxlvu62tvfc5nvpjn4n,kaspa:qrdthz88ghd2fasasqcynhttunnhzhqxey3t2cjal5uj48966l3nucmt5mzyq,5.0
996c9a0d90d0d3a9d903ff1ab312eaadb8c6cb2b137ca978ded26e576e65c5f4,2024-12-01T12:11:11.697000+00:00,kaspa:qrdthz88ghd2fasasqcynhttunnhzhqxey3t2cjal5uj48966l3nucmt5mzyq,kaspa:przgq7mnhsp3a2dsksjclh8jry7smkev290cpp9vjkjxlvu62tvfc5nvpjn4n,5.00003
996c9a0d90d0d3a9d903ff1ab312eaadb8c6cb2b137ca978ded26e576e65c5f4,2024-12-01T12:11:11.697000+00:00,kaspa:qrdthz88ghd2fasasqcynhttunnhzhqxey3t2cjal5uj48966l3nucmt5mzyq,kaspa:qrdthz88ghd2fasasqcynhttunnhzhqxey3t2cjal5uj48966l3nucmt5mzyq,397.63178226
73de55f9b92d858c4401da49211dd9adaf63379db93a9dc40a15f14d0653e420,2024-11-30T14:28:04.015000+00:00,kaspa:qrdthz88ghd2fasasqcynhttunnhzhqxey3t2cjal5uj48966l3nucmt5mzyq,kaspa:qrdthz88ghd2fasasqcynhttunnhzhqxey3t2cjal5uj48966l3nucmt5mzyq,402.63184297
75765357062a84f7a0d4477f1dbbafbcba2837bf1b8777deb4d0ae990e22c170,2024-11-30T10:57:56.928000+00:00,kaspa:qzv8x3gx95ecmpavf4dy3yc0c4jl4zdq6chyh8pzzazgn6ce8qfz524sqrql4,kaspa:qrdthz88ghd2fasasqcynhttunnhzhqxey3t2cjal5uj48966l3nucmt5mzyq,127.3
40ea08632c049e2147ce3fa7a3c68f06be70651eca19095bc777376cf3207546,2024-11-30T07:28:31.139000+00:00,kaspa:pp2l8vl5d38q7qw9tjfvcva5natsgtdggtcl8yyw9hsc0jampw0nkey3qtqqx,kaspa:qrdthz88ghd2fasasqcynhttunnhzhqxey3t2cjal5uj48966l3nucmt5mzyq,5.0
2c08d81d837da2692d18b96822bdea9436a51fba3e662c64dd0c87ad37ccd64f,2024-11-30T07:28:28.778000+00:00,kaspa:qrdthz88ghd2fasasqcynhttunnhzhqxey3t2cjal5uj48966l3nucmt5mzyq,kaspa:pp2l8vl5d38q7qw9tjfvcva5natsgtdggtcl8yyw9hsc0jampw0nkey3qtqqx,5.00003
2c08d81d837da2692d18b96822bdea9436a51fba3e662c64dd0c87ad37ccd64f,2024-11-30T07:28:28.778000+00:00,kaspa:qrdthz88ghd2fasasqcynhttunnhzhqxey3t2cjal5uj48966l3nucmt5mzyq,kaspa:qrdthz88ghd2fasasqcynhttunnhzhqxey3t2cjal5uj48966l3nucmt5mzyq,270.33190087
b0d2797b6bdf797640f5090229be2f6f87bd5dd8033df801401892340f43a06a,2024-11-30T00:21:57.399000+00:00,kaspa:qrdthz88ghd2fasasqcynhttunnhzhqxey3t2cjal5uj48966l3nucmt5mzyq,kaspa:pp2fdrl2symkkal2hfxuf78rr4xxejwuppwjgqz47zp7xpfsz9wvjmxc8lvwx,101.0
b0d2797b6bdf797640f5090229be2f6f87bd5dd8033df801401892340f43a06a,2024-11-30T00:21:57.399000+00:00,kaspa:qrdthz88ghd2fasasqcynhttunnhzhqxey3t2cjal5uj48966l3nucmt5mzyq,kaspa:qqkm7pcztna2mm8vfymvqwmrwrudxc6fmh6s7lfc7w8yhlz6ywnkvqutw3m8l,10.0
b0d2797b6bdf797640f5090229be2f6f87bd5dd8033df801401892340f43a06a,2024-11-30T00:21:57.399000+00:00,kaspa:qrdthz88ghd2fasasqcynhttunnhzhqxey3t2cjal5uj48966l3nucmt5mzyq,kaspa:qrdthz88ghd2fasasqcynhttunnhzhqxey3t2cjal5uj48966l3nucmt5mzyq,275.33196158
ccf3e26ef8f392b56ccdb2380095084a2aca36721c79fc676f872653d339c3b6,2024-11-30T00:20:14.527000+00:00,kaspa:qqp0tzdsttqvxaqyrczv78px5ut5qnpf87xdmcwmf05fnt7m6c0uwthy8n36t,kaspa:qrdthz88ghd2fasasqcynhttunnhzhqxey3t2cjal5uj48966l3nucmt5mzyq,185.37765959271488
ccf3e26ef8f392b56ccdb2380095084a2aca36721c79fc676f872653d339c3b6,2024-11-30T00:20:14.527000+00:00,kaspa:qph5kwl5slldj82esnjmugz8j6rxjgssk8hrqnpkgmcf2gnjxndx73dzed3yt,kaspa:qrdthz88ghd2fasasqcynhttunnhzhqxey3t2cjal5uj48966l3nucmt5mzyq,114.6223404072851
37f2f04c53cd80de425f9c71900fd36b38ed56a9e4bebf16d259e119d9e1b8ab,2024-11-30T00:10:14.151000+00:00,kaspa:qrdthz88ghd2fasasqcynhttunnhzhqxey3t2cjal5uj48966l3nucmt5mzyq,kaspa:pp2fdrl2symkkal2hfxuf78rr4xxejwuppwjgqz47zp7xpfsz9wvjmxc8lvwx,101.0
37f2f04c53cd80de425f9c71900fd36b38ed56a9e4bebf16d259e119d9e1b8ab,2024-11-30T00:10:14.151000+00:00,kaspa:qrdthz88ghd2fasasqcynhttunnhzhqxey3t2cjal5uj48966l3nucmt5mzyq,kaspa:qqkm7pcztna2mm8vfymvqwmrwrudxc6fmh6s7lfc7w8yhlz6ywnkvqutw3m8l,10.0
37f2f04c53cd80de425f9c71900fd36b38ed56a9e4bebf16d259e119d9e1b8ab,2024-11-30T00:10:14.151000+00:00,kaspa:qrdthz88ghd2fasasqcynhttunnhzhqxey3t2cjal5uj48966l3nucmt5mzyq,kaspa:qrdthz88ghd2fasasqcynhttunnhzhqxey3t2cjal5uj48966l3nucmt5mzyq,87.58391158
c7d31071768c5179ae48fddb1e3504fbf5c8cb8096334e483100d5c5f47396ca,2024-11-25T22:29:53.217000+00:00,kaspa:qrdthz88ghd2fasasqcynhttunnhzhqxey3t2cjal5uj48966l3nucmt5mzyq,kaspa:qrdthz88ghd2fasasqcynhttunnhzhqxey3t2cjal5uj48966l3nucmt5mzyq,198.60797003
212377be0134514463e665ee8866705f5c8ffb62295c9ba8ae62a4ee76addd1c,2024-11-25T22:29:22.778000+00:00,kaspa:pq2x24u5pzs0zgfk7asvf0vm0x3p0f0xcvuggd4s3f6fnm6kq9g9vd6hpt9u3,kaspa:qrdthz88ghd2fasasqcynhttunnhzhqxey3t2cjal5uj48966l3nucmt5mzyq,5.0
9833d20652878458c1cfe3eff21ae38685bf92381777b81dda353bf810bf8f7d,2024-11-25T22:29:17.687000+00:00,kaspa:qrdthz88ghd2fasasqcynhttunnhzhqxey3t2cjal5uj48966l3nucmt5mzyq,kaspa:qrygm7af9yw3dan0w3rnggm3d0u5s9tavt4kz9cxjrmkcumtdgl4gdep304m5,913.70478064
9833d20652878458c1cfe3eff21ae38685bf92381777b81dda353bf810bf8f7d,2024-11-25T22:29:17.687000+00:00,kaspa:qrdthz88ghd2fasasqcynhttunnhzhqxey3t2cjal5uj48966l3nucmt5mzyq,kaspa:qrdthz88ghd2fasasqcynhttunnhzhqxey3t2cjal5uj48966l3nucmt5mzyq,188.92460236
7e5df4305e0cb9f391eadfedd371efa0fd5e75a0e0e6378e601eade535295610,2024-11-25T22:28:58.830000+00:00,kaspa:qrer2phss534sqy39j9nujm04q6rj3as8exen7cjsz4zrgxg08e77ck6wan84,kaspa:qrdthz88ghd2fasasqcynhttunnhzhqxey3t2cjal5uj48966l3nucmt5mzyq,907.2557330827045
7e5df4305e0cb9f391eadfedd371efa0fd5e75a0e0e6378e601eade535295610,2024-11-25T22:28:58.830000+00:00,kaspa:qqeqj9a45jjmvqu205wj9zp92j7l2pwtj9zx93xamfev6qghrkffv0jp6n297,kaspa:qrdthz88ghd2fasasqcynhttunnhzhqxey3t2cjal5uj48966l3nucmt5mzyq,0.7442669172955321
35de1701709c9752c05a44b0c12c46b1a88d5441978a64d61e934f0256dfd90c,2024-11-25T20:24:15.751000+00:00,kaspa:pzj36yc6wz5mjdl3j8txghfywzxl8c2k0zx6xh49c9nytr0uyzvr7a6suhuk4,kaspa:qrdthz88ghd2fasasqcynhttunnhzhqxey3t2cjal5uj48966l3nucmt5mzyq,5.0
8af7b38172ef8bb71987b364f62cba61a7f9edab7dc102b91e433b529b1f319e,2024-11-25T20:24:06.340000+00:00,kaspa:qrdthz88ghd2fasasqcynhttunnhzhqxey3t2cjal5uj48966l3nucmt5mzyq,kaspa:qz4lae5mpf23exllkkxs2t4g2vtlrmaf5ffzm5rfqurhnx6kdacguthdez9h5,1405.00009
8af7b38172ef8bb71987b364f62cba61a7f9edab7dc102b91e433b529b1f319e,2024-11-25T20:24:06.340000+00:00,kaspa:qrdthz88ghd2fasasqcynhttunnhzhqxey3t2cjal5uj48966l3nucmt5mzyq,kaspa:qrdthz88ghd2fasasqcynhttunnhzhqxey3t2cjal5uj48966l3nucmt5mzyq,194.99986269
4f5df1a9993357e66d5b9ba8dc1965035f20b49278803b5f5741ed38ab59b677,2024-11-25T20:23:50.892000+00:00,kaspa:qzguwjatqm6lj62jhr9unsx90xxsx9jzsey2gz274uyggvux59rz20468y2sd,kaspa:qrdthz88ghd2fasasqcynhttunnhzhqxey3t2cjal5uj48966l3nucmt5mzyq,1385.0566293369106
4f5df1a9993357e66d5b9ba8dc1965035f20b49278803b5f5741ed38ab59b677,2024-11-25T20:23:50.892000+00:00,kaspa:qqeqj9a45jjmvqu205wj9zp92j7l2pwtj9zx93xamfev6qghrkffv0jp6n297,kaspa:qrdthz88ghd2fasasqcynhttunnhzhqxey3t2cjal5uj48966l3nucmt5mzyq,14.943370663089166
e6e632c58e1d1b281ce0f811c44b7e229656f7a3f8c6db3900bf99f4dc22936b,2024-11-24T23:55:12.019000+00:00,kaspa:qqjcnfs7hvpe26r2ga5k4l2jmq6q3t522y7l6cqapujw79wmfdcn5d5ts4jjf,kaspa:qrdthz88ghd2fasasqcynhttunnhzhqxey3t2cjal5uj48966l3nucmt5mzyq,155.35106059060556
e6e632c58e1d1b281ce0f811c44b7e229656f7a3f8c6db3900bf99f4dc22936b,2024-11-24T23:55:12.019000+00:00,kaspa:qqeqj9a45jjmvqu205wj9zp92j7l2pwtj9zx93xamfev6qghrkffv0jp6n297,kaspa:qrdthz88ghd2fasasqcynhttunnhzhqxey3t2cjal5uj48966l3nucmt5mzyq,44.64893940939446
