tx_id,timestamp,sender,recipient,amount_kas
61f151a0b17e980ebf2383f9ed269da8664a9037bc896ca902034648a17168fc,2025-08-30T23:59:26.351000+00:00,kaspa:qzdznegxyf6dz7ftw9nrp0tuj9h4httvncfpu6wneusjaytzsxaesx2m90w2f,kaspa:qp0eszr5v7mnkdmrr98lvyu3276vsv6hhc0r9s82j0rc8thgzzn6g7tra2jem,8.48
61f151a0b17e980ebf2383f9ed269da8664a9037bc896ca902034648a17168fc,2025-08-30T23:59:26.351000+00:00,kaspa:qzdznegxyf6dz7ftw9nrp0tuj9h4httvncfpu6wneusjaytzsxaesx2m90w2f,kaspa:qzdznegxyf6dz7ftw9nrp0tuj9h4httvncfpu6wneusjaytzsxaesx2m90w2f,8.51978713
9c4ae20a7d3067487bd271452e299bcf17068d68fb56bd1b646427dbc8b461df,2025-08-30T20:57:39.561000+00:00,kaspa:pp8yvjr87q02pxea8at2wwufqj2eke63gl2qrnw0pe8z2hct4wylszfwlt8tv,kaspa:qzdznegxyf6dz7ftw9nrp0tuj9h4httvncfpu6wneusjaytzsxaesx2m90w2f,5.0
83dd6468dbcf3b1757fd94cc4eb897282917514aefa3952c202e7966ed3efe99,2025-08-30T20:57:37.990000+00:00,kaspa:qzdznegxyf6dz7ftw9nrp0tuj9h4httvncfpu6wneusjaytzsxaesx2m90w2f,kaspa:pp8yvjr87q02pxea8at2wwufqj2eke63gl2qrnw0pe8z2hct4wylszfwlt8tv,5.00003
83dd6468dbcf3b1757fd94cc4eb897282917514aefa3952c202e7966ed3efe99,2025-08-30T20:57:37.990000+00:00,kaspa:qzdznegxyf6dz7ftw9nrp0tuj9h4httvncfpu6wneusjaytzsxaesx2m90w2f,kaspa:qzdznegxyf6dz7ftw9nrp0tuj9h4httvncfpu6wneusjaytzsxaesx2m90w2f,11.99983444
6ee51180154c0a6d37edb04b75ffb56906772ae0077a744e502f261bfdb4b7b3,2025-08-30T20:53:39+00:00,kaspa:qzdznegxyf6dz7ftw9nrp0tuj9h4httvncfpu6wneusjaytzsxaesx2m90w2f,kaspa:qp0eszr5v7mnkdmrr98lvyu3276vsv6hhc0r9s82j0rc8thgzzn6g7tra2jem,180.0
6ee51180154c0a6d37edb04b75ffb56906772ae0077a744e502f261bfdb4b7b3,2025-08-30T20:53:39+00:00,kaspa:qzdznegxyf6dz7ftw9nrp0tuj9h4httvncfpu6wneusjaytzsxaesx2m90w2f,kaspa:qzdznegxyf6dz7ftw9nrp0tuj9h4httvncfpu6wneusjaytzsxaesx2m90w2f,16.9998981
de35c1cc60e349e1a148b6a223d6d153995f3e0fea0ad96eb5d5f1b844add914,2025-08-30T20:52:36.005000+00:00,kaspa:ppcsvtegl856sas2pxs9xvgwf4kfrkjauuh59e0r0j3j7emmwu0sjtnwd3vz0,kaspa:qzdznegxyf6dz7ftw9nrp0tuj9h4httvncfpu6wneusjaytzsxaesx2m90w2f,189.99997
0d18986cd580956d78efb71fb4b95371fac9bd07ebe8d47aca9251f8e9b9a21a,2025-08-30T20:51:20.993000+00:00,kaspa:qzdznegxyf6dz7ftw9nrp0tuj9h4httvncfpu6wneusjaytzsxaesx2m90w2f,kaspa:ppcsvtegl856sas2pxs9xvgwf4kfrkjauuh59e0r0j3j7emmwu0sjtnwd3vz0,221.0
0d18986cd580956d78efb71fb4b95371fac9bd07ebe8d47aca9251f8e9b9a21a,2025-08-30T20:51:20.993000+00:00,kaspa:qzdznegxyf6dz7ftw9nrp0tuj9h4httvncfpu6wneusjaytzsxaesx2m90w2f,kaspa:qqkm7pcztna2mm8vfymvqwmrwrudxc6fmh6s7lfc7w8yhlz6ywnkvqutw3m8l,22.0
0d18986cd580956d78efb71fb4b95371fac9bd07ebe8d47aca9251f8e9b9a21a,2025-08-30T20:51:20.993000+00:00,kaspa:qzdznegxyf6dz7ftw9nrp0tuj9h4httvncfpu6wneusjaytzsxaesx2m90w2f,kaspa:qzdznegxyf6dz7ftw9nrp0tuj9h4httvncfpu6wneusjaytzsxaesx2m90w2f,6.99997541
e60b841bd5b98b2dfe136b9c231d5547402c2697c5ee0936c0b09681d629f8c3,2025-08-30T20:50:54.167000+00:00,kaspa:qp0eszr5v7mnkdmrr98lvyu3276vsv6hhc0r9s82j0rc8thgzzn6g7tra2jem,kaspa:qzdznegxyf6dz7ftw9nrp0tuj9h4httvncfpu6wneusjaytzsxaesx2m90w2f,250.0
e60b841bd5b98b2dfe136b9c231d5547402c2697c5ee0936c0b09681d629f8c3,2025-08-30T20:50:54.167000+00:00,kaspa:qp0eszr5v7mnkdmrr98lvyu3276vsv6hhc0r9s82j0rc8thgzzn6g7tra2jem,kaspa:qp0eszr5v7mnkdmrr98lvyu3276vsv6hhc0r9s82j0rc8thgzzn6g7tra2jem,74.93005126
890fb24e05c6a0bc494d9e81981655b1c19cb5b6ded0b5d18d04083273cd9212,2025-08-25T20:30:24.078000+00:00,kaspa:qzdznegxyf6dz7ftw9nrp0tuj9h4httvncfpu6wneusjaytzsxaesx2m90w2f,kaspa:qp0eszr5v7mnkdmrr98lvyu3276vsv6hhc0r9s82j0rc8thgzzn6g7tra2jem,31.46
c00df7e9250b5433fd2aa985f62bcb8189ccdfe1bb8e6bbbffe37d80da1a5071,2025-08-21T20:06:40.987000+00:00,kaspa:qzdznegxyf6dz7ftw9nrp0tuj9h4httvncfpu6wneusjaytzsxaesx2m90w2f,kaspa:qypzhvprwk0jvg960dpxusc22qmlg473lfkhzdes3e06a7ezsaw6mms9xd73uwy,20.00002048
c00df7e9250b5433fd2aa985f62bcb8189ccdfe1bb8e6bbbffe37d80da1a5071,2025-08-21T20:06:40.987000+00:00,kaspa:qzdznegxyf6dz7ftw9nrp0tuj9h4httvncfpu6wneusjaytzsxaesx2m90w2f,kaspa:qzdznegxyf6dz7ftw9nrp0tuj9h4httvncfpu6wneusjaytzsxaesx2m90w2f,31.48488518
9e457c72c40d37aa97f1f538384f055ddf82e3be9f94df5ce9aec83dcd05b48e,2025-08-21T20:04:35.206000+00:00,kaspa:pr9ug92mzdjswxy9ffv9fc5njuahwzcfsk696sj3mghjpxtzlpn3kxrxp00cl,kaspa:qzdznegxyf6dz7ftw9nrp0tuj9h4httvncfpu6wneusjaytzsxaesx2m90w2f,5.0
ceff58d152bc176b0ef309b6862ce3f95b38fc26a76069521b3c42f874b3b451,2025-08-21T20:04:33.364000+00:00,kaspa:qzdznegxyf6dz7ftw9nrp0tuj9h4httvncfpu6wneusjaytzsxaesx2m90w2f,kaspa:pr9ug92mzdjswxy9ffv9fc5njuahwzcfsk696sj3mghjpxtzlpn3kxrxp00cl,5.00003
ceff58d152bc176b0ef309b6862ce3f95b38fc26a76069521b3c42f874b3b451,2025-08-21T20:04:33.364000+00:00,kaspa:qzdznegxyf6dz7ftw9nrp0tuj9h4httvncfpu6wneusjaytzsxaesx2m90w2f,kaspa:qzdznegxyf6dz7ftw9nrp0tuj9h4httvncfpu6wneusjaytzsxaesx2m90w2f,46.48495297
99d39f27915a35583cb3a3e33ac24db9ce6075722752be64e7072b03e232517b,2025-08-21T20:03:54.528000+00:00,kaspa:pr9ug92mzdjswxy9ffv9fc5njuahwzcfsk696sj3mghjpxtzlpn3kxrxp00cl,kaspa:qzdznegxyf6dz7ftw9nrp0tuj9h4httvncfpu6wneusjaytzsxaesx2m90w2f,5.0
167f40e9d2fc6d5baa6afa602ba4f8c91685d64923f0d51923e3b2a65f329cf3,2025-08-21T20:03:52.592000+00:00,kaspa:qzdznegxyf6dz7ftw9nrp0tuj9h4httvncfpu6wneusjaytzsxaesx2m90w2f,kaspa:pr9ug92mzdjswxy9ffv9fc5njuahwzcfsk696sj3mghjpxtzlpn3kxrxp00cl,5.00003
167f40e9d2fc6d5baa6afa602ba4f8c91685d64923f0d51923e3b2a65f329cf3,2025-08-21T20:03:52.592000+00:00,kaspa:qzdznegxyf6dz7ftw9nrp0tuj9h4httvncfpu6wneusjaytzsxaesx2m90w2f,kaspa:qzdznegxyf6dz7ftw9nrp0tuj9h4httvncfpu6wneusjaytzsxaesx2m90w2f,46.48503045
d49b4c652e90393bc6a9f41f7c063c3936a1d5fac0d4c948669adc7d8b2837f1,2025-08-21T19:45:48.868000+00:00,kaspa:qzdznegxyf6dz7ftw9nrp0tuj9h4httvncfpu6wneusjaytzsxaesx2m90w2f,kaspa:pzux3pxxgyf233ujzrvcs4ehkwvsmlt7g5cqxlzadn7246dfc4ddxwrn8hutg,501.0
d49b4c652e90393bc6a9f41f7c063c3936a1d5fac0d4c948669adc7d8b2837f1,2025-08-21T19:45:48.868000+00:00,kaspa:qzdznegxyf6dz7ftw9nrp0tuj9h4httvncfpu6wneusjaytzsxaesx2m90w2f,kaspa:qqkm7pcztna2mm8vfymvqwmrwrudxc6fmh6s7lfc7w8yhlz6ywnkvqutw3m8l,50.0
d49b4c652e90393bc6a9f41f7c063c3936a1d5fac0d4c948669adc7d8b2837f1,2025-08-21T19:45:48.868000+00:00,kaspa:qzdznegxyf6dz7ftw9nrp0tuj9h4httvncfpu6wneusjaytzsxaesx2m90w2f,kaspa:qzdznegxyf6dz7ftw9nrp0tuj9h4httvncfpu6wneusjaytzsxaesx2m90w2f,51.48509116
14e9c91baa58b5d6e21afc1f668a83403591f267fe1a1e84060dedecd07dab6d,2025-08-21T19:45:28.155000+00:00,kaspa:qzdznegxyf6dz7ftw9nrp0tuj9h4httvncfpu6wneusjaytzsxaesx2m90w2f,kaspa:qzdznegxyf6dz7ftw9nrp0tuj9h4httvncfpu6wneusjaytzsxaesx2m90w2f,602.48511575
3555d171ef583a306dd44f75b334008e1ca15757814368d9124346e54a77d2b6,2025-08-21T19:44:59.963000+00:00,kaspa:qqmhxwmj7rgt8gtuzpxjf4zhncg6vu3zwpxfhfvqcsx5wkndky74wy36v3ynm,kaspa:qzdznegxyf6dz7ftw9nrp0tuj9h4httvncfpu6wneusjaytzsxaesx2m90w2f,45.0
3555d171ef583a306dd44f75b334008e1ca15757814368d9124346e54a77d2b6,2025-08-21T19:44:59.963000+00:00,kaspa:qqmhxwmj7rgt8gtuzpxjf4zhncg6vu3zwpxfhfvqcsx5wkndky74wy36v3ynm,kaspa:qqmhxwmj7rgt8gtuzpxjf4zhncg6vu3zwpxfhfvqcsx5wkndky74wy36v3ynm,868.6858006
0187694584c92a345c573d8afe106458f2770ba855f15b05c01db709ec4063a6,2025-08-21T19:44:45.177000+00:00,kaspa:qqmhxwmj7rgt8gtuzpxjf4zhncg6vu3zwpxfhfvqcsx5wkndky74wy36v3ynm,kaspa:qzdznegxyf6dz7ftw9nrp0tuj9h4httvncfpu6wneusjaytzsxaesx2m90w2f,550.0
0187694584c92a345c573d8afe106458f2770ba855f15b05c01db709ec4063a6,2025-08-21T19:44:45.177000+00:00,kaspa:qqmhxwmj7rgt8gtuzpxjf4zhncg6vu3zwpxfhfvqcsx5wkndky74wy36v3ynm,kaspa:qqmhxwmj7rgt8gtuzpxjf4zhncg6vu3zwpxfhfvqcsx5wkndky74wy36v3ynm,913.68583114
c417e40a5129a77a9c0bab8614684658742ec831aefbbb158019eaf25bce8149,2025-06-19T22:28:16.689000+00:00,kaspa:pqzpgeeauh7k39rns7s2atqmqlnsxxgf667r57q9d0raalja3wp6uy6ze9uen,kaspa:qzdznegxyf6dz7ftw9nrp0tuj9h4httvncfpu6wneusjaytzsxaesx2m90w2f,5.0
e6b9b95b21fdc5fd1870bb776caf6af5f747cf04004777ac3204c067e42cae72,2025-06-19T22:28:15.692000+00:00,kaspa:qzdznegxyf6dz7ftw9nrp0tuj9h4httvncfpu6wneusjaytzsxaesx2m90w2f,kaspa:pqzpgeeauh7k39rns7s2atqmqlnsxxgf667r57q9d0raalja3wp6uy6ze9uen,5.00003
e6b9b95b21fdc5fd1870bb776caf6af5f747cf04004777ac3204c067e42cae72,2025-06-19T22:28:15.692000+00:00,kaspa:qzdznegxyf6dz7ftw9nrp0tuj9h4httvncfpu6wneusjaytzsxaesx2m90w2f,kaspa:qzdznegxyf6dz7ftw9nrp0tuj9h4httvncfpu6wneusjaytzsxaesx2m90w2f,2.48519042
26d6f0e1a0d6b8ef81eb452b83ea6c4444cb76e3c53c8d95b027b7429cc14b2c,2025-06-19T22:27:49.332000+00:00,kaspa:prlzdux6xxezgphpjcwrtmafq6u9gecxy2z6sc6ygk29qlkghq4255evm2097,kaspa:qzdznegxyf6dz7ftw9nrp0tuj9h4httvncfpu6wneusjaytzsxaesx2m90w2f,5.0
e2858c7844b56826befa13a5100ae82f225dce04060be9072a584cdad52eea01,2025-06-19T22:27:45.919000+00:00,kaspa:qzdznegxyf6dz7ftw9nrp0tuj9h4httvncfpu6wneusjaytzsxaesx2m90w2f,kaspa:prlzdux6xxezgphpjcwrtmafq6u9gecxy2z6sc6ygk29qlkghq4255evm2097,5.00003
e2858c7844b56826befa13a5100ae82f225dce04060be9072a584cdad52eea01,2025-06-19T22:27:45.919000+00:00,kaspa:qzdznegxyf6dz7ftw9nrp0tuj9h4httvncfpu6wneusjaytzsxaesx2m90w2f,kaspa:qzdznegxyf6dz7ftw9nrp0tuj9h4httvncfpu6wneusjaytzsxaesx2m90w2f,2.4852679
a5678089c8919a11f204de395339f281c4c85011ff699c5e700afed20fbe1dca,2025-06-19T22:27:20.168000+00:00,kaspa:pqwz9jvrg7w4zjy9wwa6uhzek6kkz6ql2hjntkfhrnzlmmal0ukpv9qgv3gfq,kaspa:qzdznegxyf6dz7ftw9nrp0tuj9h4httvncfpu6wneusjaytzsxaesx2m90w2f,5.0
8bedd346ee60a40049e5579931aebf3f0170e8430545335872862699f740db33,2025-06-19T22:27:17.154000+00:00,kaspa:qzdznegxyf6dz7ftw9nrp0tuj9h4httvncfpu6wneusjaytzsxaesx2m90w2f,kaspa:pqwz9jvrg7w4zjy9wwa6uhzek6kkz6ql2hjntkfhrnzlmmal0ukpv9qgv3gfq,5.00003
8bedd346ee60a40049e5579931aebf3f0170e8430545335872862699f740db33,2025-06-19T22:27:17.154000+00:00,kaspa:qzdznegxyf6dz7ftw9nrp0tuj9h4httvncfpu6wneusjaytzsxaesx2m90w2f,kaspa:qzdznegxyf6dz7ftw9nrp0tuj9h4httvncfpu6wneusjaytzsxaesx2m90w2f,2.48534538
71bf41bf170953badb4ad3d4d64b8df82f45c22634a8328d086ee1b09c88a234,2025-06-19T22:26:53.167000+00:00,kaspa:prxph9r98mw5rln3xw33nf8tlr23wt3n26fy69wtc0d7lr5whv26wn7rsjzdl,kaspa:qzdznegxyf6dz7ftw9nrp0tuj9h4httvncfpu6wneusjaytzsxaesx2m90w2f,5.0
568a4222b8b3eb9694acf18fbeab9217317d7733ea2cf65f9ee927d252a51560,2025-06-19T22:26:50.585000+00:00,kaspa:qzdznegxyf6dz7ftw9nrp0tuj9h4httvncfpu6wneusjaytzsxaesx2m90w2f,kaspa:prxph9r98mw5rln3xw33nf8tlr23wt3n26fy69wtc0d7lr5whv26wn7rsjzdl,5.00003
568a4222b8b3eb9694acf18fbeab9217317d7733ea2cf65f9ee927d252a51560,2025-06-19T22:26:50.585000+00:00,kaspa:qzdznegxyf6dz7ftw9nrp0tuj9h4httvncfpu6wneusjaytzsxaesx2m90w2f,kaspa:qzdznegxyf6dz7ftw9nrp0tuj9h4httvncfpu6wneusjaytzsxaesx2m90w2f,2.48542286
804fe9069ac9330e29aaffb306aead80b0aa49ee1918578c5605be95924770c8,2025-06-19T22:26:05.981000+00:00,kaspa:prswqhsr5pe3xrqlq7p77h2rl96p7nr3y5sxentljn7z84wsvdspklkfvq7hp,kaspa:qzdznegxyf6dz7ftw9nrp0tuj9h4httvncfpu6wneusjaytzsxaesx2m90w2f,5.0
e5b8704c40d63cb56bd21c586d0e1be0a21ef800497cb89f9b2475ee9b6104d5,2025-06-19T22:26:03.231000+00:00,kaspa:qzdznegxyf6dz7ftw9nrp0tuj9h4httvncfpu6wneusjaytzsxaesx2m90w2f,kaspa:prswqhsr5pe3xrqlq7p77h2rl96p7nr3y5sxentljn7z84wsvdspklkfvq7hp,5.00003
e5b8704c40d63cb56bd21c586d0e1be0a21ef800497cb89f9b2475ee9b6104d5,2025-06-19T22:26:03.231000+00:00,kaspa:qzdznegxyf6dz7ftw9nrp0tuj9h4httvncfpu6wneusjaytzsxaesx2m90w2f,kaspa:qzdznegxyf6dz7ftw9nrp0tuj9h4httvncfpu6wneusjaytzsxaesx2m90w2f,2.48550034
0d7607b43786fa31db4d1a3afe9d1dace6546720900894b8e66e76a9ed5e691e,2025-06-19T22:25:36.717000+00:00,kaspa:pr4g37j6ka0eqsm20cs9s9ejenqthww5fux05p0fj5vaspxmxqzqysauktcwf,kaspa:qzdznegxyf6dz7ftw9nrp0tuj9h4httvncfpu6wneusjaytzsxaesx2m90w2f,5.0
1bd816dc8f3eaf7076abe93d49878a512b5f737f33a6c09f4c775a375f2df993,2025-06-19T22:25:33.938000+00:00,kaspa:qzdznegxyf6dz7ftw9nrp0tuj9h4httvncfpu6wneusjaytzsxaesx2m90w2f,kaspa:pr4g37j6ka0eqsm20cs9s9ejenqthww5fux05p0fj5vaspxmxqzqysauktcwf,5.00003
1bd816dc8f3eaf7076abe93d49878a512b5f737f33a6c09f4c775a375f2df993,2025-06-19T22:25:33.938000+00:00,kaspa:qzdznegxyf6dz7ftw9nrp0tuj9h4httvncfpu6wneusjaytzsxaesx2m90w2f,kaspa:qzdznegxyf6dz7ftw9nrp0tuj9h4httvncfpu6wneusjaytzsxaesx2m90w2f,2.48557782
5ce970c8cff33c17e0e5fcdaa7efbbaf6572b2efc02d84a8746f193d6de813bc,2025-06-19T22:25:06.951000+00:00,kaspa:qzdznegxyf6dz7ftw9nrp0tuj9h4httvncfpu6wneusjaytzsxaesx2m90w2f,kaspa:ppt7j439ejvvh3amk8w5ljqz08t2yfqw50c85ls0hr5rtavrzcswkcr49lnas,5.00003
5ce970c8cff33c17e0e5fcdaa7efbbaf6572b2efc02d84a8746f193d6de813bc,2025-06-19T22:25:06.951000+00:00,kaspa:qzdznegxyf6dz7ftw9nrp0tuj9h4httvncfpu6wneusjaytzsxaesx2m90w2f,kaspa:qzdznegxyf6dz7ftw9nrp0tuj9h4httvncfpu6wneusjaytzsxaesx2m90w2f,2.4856553
37109364091ddd02e3512bcacd79f5a0846a4ffc4f508f636341c045a652a8b0,2025-06-19T22:24:28.634000+00:00,kaspa:ppt7j439ejvvh3amk8w5ljqz08t2yfqw50c85ls0hr5rtavrzcswkcr49lnas,kaspa:qzdznegxyf6dz7ftw9nrp0tuj9h4httvncfpu6wneusjaytzsxaesx2m90w2f,5.0
e0a39a82306c3528315003980feda9daca51e58082845d368dc3f097a083dd75,2025-06-19T22:23:57.536000+00:00,kaspa:pr8klelazcsqnvn35hgt89kqxj246g2knsd45d5dw9l2yly2r3sejn0kgn0q0,kaspa:qzdznegxyf6dz7ftw9nrp0tuj9h4httvncfpu6wneusjaytzsxaesx2m90w2f,5.0
c0c69ccdbcda512d4c74e3732396b25f994c23994ca6068ae2728a2b0fd5c89d,2025-06-19T22:23:55.207000+00:00,kaspa:qzdznegxyf6dz7ftw9nrp0tuj9h4httvncfpu6wneusjaytzsxaesx2m90w2f,kaspa:pr8klelazcsqnvn35hgt89kqxj246g2knsd45d5dw9l2yly2r3sejn0kgn0q0,5.00003
c0c69ccdbcda512d4c74e3732396b25f994c23994ca6068ae2728a2b0fd5c89d,2025-06-19T22:23:55.207000+00:00,kaspa:qzdznegxyf6dz7ftw9nrp0tuj9h4httvncfpu6wneusjaytzsxaesx2m90w2f,kaspa:qzdznegxyf6dz7ftw9nrp0tuj9h4httvncfpu6wneusjaytzsxaesx2m90w2f,2.48573278
fd1d7cd9daa135616af3c32691c076e0a807d7f51e1335e64551707cc1ef5db3,2025-06-10T14:37:34.117000+00:00,kaspa:qzdznegxyf6dz7ftw9nrp0tuj9h4httvncfpu6wneusjaytzsxaesx2m90w2f,kaspa:qqmhxwmj7rgt8gtuzpxjf4zhncg6vu3zwpxfhfvqcsx5wkndky74wy36v3ynm,50.0
fd1d7cd9daa135616af3c32691c076e0a807d7f51e1335e64551707cc1ef5db3,2025-06-10T14:37:34.117000+00:00,kaspa:qzdznegxyf6dz7ftw9nrp0tuj9h4httvncfpu6wneusjaytzsxaesx2m90w2f,kaspa:qzdznegxyf6dz7ftw9nrp0tuj9h4httvncfpu6wneusjaytzsxaesx2m90w2f,7.48583307
41e65529c1f66e16bcf34f9db20e3c5b726a6e926e187d6b296b91766e88cb60,2025-05-09T23:38:11.766000+00:00,kaspa:qzdznegxyf6dz7ftw9nrp0tuj9h4httvncfpu6wneusjaytzsxaesx2m90w2f,kaspa:qzs82tn9sc7m2ygzefrvzud23m3jw6qx8nkr9v2tq8cgpaqw8q98cxe8dvqk2,5.0
41e65529c1f66e16bcf34f9db20e3c5b726a6e926e187d6b296b91766e88cb60,2025-05-09T23:38:11.766000+00:00,kaspa:qzdznegxyf6dz7ftw9nrp0tuj9h4httvncfpu6wneusjaytzsxaesx2m90w2f,kaspa:qzdznegxyf6dz7ftw9nrp0tuj9h4httvncfpu6wneusjaytzsxaesx2m90w2f,57.48586361
d7458fb729ec76da23b55d2a4f0dafd47a580a4c88d98d3d33c802a86fec8240,2025-05-09T23:33:11.346000+00:00,kaspa:pz0qr6krl6ms687vh32uqjzzssjh7dwq0xgyk4eygykd8kr2cvzmkwrl0u60p,kaspa:qzdznegxyf6dz7ftw9nrp0tuj9h4httvncfpu6wneusjaytzsxaesx2m90w2f,5.0
3580259c21f73762cf3bd05f775f3b906f5480dd15a47bd3bbb81dbd4c605c53,2025-05-09T23:33:10.351000+00:00,kaspa:qzdznegxyf6dz7ftw9nrp0tuj9h4httvncfpu6wneusjaytzsxaesx2m90w2f,kaspa:pz0qr6krl6ms687vh32uqjzzssjh7dwq0xgyk4eygykd8kr2cvzmkwrl0u60p,5.00003
3580259c21f73762cf3bd05f775f3b906f5480dd15a47bd3bbb81dbd4c605c53,2025-05-09T23:33:10.351000+00:00,kaspa:qzdznegxyf6dz7ftw9nrp0tuj9h4httvncfpu6wneusjaytzsxaesx2m90w2f,kaspa:qzdznegxyf6dz7ftw9nrp0tuj9h4httvncfpu6wneusjaytzsxaesx2m90w2f,57.48591092
921d3e7b98eb440744b99b21939e947b08b32bb9f6f976c70dfe766c1b6ab504,2025-05-09T22:53:38.759000+00:00,kaspa:pr9p0cmw3p5nmeku2actttxvdjm2w5ms22u9ph90nvhm48e0wewgghag9yay2,kaspa:qzdznegxyf6dz7ftw9nrp0tuj9h4httvncfpu6wneusjaytzsxaesx2m90w2f,5.0
cb9d6bcc9766470bf9bc8e52d58cd4bdb491408817459e366f56772ad74808a4,2025-05-09T22:53:37.124000+00:00,kaspa:qzdznegxyf6dz7ftw9nrp0tuj9h4httvncfpu6wneusjaytzsxaesx2m90w2f,kaspa:pr9p0cmw3p5nmeku2actttxvdjm2w5ms22u9ph90nvhm48e0wewgghag9yay2,5.00003
cb9d6bcc9766470bf9bc8e52d58cd4bdb491408817459e366f56772ad74808a4,2025-05-09T22:53:37.124000+00:00,kaspa:qzdznegxyf6dz7ftw9nrp0tuj9h4httvncfpu6wneusjaytzsxaesx2m90w2f,kaspa:qzdznegxyf6dz7ftw9nrp0tuj9h4httvncfpu6wneusjaytzsxaesx2m90w2f,57.4859884
78954b5f452a2459db5095439177bf9b29228b3de1e862bdeed4a6e3e6120283,2025-05-09T22:52:32.374000+00:00,kaspa:prgsfp9nz7uuvxqsalrzxcj8enujhxj4gglqgv75czadcy7xs7ejyc5gj2qdd,kaspa:qzdznegxyf6dz7ftw9nrp0tuj9h4httvncfpu6wneusjaytzsxaesx2m90w2f,5.0
99cc238980998b9a2ff9555c93b22c6a679f43de308e4c2e343d9cbbfb933b8b,2025-05-09T22:52:31.420000+00:00,kaspa:qzdznegxyf6dz7ftw9nrp0tuj9h4httvncfpu6wneusjaytzsxaesx2m90w2f,kaspa:prgsfp9nz7uuvxqsalrzxcj8enujhxj4gglqgv75czadcy7xs7ejyc5gj2qdd,5.00003
99cc238980998b9a2ff9555c93b22c6a679f43de308e4c2e343d9cbbfb933b8b,2025-05-09T22:52:31.420000+00:00,kaspa:qzdznegxyf6dz7ftw9nrp0tuj9h4httvncfpu6wneusjaytzsxaesx2m90w2f,kaspa:qzdznegxyf6dz7ftw9nrp0tuj9h4httvncfpu6wneusjaytzsxaesx2m90w2f,57.48606588
8ce5a4e7db82522a1424c1c71a6ba325ffeef70e110ce5b9910c21b13cd9c5ab,2025-05-09T22:51:43.238000+00:00,kaspa:ppa7g3ev0zglae7zwh34asf82eflj8utxqguhtpl67ve6tvf24zxsss23xy52,kaspa:qzdznegxyf6dz7ftw9nrp0tuj9h4httvncfpu6wneusjaytzsxaesx2m90w2f,5.0
481b02a47ff0db1e58ad2a83233049d966661d76c5d6de8721c853205eceb806,2025-05-09T22:51:41.161000+00:00,kaspa:qzdznegxyf6dz7ftw9nrp0tuj9h4httvncfpu6wneusjaytzsxaesx2m90w2f,kaspa:ppa7g3ev0zglae7zwh34asf82eflj8utxqguhtpl67ve6tvf24zxsss23xy52,5.00003
481b02a47ff0db1e58ad2a83233049d966661d76c5d6de8721c853205eceb806,2025-05-09T22:51:41.161000+00:00,kaspa:qzdznegxyf6dz7ftw9nrp0tuj9h4httvncfpu6wneusjaytzsxaesx2m90w2f,kaspa:qzdznegxyf6dz7ftw9nrp0tuj9h4httvncfpu6wneusjaytzsxaesx2m90w2f,57.48614336
4e584aeaf011ede2039ee9b0c41522e51c8fb62e339c35005a86fdb8f8e08806,2025-05-09T22:21:32.755000+00:00,kaspa:ppaxjr980hhyuzj3a3nqu39uhwhxhmccxzgtlfjguc4a0rnxcl82kp9aq2rwy,kaspa:qzdznegxyf6dz7ftw9nrp0tuj9h4httvncfpu6wneusjaytzsxaesx2m90w2f,5.0
7bccaaed36e0b5384d5bcf81bf5067d197180d440488d6675cfa802d49cf6721,2025-05-09T22:21:31.074000+00:00,kaspa:qzdznegxyf6dz7ftw9nrp0tuj9h4httvncfpu6wneusjaytzsxaesx2m90w2f,kaspa:ppaxjr980hhyuzj3a3nqu39uhwhxhmccxzgtlfjguc4a0rnxcl82kp9aq2rwy,5.00003
7bccaaed36e0b5384d5bcf81bf5067d197180d440488d6675cfa802d49cf6721,2025-05-09T22:21:31.074000+00:00,kaspa:qzdznegxyf6dz7ftw9nrp0tuj9h4httvncfpu6wneusjaytzsxaesx2m90w2f,kaspa:qzdznegxyf6dz7ftw9nrp0tuj9h4httvncfpu6wneusjaytzsxaesx2m90w2f,57.48622084
500792d9641230def1fac1d2fea296a3793947d826f4d6d6178f74d272ccb009,2025-02-14T21:10:34.840000+00:00,kaspa:pr4ur02q5yvkgm6sh8epn3u8c85cc362aut045qjgt5uwwep7wuwg2wrdkv94,kaspa:qzdznegxyf6dz7ftw9nrp0tuj9h4httvncfpu6wneusjaytzsxaesx2m90w2f,5.0
1856212d93ee4a43ea9ffcea671790c9815354b5d2b717c5bf3ffb184af843e1,2025-02-14T21:10:30.352000+00:00,kaspa:qzdznegxyf6dz7ftw9nrp0tuj9h4httvncfpu6wneusjaytzsxaesx2m90w2f,kaspa:pr4ur02q5yvkgm6sh8epn3u8c85cc362aut045qjgt5uwwep7wuwg2wrdkv94,15.0
1856212d93ee4a43ea9ffcea671790c9815354b5d2b717c5bf3ffb184af843e1,2025-02-14T21:10:30.352000+00:00,kaspa:qzdznegxyf6dz7ftw9nrp0tuj9h4httvncfpu6wneusjaytzsxaesx2m90w2f,kaspa:qzxh7ra2uq6g4spd3el2x6tafk6wf7v88qnfmvyw3yjcxreqnruy5wlkpwkhf,10.0
1856212d93ee4a43ea9ffcea671790c9815354b5d2b717c5bf3ffb184af843e1,2025-02-14T21:10:30.352000+00:00,kaspa:qzdznegxyf6dz7ftw9nrp0tuj9h4httvncfpu6wneusjaytzsxaesx2m90w2f,kaspa:qzdznegxyf6dz7ftw9nrp0tuj9h4httvncfpu6wneusjaytzsxaesx2m90w2f,57.48629832
25259081ad17a14eabd2927731b1f8d818c7cb3db9e98e4a364f364282d7734f,2025-02-12T21:36:59.654000+00:00,kaspa:pqc8t8s073vgyqsx975mqmfl2h2hqjy345pqhzzls8vckkaa7kdn7244lwm7x,kaspa:qzeegrxt993rkwkupx0u8yd8sz94atpeg4e7x8yrjav8x7wgulxszc8svhenj,221.0
25259081ad17a14eabd2927731b1f8d818c7cb3db9e98e4a364f364282d7734f,2025-02-12T21:36:59.654000+00:00,kaspa:pqc8t8s073vgyqsx975mqmfl2h2hqjy345pqhzzls8vckkaa7kdn7244lwm7x,kaspa:qzdznegxyf6dz7ftw9nrp0tuj9h4httvncfpu6wneusjaytzsxaesx2m90w2f,5.0
263f0123b95a7ca1a8137582d310207b93467cca9721e30ead5a7d7b70d7e602,2025-02-12T21:36:55.975000+00:00,kaspa:qzdznegxyf6dz7ftw9nrp0tuj9h4httvncfpu6wneusjaytzsxaesx2m90w2f,kaspa:pqc8t8s073vgyqsx975mqmfl2h2hqjy345pqhzzls8vckkaa7kdn7244lwm7x,236.0
263f0123b95a7ca1a8137582d310207b93467cca9721e30ead5a7d7b70d7e602,2025-02-12T21:36:55.975000+00:00,kaspa:qzdznegxyf6dz7ftw9nrp0tuj9h4httvncfpu6wneusjaytzsxaesx2m90w2f,kaspa:qzxh7ra2uq6g4spd3el2x6tafk6wf7v88qnfmvyw3yjcxreqnruy5wlkpwkhf,10.0
263f0123b95a7ca1a8137582d310207b93467cca9721e30ead5a7d7b70d7e602,2025-02-12T21:36:55.975000+00:00,kaspa:qzdznegxyf6dz7ftw9nrp0tuj9h4httvncfpu6wneusjaytzsxaesx2m90w2f,kaspa:qzdznegxyf6dz7ftw9nrp0tuj9h4httvncfpu6wneusjaytzsxaesx2m90w2f,77.48635198
a14e15d30c3866d9fbee452a8c568aa76e5c3a89feb6ec7463d70286218ee835,2025-02-12T21:34:28.959000+00:00,kaspa:pqc8t8s073vgyqsx975mqmfl2h2hqjy345pqhzzls8vckkaa7kdn7244lwm7x,kaspa:qzeegrxt993rkwkupx0u8yd8sz94atpeg4e7x8yrjav8x7wgulxszc8svhenj,221.0
a14e15d30c3866d9fbee452a8c568aa76e5c3a89feb6ec7463d70286218ee835,2025-02-12T21:34:28.959000+00:00,kaspa:pqc8t8s073vgyqsx975mqmfl2h2hqjy345pqhzzls8vckkaa7kdn7244lwm7x,kaspa:qzdznegxyf6dz7ftw9nrp0tuj9h4httvncfpu6wneusjaytzsxaesx2m90w2f,5.0
318316417a8c591116572a1eafc19fa73ce2008e60260662fc63f89fc06d50e4,2025-02-12T21:34:26.495000+00:00,kaspa:qzdznegxyf6dz7ftw9nrp0tuj9h4httvncfpu6wneusjaytzsxaesx2m90w2f,kaspa:pqc8t8s073vgyqsx975mqmfl2h2hqjy345pqhzzls8vckkaa7kdn7244lwm7x,236.0
318316417a8c591116572a1eafc19fa73ce2008e60260662fc63f89fc06d50e4,2025-02-12T21:34:26.495000+00:00,kaspa:qzdznegxyf6dz7ftw9nrp0tuj9h4httvncfpu6wneusjaytzsxaesx2m90w2f,kaspa:qzxh7ra2uq6g4spd3el2x6tafk6wf7v88qnfmvyw3yjcxreqnruy5wlkpwkhf,10.0
318316417a8c591116572a1eafc19fa73ce2008e60260662fc63f89fc06d50e4,2025-02-12T21:34:26.495000+00:00,kaspa:qzdznegxyf6dz7ftw9nrp0tuj9h4httvncfpu6wneusjaytzsxaesx2m90w2f,kaspa:qzdznegxyf6dz7ftw9nrp0tuj9h4httvncfpu6wneusjaytzsxaesx2m90w2f,318.48640564
d13dfe20384b4766dce764bd273b30100d6e077168ac2adf4d826f958829e067,2025-02-12T21:33:25.083000+00:00,kaspa:qypzhvprwk0jvg960dpxusc22qmlg473lfkhzdes3e06a7ezsaw6mms9xd73uwy,kaspa:qzdznegxyf6dz7ftw9nrp0tuj9h4httvncfpu6wneusjaytzsxaesx2m90w2f,385.0
d13dfe20384b4766dce764bd273b30100d6e077168ac2adf4d826f958829e067,2025-02-12T21:33:25.083000+00:00,kaspa:qypzhvprwk0jvg960dpxusc22qmlg473lfkhzdes3e06a7ezsaw6mms9xd73uwy,kaspa:qypzhvprwk0jvg960dpxusc22qmlg473lfkhzdes3e06a7ezsaw6mms9xd73uwy,912000.7868885
c1ab5eecc0a2f4f221d4fae69b71a4857180df2fb2810097a3a9f5de7d15e59c,2025-02-08T16:18:08.486000+00:00,kaspa:qzdznegxyf6dz7ftw9nrp0tuj9h4httvncfpu6wneusjaytzsxaesx2m90w2f,kaspa:qzdznegxyf6dz7ftw9nrp0tuj9h4httvncfpu6wneusjaytzsxaesx2m90w2f,179.4864593
5f05bb1a62cabb60944362a32df8ce3bfe05430081a491fb0de055e1c47153f9,2025-02-08T15:28:36.943000+00:00,kaspa:prgjmtfqsl8ewg0cf57ag7dmafx3nzlscqvcpeqvzlfm620a3sc2z5nhvzezw,kaspa:qzdznegxyf6dz7ftw9nrp0tuj9h4httvncfpu6wneusjaytzsxaesx2m90w2f,5.0
3876ad626b3a06c0b0631649dfdd047f49e610608307907533ab9cf731d08b4e,2025-02-08T15:28:33.101000+00:00,kaspa:qzdznegxyf6dz7ftw9nrp0tuj9h4httvncfpu6wneusjaytzsxaesx2m90w2f,kaspa:prgjmtfqsl8ewg0cf57ag7dmafx3nzlscqvcpeqvzlfm620a3sc2z5nhvzezw,15.0
3876ad626b3a06c0b0631649dfdd047f49e610608307907533ab9cf731d08b4e,2025-02-08T15:28:33.101000+00:00,kaspa:qzdznegxyf6dz7ftw9nrp0tuj9h4httvncfpu6wneusjaytzsxaesx2m90w2f,kaspa:qzxh7ra2uq6g4spd3el2x6tafk6wf7v88qnfmvyw3yjcxreqnruy5wlkpwkhf,10.0
3876ad626b3a06c0b0631649dfdd047f49e610608307907533ab9cf731d08b4e,2025-02-08T15:28:33.101000+00:00,kaspa:qzdznegxyf6dz7ftw9nrp0tuj9h4httvncfpu6wneusjaytzsxaesx2m90w2f,kaspa:qzdznegxyf6dz7ftw9nrp0tuj9h4httvncfpu6wneusjaytzsxaesx2m90w2f,169.4865172
e1f2dca6cf76d48757dd6906a121b3b91b4791fcfbda59030e7bc5d7661b0417,2025-02-08T15:28:33.101000+00:00,kaspa:prgjmtfqsl8ewg0cf57ag7dmafx3nzlscqvcpeqvzlfm620a3sc2z5nhvzezw,kaspa:qzdznegxyf6dz7ftw9nrp0tuj9h4httvncfpu6wneusjaytzsxaesx2m90w2f,5.0
36472e51c37b670247c68f4f1903fcb2f826205399291607097baf594079bdcd,2025-02-08T15:28:29.656000+00:00,kaspa:qzdznegxyf6dz7ftw9nrp0tuj9h4httvncfpu6wneusjaytzsxaesx2m90w2f,kaspa:prgjmtfqsl8ewg0cf57ag7dmafx3nzlscqvcpeqvzlfm620a3sc2z5nhvzezw,15.0
36472e51c37b670247c68f4f1903fcb2f826205399291607097baf594079bdcd,2025-02-08T15:28:29.656000+00:00,kaspa:qzdznegxyf6dz7ftw9nrp0tuj9h4httvncfpu6wneusjaytzsxaesx2m90w2f,kaspa:qzxh7ra2uq6g4spd3el2x6tafk6wf7v88qnfmvyw3yjcxreqnruy5wlkpwkhf,10.0
36472e51c37b670247c68f4f1903fcb2f826205399291607097baf594079bdcd,2025-02-08T15:28:29.656000+00:00,kaspa:qzdznegxyf6dz7ftw9nrp0tuj9h4httvncfpu6wneusjaytzsxaesx2m90w2f,kaspa:qzdznegxyf6dz7ftw9nrp0tuj9h4httvncfpu6wneusjaytzsxaesx2m90w2f,194.48657086
15649adac64a2c9dd01b16895206da906f1c571c0ba0cbdbf79f7169a04b9b4c,2025-02-05T17:25:03.035000+00:00,kaspa:pq8pykkxwyph33as4e0t75vhu5m54u4cdnyj37s2guj68ajlahf42jwy5eytp,kaspa:qzvtwtv2xrp2dk2ppffl66pk8wcc4lsf0xrehnfp8ewl3vt48w8nu600cy45r,1000.0
15649adac64a2c9dd01b16895206da906f1c571c0ba0cbdbf79f7169a04b9b4c,2025-02-05T17:25:03.035000+00:00,kaspa:pq8pykkxwyph33as4e0t75vhu5m54u4cdnyj37s2guj68ajlahf42jwy5eytp,kaspa:qzdznegxyf6dz7ftw9nrp0tuj9h4httvncfpu6wneusjaytzsxaesx2m90w2f,5.0
c2fb2b3816e3dc675ee7d77f0f95f1500979a079e46187e44bdbbdca0f915851,2025-02-05T17:25:01.201000+00:00,kaspa:qzdznegxyf6dz7ftw9nrp0tuj9h4httvncfpu6wneusjaytzsxaesx2m90w2f,kaspa:pq8pykkxwyph33as4e0t75vhu5m54u4cdnyj37s2guj68ajlahf42jwy5eytp,1015.0
c2fb2b3816e3dc675ee7d77f0f95f1500979a079e46187e44bdbbdca0f915851,2025-02-05T17:25:01.201000+00:00,kaspa:qzdznegxyf6dz7ftw9nrp0tuj9h4httvncfpu6wneusjaytzsxaesx2m90w2f,kaspa:qzxh7ra2uq6g4spd3el2x6tafk6wf7v88qnfmvyw3yjcxreqnruy5wlkpwkhf,10.0
c2fb2b3816e3dc675ee7d77f0f95f1500979a079e46187e44bdbbdca0f915851,2025-02-05T17:25:01.201000+00:00,kaspa:qzdznegxyf6dz7ftw9nrp0tuj9h4httvncfpu6wneusjaytzsxaesx2m90w2f,kaspa:qzdznegxyf6dz7ftw9nrp0tuj9h4httvncfpu6wneusjaytzsxaesx2m90w2f,214.48662452
2e02ae18462e06999647b6a56a85f4dda0bb45ad86cde49c5396fdec76af06af,2025-02-05T17:24:36.380000+00:00,kaspa:qzdznegxyf6dz7ftw9nrp0tuj9h4httvncfpu6wneusjaytzsxaesx2m90w2f,kaspa:qzdznegxyf6dz7ftw9nrp0tuj9h4httvncfpu6wneusjaytzsxaesx2m90w2f,1239.48666141
6c539af73da1f3b4d081ad20ae68977b6be640770a9914c2134d4e7be88fd63f,2025-02-05T17:23:22.125000+00:00,kaspa:pq8pykkxwyph33as4e0t75vhu5m54u4cdnyj37s2guj68ajlahf42jwy5eytp,kaspa:qzvtwtv2xrp2dk2ppffl66pk8wcc4lsf0xrehnfp8ewl3vt48w8nu600cy45r,1000.0
6c539af73da1f3b4d081ad20ae68977b6be640770a9914c2134d4e7be88fd63f,2025-02-05T17:23:22.125000+00:00,kaspa:pq8pykkxwyph33as4e0t75vhu5m54u4cdnyj37s2guj68ajlahf42jwy5eytp,kaspa:qzdznegxyf6dz7ftw9nrp0tuj9h4httvncfpu6wneusjaytzsxaesx2m90w2f,5.0
f33d9bf2f5eb628803d9eca53f97ad923ec8d3e0835aa7aba0436c409869d233,2025-02-05T17:23:19.890000+00:00,kaspa:pq8pykkxwyph33as4e0t75vhu5m54u4cdnyj37s2guj68ajlahf42jwy5eytp,kaspa:qzvtwtv2xrp2dk2ppffl66pk8wcc4lsf0xrehnfp8ewl3vt48w8nu600cy45r,1000.0
f33d9bf2f5eb628803d9eca53f97ad923ec8d3e0835aa7aba0436c409869d233,2025-02-05T17:23:19.890000+00:00,kaspa:pq8pykkxwyph33as4e0t75vhu5m54u4cdnyj37s2guj68ajlahf42jwy5eytp,kaspa:qzdznegxyf6dz7ftw9nrp0tuj9h4httvncfpu6wneusjaytzsxaesx2m90w2f,5.0
4ebdf75739bc3c5f1209ca61eca045f57a40a9d6288295aa8946f466e3849abc,2025-02-05T17:23:19.890000+00:00,kaspa:qzdznegxyf6dz7ftw9nrp0tuj9h4httvncfpu6wneusjaytzsxaesx2m90w2f,kaspa:pq8pykkxwyph33as4e0t75vhu5m54u4cdnyj37s2guj68ajlahf42jwy5eytp,1015.0
4ebdf75739bc3c5f1209ca61eca045f57a40a9d6288295aa8946f466e3849abc,2025-02-05T17:23:19.890000+00:00,kaspa:qzdznegxyf6dz7ftw9nrp0tuj9h4httvncfpu6wneusjaytzsxaesx2m90w2f,kaspa:qzxh7ra2uq6g4spd3el2x6tafk6wf7v88qnfmvyw3yjcxreqnruy5wlkpwkhf,10.0
4ebdf75739bc3c5f1209ca61eca045f57a40a9d6288295aa8946f466e3849abc,2025-02-05T17:23:19.890000+00:00,kaspa:qzdznegxyf6dz7ftw9nrp0tuj9h4httvncfpu6wneusjaytzsxaesx2m90w2f,kaspa:qzdznegxyf6dz7ftw9nrp0tuj9h4httvncfpu6wneusjaytzsxaesx2m90w2f,1229.48671931
99506d6949fe8278acc9aafd3912ce09cadef09cfc3f06efbd1dce4a1f6a852b,2025-02-05T17:23:16.076000+00:00,kaspa:qzdznegxyf6dz7ftw9nrp0tuj9h4httvncfpu6wneusjaytzsxaesx2m90w2f,kaspa:pq8pykkxwyph33as4e0t75vhu5m54u4cdnyj37s2guj68ajlahf42jwy5eytp,1015.0
99506d6949fe8278acc9aafd3912ce09cadef09cfc3f06efbd1dce4a1f6a852b,2025-02-05T17:23:16.076000+00:00,kaspa:qzdznegxyf6dz7ftw9nrp0tuj9h4httvncfpu6wneusjaytzsxaesx2m90w2f,kaspa:qzxh7ra2uq6g4spd3el2x6tafk6wf7v88qnfmvyw3yjcxreqnruy5wlkpwkhf,10.0
99506d6949fe8278acc9aafd3912ce09cadef09cfc3f06efbd1dce4a1f6a852b,2025-02-05T17:23:16.076000+00:00,kaspa:qzdznegxyf6dz7ftw9nrp0tuj9h4httvncfpu6wneusjaytzsxaesx2m90w2f,kaspa:qzdznegxyf6dz7ftw9nrp0tuj9h4httvncfpu6wneusjaytzsxaesx2m90w2f,2254.4867562
b61c4ea8634a62a0fab8c51cb88d34563ea83f4a0ed7df75b8bd0b9e786fb22e,2025-02-05T17:22:46.616000+00:00,kaspa:qzdznegxyf6dz7ftw9nrp0tuj9h4httvncfpu6wneusjaytzsxaesx2m90w2f,kaspa:qzdznegxyf6dz7ftw9nrp0tuj9h4httvncfpu6wneusjaytzsxaesx2m90w2f,3279.48679309
d4cc04197e907957e97f3692277ddf309fabd9b68280e4f77d3fc70a961fa3b0,2025-02-05T17:22:28.324000+00:00,kaspa:qyp6ld8gs0tqt2kyhu3j5ahm534sq2c9lf9txmpwkql8svx4s5r4q4qq60tpt2v,kaspa:qzdznegxyf6dz7ftw9nrp0tuj9h4httvncfpu6wneusjaytzsxaesx2m90w2f,1679.48694578
3a60aa77ce3972d98b08aea677eb4203c35e6d88caa080fbf46f46349efded9f,2025-02-05T17:21:32.058000+00:00,kaspa:qqmhxwmj7rgt8gtuzpxjf4zhncg6vu3zwpxfhfvqcsx5wkndky74wy36v3ynm,kaspa:qzdznegxyf6dz7ftw9nrp0tuj9h4httvncfpu6wneusjaytzsxaesx2m90w2f,120.0
3a60aa77ce3972d98b08aea677eb4203c35e6d88caa080fbf46f46349efded9f,2025-02-05T17:21:32.058000+00:00,kaspa:qqmhxwmj7rgt8gtuzpxjf4zhncg6vu3zwpxfhfvqcsx5wkndky74wy36v3ynm,kaspa:qqmhxwmj7rgt8gtuzpxjf4zhncg6vu3zwpxfhfvqcsx5wkndky74wy36v3ynm,47.44081587
8d371a26316673dbaa7cea58db6ddb63f113d1d8043825038c8befa4f48440fb,2025-02-05T17:19:56.051000+00:00,kaspa:qzdznegxyf6dz7ftw9nrp0tuj9h4httvncfpu6wneusjaytzsxaesx2m90w2f,kaspa:qzdznegxyf6dz7ftw9nrp0tuj9h4httvncfpu6wneusjaytzsxaesx2m90w2f,1479.99990521
55b595a9c9d90bb2d7607bed27c8f92efd2e39d34067391d98e719a878373adf,2025-02-05T17:19:30.707000+00:00,kaspa:qyp6ld8gs0tqt2kyhu3j5ahm534sq2c9lf9txmpwkql8svx4s5r4q4qq60tpt2v,kaspa:qzdznegxyf6dz7ftw9nrp0tuj9h4httvncfpu6wneusjaytzsxaesx2m90w2f,1300.0
55b595a9c9d90bb2d7607bed27c8f92efd2e39d34067391d98e719a878373adf,2025-02-05T17:19:30.707000+00:00,kaspa:qyp6ld8gs0tqt2kyhu3j5ahm534sq2c9lf9txmpwkql8svx4s5r4q4qq60tpt2v,kaspa:qyp6ld8gs0tqt2kyhu3j5ahm534sq2c9lf9txmpwkql8svx4s5r4q4qq60tpt2v,1679.48696203
f5593db0aa5e5f50ee0f2bceb0431908a8eb08fcb03e28694d8a7b0651223fb0,2025-02-05T17:17:25.794000+00:00,kaspa:pq8pykkxwyph33as4e0t75vhu5m54u4cdnyj37s2guj68ajlahf42jwy5eytp,kaspa:qzvtwtv2xrp2dk2ppffl66pk8wcc4lsf0xrehnfp8ewl3vt48w8nu600cy45r,1000.0
f5593db0aa5e5f50ee0f2bceb0431908a8eb08fcb03e28694d8a7b0651223fb0,2025-02-05T17:17:25.794000+00:00,kaspa:pq8pykkxwyph33as4e0t75vhu5m54u4cdnyj37s2guj68ajlahf42jwy5eytp,kaspa:qzdznegxyf6dz7ftw9nrp0tuj9h4httvncfpu6wneusjaytzsxaesx2m90w2f,5.0
ad56f6fe18a42459587bad57d6060dfe206b47b171e7863d0f0af674906feedc,2025-02-05T17:17:21.522000+00:00,kaspa:qzdznegxyf6dz7ftw9nrp0tuj9h4httvncfpu6wneusjaytzsxaesx2m90w2f,kaspa:pq8pykkxwyph33as4e0t75vhu5m54u4cdnyj37s2guj68ajlahf42jwy5eytp,1015.0
ad56f6fe18a42459587bad57d6060dfe206b47b171e7863d0f0af674906feedc,2025-02-05T17:17:21.522000+00:00,kaspa:qzdznegxyf6dz7ftw9nrp0tuj9h4httvncfpu6wneusjaytzsxaesx2m90w2f,kaspa:qzxh7ra2uq6g4spd3el2x6tafk6wf7v88qnfmvyw3yjcxreqnruy5wlkpwkhf,10.0
ad56f6fe18a42459587bad57d6060dfe206b47b171e7863d0f0af674906feedc,2025-02-05T17:17:21.522000+00:00,kaspa:qzdznegxyf6dz7ftw9nrp0tuj9h4httvncfpu6wneusjaytzsxaesx2m90w2f,kaspa:qzdznegxyf6dz7ftw9nrp0tuj9h4httvncfpu6wneusjaytzsxaesx2m90w2f,174.99996311
de9106f40e2ad2ef4bb97b0255dbf25b1aaa80dd971479d60548446282ccecac,2025-02-05T17:16:41.453000+00:00,kaspa:qyp6ld8gs0tqt2kyhu3j5ahm534sq2c9lf9txmpwkql8svx4s5r4q4qq60tpt2v,kaspa:qzdznegxyf6dz7ftw9nrp0tuj9h4httvncfpu6wneusjaytzsxaesx2m90w2f,1200.0
de9106f40e2ad2ef4bb97b0255dbf25b1aaa80dd971479d60548446282ccecac,2025-02-05T17:16:41.453000+00:00,kaspa:qyp6ld8gs0tqt2kyhu3j5ahm534sq2c9lf9txmpwkql8svx4s5r4q4qq60tpt2v,kaspa:qyp6ld8gs0tqt2kyhu3j5ahm534sq2c9lf9txmpwkql8svx4s5r4q4qq60tpt2v,2979.48698251
85e7f6f7898f3d0876c8fe7a83af5601bb17de9d8c2ae1acea20b8959060b9c1,2024-10-30T23:20:02.878000+00:00,kaspa:qzdznegxyf6dz7ftw9nrp0tuj9h4httvncfpu6wneusjaytzsxaesx2m90w2f,kaspa:qqmhxwmj7rgt8gtuzpxjf4zhncg6vu3zwpxfhfvqcsx5wkndky74wy36v3ynm,1222.18
18a25fd2398d40cdf85ed44b235999aaa9947c403325a2795d02c32df770cf4f,2024-10-30T18:49:56.002000+00:00,kaspa:pp57qk96gx6ur32sc6tm3w77qe6wnj47z5l34dw4m2uljvuadr9mxamu8x5lg,kaspa:qzdznegxyf6dz7ftw9nrp0tuj9h4httvncfpu6wneusjaytzsxaesx2m90w2f,5.0
dd12b9d41b0259f08c78a3cfc86b6da754f156c9b72adb8d981027040ad52273,2024-10-30T18:49:53.850000+00:00,kaspa:qzdznegxyf6dz7ftw9nrp0tuj9h4httvncfpu6wneusjaytzsxaesx2m90w2f,kaspa:pp57qk96gx6ur32sc6tm3w77qe6wnj47z5l34dw4m2uljvuadr9mxamu8x5lg,5.0000799
dd12b9d41b0259f08c78a3cfc86b6da754f156c9b72adb8d981027040ad52273,2024-10-30T18:49:53.850000+00:00,kaspa:qzdznegxyf6dz7ftw9nrp0tuj9h4httvncfpu6wneusjaytzsxaesx2m90w2f,kaspa:qzdznegxyf6dz7ftw9nrp0tuj9h4httvncfpu6wneusjaytzsxaesx2m90w2f,1217.20296264
8c499d5c65e4a73af5c367b2bd9e6c2239db1ff482aaa572d46c1f4cb281fee6,2024-10-30T18:16:36.515000+00:00,kaspa:pr96ygc02uhc04wqumndgydnm5pg6tznt44cxdjwrj3vcsqs8cpk2y4jxhmeh,kaspa:qzdznegxyf6dz7ftw9nrp0tuj9h4httvncfpu6wneusjaytzsxaesx2m90w2f,17.56892007
6af5bc35e0dae764838b689016976ad6fed53b332a54b6d16bcf3695239f6386,2024-10-30T18:10:15.408000+00:00,kaspa:qzdznegxyf6dz7ftw9nrp0tuj9h4httvncfpu6wneusjaytzsxaesx2m90w2f,kaspa:pr96ygc02uhc04wqumndgydnm5pg6tznt44cxdjwrj3vcsqs8cpk2y4jxhmeh,117.71989269
6af5bc35e0dae764838b689016976ad6fed53b332a54b6d16bcf3695239f6386,2024-10-30T18:10:15.408000+00:00,kaspa:qzdznegxyf6dz7ftw9nrp0tuj9h4httvncfpu6wneusjaytzsxaesx2m90w2f,kaspa:qqkm7pcztna2mm8vfymvqwmrwrudxc6fmh6s7lfc7w8yhlz6ywnkvqutw3m8l,5.0
6af5bc35e0dae764838b689016976ad6fed53b332a54b6d16bcf3695239f6386,2024-10-30T18:10:15.408000+00:00,kaspa:qzdznegxyf6dz7ftw9nrp0tuj9h4httvncfpu6wneusjaytzsxaesx2m90w2f,kaspa:qzdznegxyf6dz7ftw9nrp0tuj9h4httvncfpu6wneusjaytzsxaesx2m90w2f,1204.63424891
a0bff12fe89adb99f365bc0d269694e88f4ab65cedfce39eddcbe3ae9eddc08c,2024-10-30T17:20:49.342000+00:00,kaspa:qzdznegxyf6dz7ftw9nrp0tuj9h4httvncfpu6wneusjaytzsxaesx2m90w2f,kaspa:pr96ygc02uhc04wqumndgydnm5pg6tznt44cxdjwrj3vcsqs8cpk2y4jxhmeh,454.0306188
a0bff12fe89adb99f365bc0d269694e88f4ab65cedfce39eddcbe3ae9eddc08c,2024-10-30T17:20:49.342000+00:00,kaspa:qzdznegxyf6dz7ftw9nrp0tuj9h4httvncfpu6wneusjaytzsxaesx2m90w2f,kaspa:qqkm7pcztna2mm8vfymvqwmrwrudxc6fmh6s7lfc7w8yhlz6ywnkvqutw3m8l,20.0
a0bff12fe89adb99f365bc0d269694e88f4ab65cedfce39eddcbe3ae9eddc08c,2024-10-30T17:20:49.342000+00:00,kaspa:qzdznegxyf6dz7ftw9nrp0tuj9h4httvncfpu6wneusjaytzsxaesx2m90w2f,kaspa:qzdznegxyf6dz7ftw9nrp0tuj9h4httvncfpu6wneusjaytzsxaesx2m90w2f,1330.1921143
d76459d0a229e2429d050215b6a5f669eed6dd03e119bcdaa87fa2bfc570a65f,2024-10-30T17:19:20.203000+00:00,kaspa:qyp6ld8gs0tqt2kyhu3j5ahm534sq2c9lf9txmpwkql8svx4s5r4q4qq60tpt2v,kaspa:qzdznegxyf6dz7ftw9nrp0tuj9h4httvncfpu6wneusjaytzsxaesx2m90w2f,1807.0
d76459d0a229e2429d050215b6a5f669eed6dd03e119bcdaa87fa2bfc570a65f,2024-10-30T17:19:20.203000+00:00,kaspa:qyp6ld8gs0tqt2kyhu3j5ahm534sq2c9lf9txmpwkql8svx4s5r4q4qq60tpt2v,kaspa:qyp6ld8gs0tqt2kyhu3j5ahm534sq2c9lf9txmpwkql8svx4s5r4q4qq60tpt2v,200995.35717682
