tx_id,timestamp,sender,recipient,amount_kas
0d78a95c0f1488dbaa88fa1ead56a84e870b9bd54683e38dc90e8aa34ec2d40d,2025-08-25T00:36:47.549000+00:00,kaspa:qqwqeu76ansr802yv4fj9xlp7y94uhfhn642mqkx6s75vv43yd042r3hd8ex3,kaspa:qzv92qplvf59l6qrq68cfwffezjrv46fuv7mvjmvz3uu3mnpn4qfuywcxfrg8,3112.25
6cb4fc248df42676c19d93773527491c825fdde9d514fa862ab53ac4657d066d,2025-08-25T00:35:49.821000+00:00,kaspa:pqn2vzc3ywe4ucv6n3s2ajxsdmc4gygcg3gkzg9j0zluhjvkvkwckehlw7w6q,kaspa:qqwqeu76ansr802yv4fj9xlp7y94uhfhn642mqkx6s75vv43yd042r3hd8ex3,5.0
cc3306329394bac65d4cb854be006a56f3e68f2eb957b7891d461faa25f047be,2025-08-25T00:35:48.712000+00:00,kaspa:qqwqeu76ansr802yv4fj9xlp7y94uhfhn642mqkx6s75vv43yd042r3hd8ex3,kaspa:pqn2vzc3ywe4ucv6n3s2ajxsdmc4gygcg3gkzg9j0zluhjvkvkwckehlw7w6q,5.00003
cc3306329394bac65d4cb854be006a56f3e68f2eb957b7891d461faa25f047be,2025-08-25T00:35:48.712000+00:00,kaspa:qqwqeu76ansr802yv4fj9xlp7y94uhfhn642mqkx6s75vv43yd042r3hd8ex3,kaspa:qqwqeu76ansr802yv4fj9xlp7y94uhfhn642mqkx6s75vv43yd042r3hd8ex3,3107.27948748
1087227a9a6ee855e4f9101eb0564a0f214cd420a08efad4363ecd63736c0d05,2025-08-25T00:34:46.121000+00:00,kaspa:pz3qmtjck7magdw64gyxl5ulzy8lgg0zysux4a0emr4uye72vpy4278huxd0p,kaspa:qqwqeu76ansr802yv4fj9xlp7y94uhfhn642mqkx6s75vv43yd042r3hd8ex3,5.0
0459c5ee3d6c7aa5d380385d1cbeea3b391987bf14073126cf6dbb496d79bd44,2025-08-25T00:34:44.050000+00:00,kaspa:qqwqeu76ansr802yv4fj9xlp7y94uhfhn642mqkx6s75vv43yd042r3hd8ex3,kaspa:qzny84srg0j2t02zpluumzpprxtuuc3c2wm7uc7clyk2yecrfa99s8m2es3a7,5.00006
0459c5ee3d6c7aa5d380385d1cbeea3b391987bf14073126cf6dbb496d79bd44,2025-08-25T00:34:44.050000+00:00,kaspa:qqwqeu76ansr802yv4fj9xlp7y94uhfhn642mqkx6s75vv43yd042r3hd8ex3,kaspa:qqwqeu76ansr802yv4fj9xlp7y94uhfhn642mqkx6s75vv43yd042r3hd8ex3,3107.27956496
5bcef969815e3861a40d3d3a80dc799b452bf26a6c6f95801f4aeb5721cf9775,2025-08-25T00:32:53.841000+00:00,kaspa:pz0htkh0jkhu2kfzs6pspyxg20mlc0dudt3dccxwrx3d9etuhywf5tytwy0hw,kaspa:qqwqeu76ansr802yv4fj9xlp7y94uhfhn642mqkx6s75vv43yd042r3hd8ex3,5.0
3c050226b1a058a92ba17a90eec109303afdf928861d610466385cfc471ea124,2025-08-25T00:32:50.537000+00:00,kaspa:qqwqeu76ansr802yv4fj9xlp7y94uhfhn642mqkx6s75vv43yd042r3hd8ex3,kaspa:qzkmm3vg86c868mvfjxmw5lk9pqr53eg6spwsujzqjjl5yjkvmkcq6vee2zdq,5.00006
3c050226b1a058a92ba17a90eec109303afdf928861d610466385cfc471ea124,2025-08-25T00:32:50.537000+00:00,kaspa:qqwqeu76ansr802yv4fj9xlp7y94uhfhn642mqkx6s75vv43yd042r3hd8ex3,kaspa:qqwqeu76ansr802yv4fj9xlp7y94uhfhn642mqkx6s75vv43yd042r3hd8ex3,3107.27967227
ec631066ed3e0eab01e550f2c5759be9697915efd235f2b5ff03b655d92d3d34,2025-08-25T00:32:39.266000+00:00,kaspa:ppga79gwceaun6yre2efs5mkxtxr5alee7090z6nm4t8vdcvnf4x5dc4u96ly,kaspa:qqwqeu76ansr802yv4fj9xlp7y94uhfhn642mqkx6s75vv43yd042r3hd8ex3,5.0
9aaf1d9065eab6a9ab1d44eb1f15815a9371acd1f32b2f3eb34d2f66d25cc7e8,2025-08-25T00:32:37.211000+00:00,kaspa:qqwqeu76ansr802yv4fj9xlp7y94uhfhn642mqkx6s75vv43yd042r3hd8ex3,kaspa:qzqszegrdm6whrg98epa4u6s4ev7jkf9cy2l29xgcspun3qf6kz0u5sl796yp,5.00006
9aaf1d9065eab6a9ab1d44eb1f15815a9371acd1f32b2f3eb34d2f66d25cc7e8,2025-08-25T00:32:37.211000+00:00,kaspa:qqwqeu76ansr802yv4fj9xlp7y94uhfhn642mqkx6s75vv43yd042r3hd8ex3,kaspa:qqwqeu76ansr802yv4fj9xlp7y94uhfhn642mqkx6s75vv43yd042r3hd8ex3,3107.27977958
ad9bcb6ab784afd53e09def2d3f6795acd657eee0c883e3fa716ddeda585d82a,2025-08-25T00:32:11.891000+00:00,kaspa:ppgn7ttwhzrc9s8zeruskfyltlcp0tce2ze9dpwy954nwl7rwk3rgt5q0hujy,kaspa:qqwqeu76ansr802yv4fj9xlp7y94uhfhn642mqkx6s75vv43yd042r3hd8ex3,5.0
1f13c6c5068ac7861e42cc2d391a26697d24f60153d8022be2121f842cdb13a3,2025-08-25T00:32:09.122000+00:00,kaspa:qqwqeu76ansr802yv4fj9xlp7y94uhfhn642mqkx6s75vv43yd042r3hd8ex3,kaspa:qrcj4sd7368k5345cwf0f665y9hhlwu9jmue3z4vd8cjc4mmcde02d3gntzfe,5.00006
1f13c6c5068ac7861e42cc2d391a26697d24f60153d8022be2121f842cdb13a3,2025-08-25T00:32:09.122000+00:00,kaspa:qqwqeu76ansr802yv4fj9xlp7y94uhfhn642mqkx6s75vv43yd042r3hd8ex3,kaspa:qqwqeu76ansr802yv4fj9xlp7y94uhfhn642mqkx6s75vv43yd042r3hd8ex3,3107.27988689
bc1b17fa55996ec354b6d698fd38f9ade3aa76dff6de0f779c0fb209d11417ce,2025-08-25T00:31:29.670000+00:00,kaspa:pr82nfzzncdhhxxjeey7lytrgl635x63jcgd30htn26e59jj0fdu7503tzk80,kaspa:qqwqeu76ansr802yv4fj9xlp7y94uhfhn642mqkx6s75vv43yd042r3hd8ex3,5.0
2f4539bafdac8c556680773be48aa28288cbfbd1938d562aeba995d212dc4183,2025-08-25T00:31:28.280000+00:00,kaspa:qqwqeu76ansr802yv4fj9xlp7y94uhfhn642mqkx6s75vv43yd042r3hd8ex3,kaspa:pr82nfzzncdhhxxjeey7lytrgl635x63jcgd30htn26e59jj0fdu7503tzk80,5.00003
2f4539bafdac8c556680773be48aa28288cbfbd1938d562aeba995d212dc4183,2025-08-25T00:31:28.280000+00:00,kaspa:qqwqeu76ansr802yv4fj9xlp7y94uhfhn642mqkx6s75vv43yd042r3hd8ex3,kaspa:qqwqeu76ansr802yv4fj9xlp7y94uhfhn642mqkx6s75vv43yd042r3hd8ex3,3107.2799942
9a1c144ea3029c20df37d3640de59af14291dc575d299d067d6d3fa8f9cc631e,2025-08-25T00:30:35.878000+00:00,kaspa:pq2frlk6e70v576m6nanljxy82eqykm9vag0waenjcdzqhux78us2nh6az4dv,kaspa:qqwqeu76ansr802yv4fj9xlp7y94uhfhn642mqkx6s75vv43yd042r3hd8ex3,5.0
8e9d60876615cb1ef049f5c2c21ccf9b705a989dd25ddec34abf44c1249bf9f6,2025-08-25T00:30:33.709000+00:00,kaspa:qqwqeu76ansr802yv4fj9xlp7y94uhfhn642mqkx6s75vv43yd042r3hd8ex3,kaspa:pq2frlk6e70v576m6nanljxy82eqykm9vag0waenjcdzqhux78us2nh6az4dv,5.00003
8e9d60876615cb1ef049f5c2c21ccf9b705a989dd25ddec34abf44c1249bf9f6,2025-08-25T00:30:33.709000+00:00,kaspa:qqwqeu76ansr802yv4fj9xlp7y94uhfhn642mqkx6s75vv43yd042r3hd8ex3,kaspa:qqwqeu76ansr802yv4fj9xlp7y94uhfhn642mqkx6s75vv43yd042r3hd8ex3,3107.28007168
fdad8cd88b59991d89fad8cb4dd63301f72ba9a3dce754121ff607193fd29471,2025-08-25T00:30:11.105000+00:00,kaspa:prcjczgcmdgjp7jms7pn4qng3z08s6p9km8f2h62r59rs0eckgz5uezxw0yje,kaspa:qqwqeu76ansr802yv4fj9xlp7y94uhfhn642mqkx6s75vv43yd042r3hd8ex3,5.0
0a3eeb2ebb54d95c81f91bc537ccae0f0b0a43880ceb8465a1035bffc9e12584,2025-08-25T00:30:09.789000+00:00,kaspa:qqwqeu76ansr802yv4fj9xlp7y94uhfhn642mqkx6s75vv43yd042r3hd8ex3,kaspa:prcjczgcmdgjp7jms7pn4qng3z08s6p9km8f2h62r59rs0eckgz5uezxw0yje,5.00003
0a3eeb2ebb54d95c81f91bc537ccae0f0b0a43880ceb8465a1035bffc9e12584,2025-08-25T00:30:09.789000+00:00,kaspa:qqwqeu76ansr802yv4fj9xlp7y94uhfhn642mqkx6s75vv43yd042r3hd8ex3,kaspa:qqwqeu76ansr802yv4fj9xlp7y94uhfhn642mqkx6s75vv43yd042r3hd8ex3,3107.28014916
a62084397963638a47c12ad3f1251206b20224bb13b76aa0243c3a00c0914d37,2025-08-25T00:27:08.524000+00:00,kaspa:ppskvrrunaju036enc9c99ycwctptv62p2y7xtswgzl9vay99tkd55ajmnfly,kaspa:qqwqeu76ansr802yv4fj9xlp7y94uhfhn642mqkx6s75vv43yd042r3hd8ex3,5.0
1e99dd0ea87b0af92bd44468a9567192d33cb1a90c221b6e3f38c47172d72544,2025-08-25T00:27:06.316000+00:00,kaspa:qqwqeu76ansr802yv4fj9xlp7y94uhfhn642mqkx6s75vv43yd042r3hd8ex3,kaspa:ppskvrrunaju036enc9c99ycwctptv62p2y7xtswgzl9vay99tkd55ajmnfly,5.00003
1e99dd0ea87b0af92bd44468a9567192d33cb1a90c221b6e3f38c47172d72544,2025-08-25T00:27:06.316000+00:00,kaspa:qqwqeu76ansr802yv4fj9xlp7y94uhfhn642mqkx6s75vv43yd042r3hd8ex3,kaspa:qqwqeu76ansr802yv4fj9xlp7y94uhfhn642mqkx6s75vv43yd042r3hd8ex3,3107.28022664
b5b821377d2f1659760d47cc836cba5e849250ed3a5d1a434ee6a64bb23f33ad,2025-08-25T00:26:16.976000+00:00,kaspa:prh80hhy9ljdnc4fe2cddhqyzsjdwgjtmc7ye5np9aj9eur2qj6vyg253ndhm,kaspa:qqwqeu76ansr802yv4fj9xlp7y94uhfhn642mqkx6s75vv43yd042r3hd8ex3,5.0
7066b7e5a7552762f89835ce579073efa0af299a41f75a3f1bf1b9e365a692aa,2025-08-25T00:26:15.018000+00:00,kaspa:qqwqeu76ansr802yv4fj9xlp7y94uhfhn642mqkx6s75vv43yd042r3hd8ex3,kaspa:prh80hhy9ljdnc4fe2cddhqyzsjdwgjtmc7ye5np9aj9eur2qj6vyg253ndhm,5.00003
7066b7e5a7552762f89835ce579073efa0af299a41f75a3f1bf1b9e365a692aa,2025-08-25T00:26:15.018000+00:00,kaspa:qqwqeu76ansr802yv4fj9xlp7y94uhfhn642mqkx6s75vv43yd042r3hd8ex3,kaspa:qqwqeu76ansr802yv4fj9xlp7y94uhfhn642mqkx6s75vv43yd042r3hd8ex3,3107.28030412
964edd701e9c245c0cdbbdff24413e450a3baf31b4efd01797b7653b3d483881,2025-08-25T00:24:42.287000+00:00,kaspa:pqcxn9c8a2kd787c0yewky4p0pp6hrsra2c9gmmkgwek86kyghngu3syl35cm,kaspa:qqwqeu76ansr802yv4fj9xlp7y94uhfhn642mqkx6s75vv43yd042r3hd8ex3,5.0
d4d847c9bc67b6a4cc7b78dffb8b5abfa8a756f5748550795ed152b845b9ce07,2025-08-25T00:24:39.803000+00:00,kaspa:qqwqeu76ansr802yv4fj9xlp7y94uhfhn642mqkx6s75vv43yd042r3hd8ex3,kaspa:pqcxn9c8a2kd787c0yewky4p0pp6hrsra2c9gmmkgwek86kyghngu3syl35cm,5.00003
d4d847c9bc67b6a4cc7b78dffb8b5abfa8a756f5748550795ed152b845b9ce07,2025-08-25T00:24:39.803000+00:00,kaspa:qqwqeu76ansr802yv4fj9xlp7y94uhfhn642mqkx6s75vv43yd042r3hd8ex3,kaspa:qqwqeu76ansr802yv4fj9xlp7y94uhfhn642mqkx6s75vv43yd042r3hd8ex3,3107.2803816
38d348067a7a688f5aa27941d03436cb52d94da0c7c8e0523eb4ee18a2af3813,2025-08-23T21:11:09.451000+00:00,kaspa:pzah2ghmkhm2wpjrvawqfjltt25cnea324x9q3xjaat4s32tdryfj6evrvwmj,kaspa:qqwqeu76ansr802yv4fj9xlp7y94uhfhn642mqkx6s75vv43yd042r3hd8ex3,5.0
1a8f1a8c25392ed6c5f544e59c8d5ffb1a22bc9f942c6b66830f303912e255e6,2025-08-23T21:11:07.564000+00:00,kaspa:qqwqeu76ansr802yv4fj9xlp7y94uhfhn642mqkx6s75vv43yd042r3hd8ex3,kaspa:pzah2ghmkhm2wpjrvawqfjltt25cnea324x9q3xjaat4s32tdryfj6evrvwmj,5.00003
1a8f1a8c25392ed6c5f544e59c8d5ffb1a22bc9f942c6b66830f303912e255e6,2025-08-23T21:11:07.564000+00:00,kaspa:qqwqeu76ansr802yv4fj9xlp7y94uhfhn642mqkx6s75vv43yd042r3hd8ex3,kaspa:qqwqeu76ansr802yv4fj9xlp7y94uhfhn642mqkx6s75vv43yd042r3hd8ex3,3107.28045908
61fa2598b4fa8bc8e612d34c928643d49edf6dfb7ceec298f1aeb16e3ca23808,2025-08-23T06:37:22.562000+00:00,kaspa:pzplxx2u6wmlpdms5z5ezgwz9syx96skpgdljg2gasx99r79kjqs2ph9ntata,kaspa:qqwqeu76ansr802yv4fj9xlp7y94uhfhn642mqkx6s75vv43yd042r3hd8ex3,5.0
7b3561ed93eb52f112a805288d19153df425a2daea2eea6aa25fb8c8e20ba552,2025-08-23T06:37:19.845000+00:00,kaspa:qqwqeu76ansr802yv4fj9xlp7y94uhfhn642mqkx6s75vv43yd042r3hd8ex3,kaspa:qqpp93ums0c8u6q3y6ve9aey6aa2m4nhc7enn5e8wq3addl7dlyq5zk249qcj,5.00006
7b3561ed93eb52f112a805288d19153df425a2daea2eea6aa25fb8c8e20ba552,2025-08-23T06:37:19.845000+00:00,kaspa:qqwqeu76ansr802yv4fj9xlp7y94uhfhn642mqkx6s75vv43yd042r3hd8ex3,kaspa:qqwqeu76ansr802yv4fj9xlp7y94uhfhn642mqkx6s75vv43yd042r3hd8ex3,3107.28053656
88f075f8d27d5c1efb7cfe4aab7dd960781c454b861537d98a3ec20bc5a3f0c6,2025-08-23T06:35:38.239000+00:00,kaspa:pzx0gwqvy7n0rtxxucp6qqvtuznceu90rsu4aa6w4790yzn4x2v7jmj5xlrk7,kaspa:qqwqeu76ansr802yv4fj9xlp7y94uhfhn642mqkx6s75vv43yd042r3hd8ex3,5.0
18883b5f05a0e799d2f75343d1da831788f28ece8ec97a7b5ef03dea4dfad6e8,2025-08-23T06:35:35.637000+00:00,kaspa:qqwqeu76ansr802yv4fj9xlp7y94uhfhn642mqkx6s75vv43yd042r3hd8ex3,kaspa:qqkxvhu8ucj6h83nwwvsjtnqut20umvemste7hqtx0gacvd0jjnrumayh5ku5,5.00006
18883b5f05a0e799d2f75343d1da831788f28ece8ec97a7b5ef03dea4dfad6e8,2025-08-23T06:35:35.637000+00:00,kaspa:qqwqeu76ansr802yv4fj9xlp7y94uhfhn642mqkx6s75vv43yd042r3hd8ex3,kaspa:qqwqeu76ansr802yv4fj9xlp7y94uhfhn642mqkx6s75vv43yd042r3hd8ex3,3107.28064387
fb4eb66f50520a822ae062d2f93ea09e3ec51ecb8cdce5ddc5fc93cc21334a85,2025-08-23T06:26:07.020000+00:00,kaspa:pzq995q4gs9sagmdq9paupcqs0yclgfr8v72s0vxsdznl436x38quzlquz0w7,kaspa:qqwqeu76ansr802yv4fj9xlp7y94uhfhn642mqkx6s75vv43yd042r3hd8ex3,5.0
d4cbf1439b8d12a1e31196acdd06b7ccd45dca61e45ded5bde68535cdead5e83,2025-08-23T06:26:05.738000+00:00,kaspa:qqwqeu76ansr802yv4fj9xlp7y94uhfhn642mqkx6s75vv43yd042r3hd8ex3,kaspa:pzq995q4gs9sagmdq9paupcqs0yclgfr8v72s0vxsdznl436x38quzlquz0w7,5.00003
d4cbf1439b8d12a1e31196acdd06b7ccd45dca61e45ded5bde68535cdead5e83,2025-08-23T06:26:05.738000+00:00,kaspa:qqwqeu76ansr802yv4fj9xlp7y94uhfhn642mqkx6s75vv43yd042r3hd8ex3,kaspa:qqwqeu76ansr802yv4fj9xlp7y94uhfhn642mqkx6s75vv43yd042r3hd8ex3,3107.28075118
7c850cee8c2e1a63141d89853ae63283363fdc45298c5cd67b1f600861c571fd,2025-08-23T06:23:48.017000+00:00,kaspa:pz2evzvuc0nnkz6c9vgpturzw7d4ug9nledyarw3kjmgjj7v6u6zzhcaz8vxn,kaspa:qqwqeu76ansr802yv4fj9xlp7y94uhfhn642mqkx6s75vv43yd042r3hd8ex3,5.0
92419e892c4fcce8ba6e8022df06fda41450a504647f9d102257fda45bec7b30,2025-08-23T06:23:46.074000+00:00,kaspa:qqwqeu76ansr802yv4fj9xlp7y94uhfhn642mqkx6s75vv43yd042r3hd8ex3,kaspa:pz2evzvuc0nnkz6c9vgpturzw7d4ug9nledyarw3kjmgjj7v6u6zzhcaz8vxn,5.00003
92419e892c4fcce8ba6e8022df06fda41450a504647f9d102257fda45bec7b30,2025-08-23T06:23:46.074000+00:00,kaspa:qqwqeu76ansr802yv4fj9xlp7y94uhfhn642mqkx6s75vv43yd042r3hd8ex3,kaspa:qqwqeu76ansr802yv4fj9xlp7y94uhfhn642mqkx6s75vv43yd042r3hd8ex3,3107.28082866
e958334ee219bb46642f067f944be36159c532f32ef8d66fb74ba6b4c7a22c0e,2025-08-23T06:19:19.400000+00:00,kaspa:prefmtsnkqus02e8qxm4cxk7d7zqj9y6jl0qjmx2sn0elgy77chavxkkkmng4,kaspa:qqwqeu76ansr802yv4fj9xlp7y94uhfhn642mqkx6s75vv43yd042r3hd8ex3,5.0
1c45124fc4279480970306b43a6c738a8e8406a6669867de117da8f40afa1fc0,2025-08-23T06:19:18.556000+00:00,kaspa:qqwqeu76ansr802yv4fj9xlp7y94uhfhn642mqkx6s75vv43yd042r3hd8ex3,kaspa:prefmtsnkqus02e8qxm4cxk7d7zqj9y6jl0qjmx2sn0elgy77chavxkkkmng4,5.00003
1c45124fc4279480970306b43a6c738a8e8406a6669867de117da8f40afa1fc0,2025-08-23T06:19:18.556000+00:00,kaspa:qqwqeu76ansr802yv4fj9xlp7y94uhfhn642mqkx6s75vv43yd042r3hd8ex3,kaspa:qqwqeu76ansr802yv4fj9xlp7y94uhfhn642mqkx6s75vv43yd042r3hd8ex3,3107.28090614
f1e4d1c1a3d765d3d0d2f2b662e7dd095542229be2dd56b35523e6299d1bc830,2025-08-23T06:16:55.599000+00:00,kaspa:pz6nxrd33yr6nafhhnlmd57d5r8f2xpx3r2u7a9gpzt0td7epucwshh5glfew,kaspa:qqwqeu76ansr802yv4fj9xlp7y94uhfhn642mqkx6s75vv43yd042r3hd8ex3,5.0
29991df6c44fee81fbebff72fe16a7b8c4953f01c113d4f8626dc6a38097063a,2025-08-23T06:16:54.551000+00:00,kaspa:qqwqeu76ansr802yv4fj9xlp7y94uhfhn642mqkx6s75vv43yd042r3hd8ex3,kaspa:pz6nxrd33yr6nafhhnlmd57d5r8f2xpx3r2u7a9gpzt0td7epucwshh5glfew,5.00003
29991df6c44fee81fbebff72fe16a7b8c4953f01c113d4f8626dc6a38097063a,2025-08-23T06:16:54.551000+00:00,kaspa:qqwqeu76ansr802yv4fj9xlp7y94uhfhn642mqkx6s75vv43yd042r3hd8ex3,kaspa:qqwqeu76ansr802yv4fj9xlp7y94uhfhn642mqkx6s75vv43yd042r3hd8ex3,3107.28098362
29ce318ff7a04312b536661d73aa9bb5a14cc74c59879d51c5f84d4f7fe449ae,2025-08-23T06:14:02.282000+00:00,kaspa:pr4v2r5frkjlqfwh2vmgzmehfzu3kfhvnfv8tcgtevxsdf7tzl09x3w5jmdf0,kaspa:qqwqeu76ansr802yv4fj9xlp7y94uhfhn642mqkx6s75vv43yd042r3hd8ex3,5.0
06c480cac80fe0191aed0dbe1e0bbdef45055c2e04105f3ab8c6df49e56e62a8,2025-08-23T06:14:00.996000+00:00,kaspa:qqwqeu76ansr802yv4fj9xlp7y94uhfhn642mqkx6s75vv43yd042r3hd8ex3,kaspa:pr4v2r5frkjlqfwh2vmgzmehfzu3kfhvnfv8tcgtevxsdf7tzl09x3w5jmdf0,5.00003
06c480cac80fe0191aed0dbe1e0bbdef45055c2e04105f3ab8c6df49e56e62a8,2025-08-23T06:14:00.996000+00:00,kaspa:qqwqeu76ansr802yv4fj9xlp7y94uhfhn642mqkx6s75vv43yd042r3hd8ex3,kaspa:qqwqeu76ansr802yv4fj9xlp7y94uhfhn642mqkx6s75vv43yd042r3hd8ex3,3107.2810611
34ab37370b220cc60d82ce8486d05d20dc2cb9bbe0ea3ca06733b1210d997a81,2025-08-23T05:15:58.621000+00:00,kaspa:qqwqeu76ansr802yv4fj9xlp7y94uhfhn642mqkx6s75vv43yd042r3hd8ex3,kaspa:ppmx56q4aqrhlgkv44y3sq7kl702wnmgddwxm2ll026qg08fvgnhulggr879h,31.0
34ab37370b220cc60d82ce8486d05d20dc2cb9bbe0ea3ca06733b1210d997a81,2025-08-23T05:15:58.621000+00:00,kaspa:qqwqeu76ansr802yv4fj9xlp7y94uhfhn642mqkx6s75vv43yd042r3hd8ex3,kaspa:qqkm7pcztna2mm8vfymvqwmrwrudxc6fmh6s7lfc7w8yhlz6ywnkvqutw3m8l,3.0
34ab37370b220cc60d82ce8486d05d20dc2cb9bbe0ea3ca06733b1210d997a81,2025-08-23T05:15:58.621000+00:00,kaspa:qqwqeu76ansr802yv4fj9xlp7y94uhfhn642mqkx6s75vv43yd042r3hd8ex3,kaspa:qqwqeu76ansr802yv4fj9xlp7y94uhfhn642mqkx6s75vv43yd042r3hd8ex3,1971.28112077
7d9ca569c01dc3c40258655e658e74d947002efe9258384e90b43b752025ae0a,2025-08-23T05:10:18.183000+00:00,kaspa:qqwqeu76ansr802yv4fj9xlp7y94uhfhn642mqkx6s75vv43yd042r3hd8ex3,kaspa:ppmx56q4aqrhlgkv44y3sq7kl702wnmgddwxm2ll026qg08fvgnhulggr879h,101.0
7d9ca569c01dc3c40258655e658e74d947002efe9258384e90b43b752025ae0a,2025-08-23T05:10:18.183000+00:00,kaspa:qqwqeu76ansr802yv4fj9xlp7y94uhfhn642mqkx6s75vv43yd042r3hd8ex3,kaspa:qqkm7pcztna2mm8vfymvqwmrwrudxc6fmh6s7lfc7w8yhlz6ywnkvqutw3m8l,10.0
7d9ca569c01dc3c40258655e658e74d947002efe9258384e90b43b752025ae0a,2025-08-23T05:10:18.183000+00:00,kaspa:qqwqeu76ansr802yv4fj9xlp7y94uhfhn642mqkx6s75vv43yd042r3hd8ex3,kaspa:qqwqeu76ansr802yv4fj9xlp7y94uhfhn642mqkx6s75vv43yd042r3hd8ex3,1405.78108752
3ca2434c218eaa4820e4675781e43fa99ec526323a6583d362eaab565d32d22e,2025-08-23T02:06:26.535000+00:00,kaspa:qqwqeu76ansr802yv4fj9xlp7y94uhfhn642mqkx6s75vv43yd042r3hd8ex3,kaspa:qqwqeu76ansr802yv4fj9xlp7y94uhfhn642mqkx6s75vv43yd042r3hd8ex3,598.4999717372273
3ca2434c218eaa4820e4675781e43fa99ec526323a6583d362eaab565d32d22e,2025-08-23T02:06:26.535000+00:00,kaspa:pqxs92sp2cffdsq5s5fz79vh0c7vnuvfuqtm62tqlmux3n6wen6h5e27dfzmf,kaspa:qqwqeu76ansr802yv4fj9xlp7y94uhfhn642mqkx6s75vv43yd042r3hd8ex3,1.0000979327726953
ba89416f0a10167dea89024c52f9f9c980a609ed324e8d13311d6b0f0fc3e72b,2025-08-23T02:06:15.840000+00:00,kaspa:qqwqeu76ansr802yv4fj9xlp7y94uhfhn642mqkx6s75vv43yd042r3hd8ex3,kaspa:qqwqeu76ansr802yv4fj9xlp7y94uhfhn642mqkx6s75vv43yd042r3hd8ex3,1139.9999717148128
ba89416f0a10167dea89024c52f9f9c980a609ed324e8d13311d6b0f0fc3e72b,2025-08-23T02:06:15.840000+00:00,kaspa:pqxs92sp2cffdsq5s5fz79vh0c7vnuvfuqtm62tqlmux3n6wen6h5e27dfzmf,kaspa:qqwqeu76ansr802yv4fj9xlp7y94uhfhn642mqkx6s75vv43yd042r3hd8ex3,1.0000460951872878
ac19ee08afb4585a4229faf644b43821e4672d9a40301fddd0f8ab3f327b95aa,2025-08-22T20:43:20.554000+00:00,kaspa:pzn96sv8jlzv80c8qmeqfm5a20h46v2au26u4lr90zf6pf6cf29czgqh9fqwq,kaspa:qqwqeu76ansr802yv4fj9xlp7y94uhfhn642mqkx6s75vv43yd042r3hd8ex3,5.0
ade6a3d2d5653a4ae214c4a3768e9825c172596bfaafb60b623b6d702d5dc3c1,2025-08-22T20:43:16.737000+00:00,kaspa:qqwqeu76ansr802yv4fj9xlp7y94uhfhn642mqkx6s75vv43yd042r3hd8ex3,kaspa:qq98nrdh2ug6awktvwj5uf8w456shejlt244q4k5666xhwthq8d7yl6cl4mxd,5.00006
ade6a3d2d5653a4ae214c4a3768e9825c172596bfaafb60b623b6d702d5dc3c1,2025-08-22T20:43:16.737000+00:00,kaspa:qqwqeu76ansr802yv4fj9xlp7y94uhfhn642mqkx6s75vv43yd042r3hd8ex3,kaspa:qqwqeu76ansr802yv4fj9xlp7y94uhfhn642mqkx6s75vv43yd042r3hd8ex3,1511.78112329
bd57fcbd2f385bd1f92d8f444e330c800fbf84716e16914081a93ce3d3b1d2a7,2025-08-22T20:25:21.296000+00:00,kaspa:qr4n5lheu2l30pqq2uham7xghapyswjuhm0ct33n8r5ncypf0786ju42mm4s6,kaspa:qqwqeu76ansr802yv4fj9xlp7y94uhfhn642mqkx6s75vv43yd042r3hd8ex3,1140.0
843d4f6f12baa99062ebcc2fa79b4d3787e15454d5622e93abe4f35efcd0d6e5,2025-08-22T18:31:20.619000+00:00,kaspa:qrswnmml9jfqzu0jp5q5q23v0uhzkyqkwtu0wcmuwrldc0ccxr332dnp95r9s,kaspa:qqwqeu76ansr802yv4fj9xlp7y94uhfhn642mqkx6s75vv43yd042r3hd8ex3,598.5
b1b072ba528b4d416c6e77aef54c7a4777c911516336f6f3d84c0936dabf41a9,2025-08-22T17:38:41.709000+00:00,kaspa:ppae0t8rr99fz2qrhgckcl2lpyp8ncmfqdjdveyy6g0k7n030vs6kk2vgak6a,kaspa:qqwqeu76ansr802yv4fj9xlp7y94uhfhn642mqkx6s75vv43yd042r3hd8ex3,5.0
231f7916bb5b0b783ee0d6f450da3134f766df0d825cd574511f7c1dda226faf,2025-08-22T17:38:40.246000+00:00,kaspa:qqwqeu76ansr802yv4fj9xlp7y94uhfhn642mqkx6s75vv43yd042r3hd8ex3,kaspa:ppae0t8rr99fz2qrhgckcl2lpyp8ncmfqdjdveyy6g0k7n030vs6kk2vgak6a,5.00003
231f7916bb5b0b783ee0d6f450da3134f766df0d825cd574511f7c1dda226faf,2025-08-22T17:38:40.246000+00:00,kaspa:qqwqeu76ansr802yv4fj9xlp7y94uhfhn642mqkx6s75vv43yd042r3hd8ex3,kaspa:qqwqeu76ansr802yv4fj9xlp7y94uhfhn642mqkx6s75vv43yd042r3hd8ex3,1511.7812306
3aad5ccc1a60c965c29530cc12741ba3f73cc35e4eeac37a58aabaab4bca7c47,2025-08-22T17:38:18.198000+00:00,kaspa:pzyh5ak6awtlgevefjlhxha3a2tw87hfd6d4fu9g8zwkrdf65t9njpfwwmvla,kaspa:qqwqeu76ansr802yv4fj9xlp7y94uhfhn642mqkx6s75vv43yd042r3hd8ex3,5.0
867548164fb34863b1684ee6465fcdf35bbef5318d4615d582af55714658b2da,2025-08-22T17:38:15.948000+00:00,kaspa:qqwqeu76ansr802yv4fj9xlp7y94uhfhn642mqkx6s75vv43yd042r3hd8ex3,kaspa:qp5v4amley6v2wz6huxehqnd227xg4hc6j6tw3jsqrusey83ww9txaas6wl6v,5.00006
867548164fb34863b1684ee6465fcdf35bbef5318d4615d582af55714658b2da,2025-08-22T17:38:15.948000+00:00,kaspa:qqwqeu76ansr802yv4fj9xlp7y94uhfhn642mqkx6s75vv43yd042r3hd8ex3,kaspa:qqwqeu76ansr802yv4fj9xlp7y94uhfhn642mqkx6s75vv43yd042r3hd8ex3,1511.78130808
a74488e7782d5b23e9f636d9456c8ff8bed8552721b0fc8879fbfe4c41b2ffef,2025-08-22T17:35:54.490000+00:00,kaspa:pzhnyz6xux3kty0n2d0evls84f32ymjjl3485sh96zgs8hkjltf6sq25jsnhq,kaspa:qqwqeu76ansr802yv4fj9xlp7y94uhfhn642mqkx6s75vv43yd042r3hd8ex3,5.0
9cd67acf51ca2888c1a7bc66c2cb0fc5643d6f6f7f944ffd902b49c2da7661a1,2025-08-22T17:35:52.778000+00:00,kaspa:qqwqeu76ansr802yv4fj9xlp7y94uhfhn642mqkx6s75vv43yd042r3hd8ex3,kaspa:pzhnyz6xux3kty0n2d0evls84f32ymjjl3485sh96zgs8hkjltf6sq25jsnhq,5.00003
9cd67acf51ca2888c1a7bc66c2cb0fc5643d6f6f7f944ffd902b49c2da7661a1,2025-08-22T17:35:52.778000+00:00,kaspa:qqwqeu76ansr802yv4fj9xlp7y94uhfhn642mqkx6s75vv43yd042r3hd8ex3,kaspa:qqwqeu76ansr802yv4fj9xlp7y94uhfhn642mqkx6s75vv43yd042r3hd8ex3,1511.78141539
4b6e96cb5821653748c8788286ca2e750dd77e0940dbd95984109415d20bdb5d,2025-08-22T15:35:08.021000+00:00,kaspa:pr9tl9cwtaetwzm9n7r3zemtjrny759en5aezcz0s29dcvls9u5zj4nhvcpzc,kaspa:qqwqeu76ansr802yv4fj9xlp7y94uhfhn642mqkx6s75vv43yd042r3hd8ex3,5.0
e3920b9937336011246a34aba54bc688eeccd5139c4b7a0bd2276636b163ffec,2025-08-22T15:35:06.660000+00:00,kaspa:qqwqeu76ansr802yv4fj9xlp7y94uhfhn642mqkx6s75vv43yd042r3hd8ex3,kaspa:pr9tl9cwtaetwzm9n7r3zemtjrny759en5aezcz0s29dcvls9u5zj4nhvcpzc,5.00003
e3920b9937336011246a34aba54bc688eeccd5139c4b7a0bd2276636b163ffec,2025-08-22T15:35:06.660000+00:00,kaspa:qqwqeu76ansr802yv4fj9xlp7y94uhfhn642mqkx6s75vv43yd042r3hd8ex3,kaspa:qqwqeu76ansr802yv4fj9xlp7y94uhfhn642mqkx6s75vv43yd042r3hd8ex3,1511.78149287
893d834cf83a1fc22d27c5f625a486b0c501e7d0ade71cad214381bd2c0bc3e2,2025-08-22T15:34:08.025000+00:00,kaspa:ppcsxq69ajcjzqd4pqtudhmrh4ye0vr8a88ny6tnrner9mawdayh6mc2nef4d,kaspa:qqwqeu76ansr802yv4fj9xlp7y94uhfhn642mqkx6s75vv43yd042r3hd8ex3,5.0
077bf7910ab2b8d19afc1fe139261d0a1b2aba7f4819de3d20aef28c104ae067,2025-08-22T15:34:05.349000+00:00,kaspa:qqwqeu76ansr802yv4fj9xlp7y94uhfhn642mqkx6s75vv43yd042r3hd8ex3,kaspa:qrsflf6fn6k2r2gqmf73hx7v5zywe6dfcwwlxahtv6qx9sem5m5z2g97e0e9d,5.00006
077bf7910ab2b8d19afc1fe139261d0a1b2aba7f4819de3d20aef28c104ae067,2025-08-22T15:34:05.349000+00:00,kaspa:qqwqeu76ansr802yv4fj9xlp7y94uhfhn642mqkx6s75vv43yd042r3hd8ex3,kaspa:qqwqeu76ansr802yv4fj9xlp7y94uhfhn642mqkx6s75vv43yd042r3hd8ex3,1511.78157035
1b94a09cc531576439f852b6d97890e79f820a569f325ab5ea4a9410da1d6e97,2025-08-22T15:32:06.666000+00:00,kaspa:ppj5ur93kqnay6mxhsz70rhskxx4x6l22sg4pqfn28t0lsw4grqgz8zjk70uk,kaspa:qqwqeu76ansr802yv4fj9xlp7y94uhfhn642mqkx6s75vv43yd042r3hd8ex3,5.0
9049f98f7e0de21da9efd75271dfa0372acadec808fb9ca8368417d6bf0405e9,2025-08-22T15:32:04.856000+00:00,kaspa:qqwqeu76ansr802yv4fj9xlp7y94uhfhn642mqkx6s75vv43yd042r3hd8ex3,kaspa:ppj5ur93kqnay6mxhsz70rhskxx4x6l22sg4pqfn28t0lsw4grqgz8zjk70uk,5.00003
9049f98f7e0de21da9efd75271dfa0372acadec808fb9ca8368417d6bf0405e9,2025-08-22T15:32:04.856000+00:00,kaspa:qqwqeu76ansr802yv4fj9xlp7y94uhfhn642mqkx6s75vv43yd042r3hd8ex3,kaspa:qqwqeu76ansr802yv4fj9xlp7y94uhfhn642mqkx6s75vv43yd042r3hd8ex3,1511.78167766
d3a85b1d46e8f5816d6183f46dde978b21432072c510bd442aed0431d36fc5b5,2025-08-22T08:08:37.591000+00:00,kaspa:pr3gjuycg080l5xzvdfewdcnk06jgtanlgmwwldyf487jz6c0wtzjj0x469dc,kaspa:qqwqeu76ansr802yv4fj9xlp7y94uhfhn642mqkx6s75vv43yd042r3hd8ex3,5.0
146e462c7fddd0beddc62eabe8468366bab3a8821b2f63b9465d185997fdd4c8,2025-08-22T08:08:36.888000+00:00,kaspa:qqwqeu76ansr802yv4fj9xlp7y94uhfhn642mqkx6s75vv43yd042r3hd8ex3,kaspa:pr3gjuycg080l5xzvdfewdcnk06jgtanlgmwwldyf487jz6c0wtzjj0x469dc,5.00003
146e462c7fddd0beddc62eabe8468366bab3a8821b2f63b9465d185997fdd4c8,2025-08-22T08:08:36.888000+00:00,kaspa:qqwqeu76ansr802yv4fj9xlp7y94uhfhn642mqkx6s75vv43yd042r3hd8ex3,kaspa:qqwqeu76ansr802yv4fj9xlp7y94uhfhn642mqkx6s75vv43yd042r3hd8ex3,1511.78175514
d11cd65b9148e2fc4730ef83312e959e788f68950394fbd1965412b0d15a5ef1,2025-08-22T05:18:04.910000+00:00,kaspa:qpqpyavkqnp60q6t4sfctz4yp3n0ct963z65rxkd5ft32vkehnd3wx8jqctr2,kaspa:qqwqeu76ansr802yv4fj9xlp7y94uhfhn642mqkx6s75vv43yd042r3hd8ex3,1500.0
3240100e2a5833138519df556a8830e08b8aafce1fb5aa4df22f45158d9dca62,2025-08-22T05:02:15.404000+00:00,kaspa:qqwqeu76ansr802yv4fj9xlp7y94uhfhn642mqkx6s75vv43yd042r3hd8ex3,kaspa:ppdpdz8dhk30t48p2l3wmcy3jhydvkjnmel23zh7vm5n8yqneq7yc5u0l6eaf,0.9437772209061439
3240100e2a5833138519df556a8830e08b8aafce1fb5aa4df22f45158d9dca62,2025-08-22T05:02:15.404000+00:00,kaspa:prnl84fz2csryr54l7vt097etrpx6nvwejnprmnv0jtu6p67unjgsmn07rs6q,kaspa:qqwqeu76ansr802yv4fj9xlp7y94uhfhn642mqkx6s75vv43yd042r3hd8ex3,0.9437724598184691
3240100e2a5833138519df556a8830e08b8aafce1fb5aa4df22f45158d9dca62,2025-08-22T05:02:15.404000+00:00,kaspa:qqwqeu76ansr802yv4fj9xlp7y94uhfhn642mqkx6s75vv43yd042r3hd8ex3,kaspa:qqwqeu76ansr802yv4fj9xlp7y94uhfhn642mqkx6s75vv43yd042r3hd8ex3,15.838060160181533
1c2bbf41b02463e0051b8847bb84b3699e25fa67d33d0b75d5202bada04dcbea,2025-08-22T05:02:10.908000+00:00,kaspa:qqwqeu76ansr802yv4fj9xlp7y94uhfhn642mqkx6s75vv43yd042r3hd8ex3,kaspa:prnl84fz2csryr54l7vt097etrpx6nvwejnprmnv0jtu6p67unjgsmn07rs6q,1.00001586
1c2bbf41b02463e0051b8847bb84b3699e25fa67d33d0b75d5202bada04dcbea,2025-08-22T05:02:10.908000+00:00,kaspa:qqwqeu76ansr802yv4fj9xlp7y94uhfhn642mqkx6s75vv43yd042r3hd8ex3,kaspa:qqwqeu76ansr802yv4fj9xlp7y94uhfhn642mqkx6s75vv43yd042r3hd8ex3,16.78191728
fbdc8f1159c173d33f98765cf569ab34c348f6276dbbd43d059eb76c5117cd46,2025-08-22T04:45:40.758000+00:00,kaspa:qqwqeu76ansr802yv4fj9xlp7y94uhfhn642mqkx6s75vv43yd042r3hd8ex3,kaspa:pqxs92sp2cffdsq5s5fz79vh0c7vnuvfuqtm62tqlmux3n6wen6h5e27dfzmf,0.9468456948486873
fbdc8f1159c173d33f98765cf569ab34c348f6276dbbd43d059eb76c5117cd46,2025-08-22T04:45:40.758000+00:00,kaspa:pq46w5h4p8s6dqreg2pyhc7mcajz6vzzuyj8gakehgegk73ythvfuwqstqxuh,kaspa:qqwqeu76ansr802yv4fj9xlp7y94uhfhn642mqkx6s75vv43yd042r3hd8ex3,0.9468411448867264
fbdc8f1159c173d33f98765cf569ab34c348f6276dbbd43d059eb76c5117cd46,2025-08-22T04:45:40.758000+00:00,kaspa:qqwqeu76ansr802yv4fj9xlp7y94uhfhn642mqkx6s75vv43yd042r3hd8ex3,kaspa:qqwqeu76ansr802yv4fj9xlp7y94uhfhn642mqkx6s75vv43yd042r3hd8ex3,16.83519231511327
a2d018ba23ea42e43e2dcdc01222a0fb92038b7af4c729fc91bed02864cd7940,2025-08-22T04:45:36.802000+00:00,kaspa:qqwqeu76ansr802yv4fj9xlp7y94uhfhn642mqkx6s75vv43yd042r3hd8ex3,kaspa:pq46w5h4p8s6dqreg2pyhc7mcajz6vzzuyj8gakehgegk73ythvfuwqstqxuh,1.00009798
a2d018ba23ea42e43e2dcdc01222a0fb92038b7af4c729fc91bed02864cd7940,2025-08-22T04:45:36.802000+00:00,kaspa:qqwqeu76ansr802yv4fj9xlp7y94uhfhn642mqkx6s75vv43yd042r3hd8ex3,kaspa:qqwqeu76ansr802yv4fj9xlp7y94uhfhn642mqkx6s75vv43yd042r3hd8ex3,17.78211891
40b19317196289fc372876d1ef054f7955e76b967a045d2579244fcc57974ff7,2025-08-22T04:43:13.181000+00:00,kaspa:qqwqeu76ansr802yv4fj9xlp7y94uhfhn642mqkx6s75vv43yd042r3hd8ex3,kaspa:pqxs92sp2cffdsq5s5fz79vh0c7vnuvfuqtm62tqlmux3n6wen6h5e27dfzmf,0.9494915998878185
40b19317196289fc372876d1ef054f7955e76b967a045d2579244fcc57974ff7,2025-08-22T04:43:13.181000+00:00,kaspa:pql46nkktsnu6g6ufkpazqrtv7mv0x6a30m98qjajalhzhpn07ur5xljnq5n9,kaspa:qqwqeu76ansr802yv4fj9xlp7y94uhfhn642mqkx6s75vv43yd042r3hd8ex3,0.9494872412781136
40b19317196289fc372876d1ef054f7955e76b967a045d2579244fcc57974ff7,2025-08-22T04:43:13.181000+00:00,kaspa:qqwqeu76ansr802yv4fj9xlp7y94uhfhn642mqkx6s75vv43yd042r3hd8ex3,kaspa:qqwqeu76ansr802yv4fj9xlp7y94uhfhn642mqkx6s75vv43yd042r3hd8ex3,17.832829938721886
9c7c9f50c9775f59f7d15131005518cc01d612a232248617a2abe069a9bf995d,2025-08-22T04:43:08.641000+00:00,kaspa:qqwqeu76ansr802yv4fj9xlp7y94uhfhn642mqkx6s75vv43yd042r3hd8ex3,kaspa:pql46nkktsnu6g6ufkpazqrtv7mv0x6a30m98qjajalhzhpn07ur5xljnq5n9,1.00004612
9c7c9f50c9775f59f7d15131005518cc01d612a232248617a2abe069a9bf995d,2025-08-22T04:43:08.641000+00:00,kaspa:qqwqeu76ansr802yv4fj9xlp7y94uhfhn642mqkx6s75vv43yd042r3hd8ex3,kaspa:qqwqeu76ansr802yv4fj9xlp7y94uhfhn642mqkx6s75vv43yd042r3hd8ex3,18.7824034
ddc86bf27763d156f523c0229f92f9c79de5a8c1c5d01960b82d555f17d58bdf,2025-08-21T19:36:52.786000+00:00,kaspa:qqwqeu76ansr802yv4fj9xlp7y94uhfhn642mqkx6s75vv43yd042r3hd8ex3,kaspa:pp4hkfkcq93j8ds48xthr0lz6m2mwfa6xtunzvdd6eftnzye8c37y6lqxw2pg,61.0
ddc86bf27763d156f523c0229f92f9c79de5a8c1c5d01960b82d555f17d58bdf,2025-08-21T19:36:52.786000+00:00,kaspa:qqwqeu76ansr802yv4fj9xlp7y94uhfhn642mqkx6s75vv43yd042r3hd8ex3,kaspa:qqkm7pcztna2mm8vfymvqwmrwrudxc6fmh6s7lfc7w8yhlz6ywnkvqutw3m8l,6.0
ddc86bf27763d156f523c0229f92f9c79de5a8c1c5d01960b82d555f17d58bdf,2025-08-21T19:36:52.786000+00:00,kaspa:qqwqeu76ansr802yv4fj9xlp7y94uhfhn642mqkx6s75vv43yd042r3hd8ex3,kaspa:qqwqeu76ansr802yv4fj9xlp7y94uhfhn642mqkx6s75vv43yd042r3hd8ex3,19.78254978
562d926c6925af745e0f7f69ad2ef20e77fd5fc43ff5c5b58e92df767d3fd730,2025-08-11T03:41:09.925000+00:00,kaspa:qqwqeu76ansr802yv4fj9xlp7y94uhfhn642mqkx6s75vv43yd042r3hd8ex3,kaspa:qq5umn9z87lh3tnzklagkc4fmm5gdlq4usmze9acgmt3d705x4mskd70r7k5y,130.40733646050728
562d926c6925af745e0f7f69ad2ef20e77fd5fc43ff5c5b58e92df767d3fd730,2025-08-11T03:41:09.925000+00:00,kaspa:pqxel9ugku2ezc6wxfyvxqrrcgs25j05rem8h23jnk5ttr9j20az5hdqs4q0m,kaspa:qqwqeu76ansr802yv4fj9xlp7y94uhfhn642mqkx6s75vv43yd042r3hd8ex3,0.3926322475160592
562d926c6925af745e0f7f69ad2ef20e77fd5fc43ff5c5b58e92df767d3fd730,2025-08-11T03:41:09.925000+00:00,kaspa:qqwqeu76ansr802yv4fj9xlp7y94uhfhn642mqkx6s75vv43yd042r3hd8ex3,kaspa:qqwqeu76ansr802yv4fj9xlp7y94uhfhn642mqkx6s75vv43yd042r3hd8ex3,86.38994212248394
562d926c6925af745e0f7f69ad2ef20e77fd5fc43ff5c5b58e92df767d3fd730,2025-08-11T03:41:09.925000+00:00,kaspa:qqwqeu76ansr802yv4fj9xlp7y94uhfhn642mqkx6s75vv43yd042r3hd8ex3,kaspa:qypljgtgz5qscwlnq2k4edra5wsu4t9nef79ge24anpmn94xtlc26qg69nj9plm,3.2352959558564525
33b51f4c7eb8f52f840974e256de8a4024d9d03cacbffff7b25a72ddbe42c157,2025-08-11T03:40:32.466000+00:00,kaspa:qqwqeu76ansr802yv4fj9xlp7y94uhfhn642mqkx6s75vv43yd042r3hd8ex3,kaspa:qq5umn9z87lh3tnzklagkc4fmm5gdlq4usmze9acgmt3d705x4mskd70r7k5y,130.63024906369012
33b51f4c7eb8f52f840974e256de8a4024d9d03cacbffff7b25a72ddbe42c157,2025-08-11T03:40:32.466000+00:00,kaspa:pqxel9ugku2ezc6wxfyvxqrrcgs25j05rem8h23jnk5ttr9j20az5hdqs4q0m,kaspa:qqwqeu76ansr802yv4fj9xlp7y94uhfhn642mqkx6s75vv43yd042r3hd8ex3,0.6210751860732328
33b51f4c7eb8f52f840974e256de8a4024d9d03cacbffff7b25a72ddbe42c157,2025-08-11T03:40:32.466000+00:00,kaspa:qqwqeu76ansr802yv4fj9xlp7y94uhfhn642mqkx6s75vv43yd042r3hd8ex3,kaspa:qqwqeu76ansr802yv4fj9xlp7y94uhfhn642mqkx6s75vv43yd042r3hd8ex3,219.41153650392678
33b51f4c7eb8f52f840974e256de8a4024d9d03cacbffff7b25a72ddbe42c157,2025-08-11T03:40:32.466000+00:00,kaspa:qqwqeu76ansr802yv4fj9xlp7y94uhfhn642mqkx6s75vv43yd042r3hd8ex3,kaspa:qypljgtgz5qscwlnq2k4edra5wsu4t9nef79ge24anpmn94xtlc26qg69nj9plm,3.2408263855106085
30fd4f8d8af59bb9626e82fdf4e06c5ee5f31fd9c590c8d852b2e1b8418b28ce,2025-07-27T12:55:11.551000+00:00,kaspa:qypuygtqf09jaf3lhu9ldrse5rdusawje5fut8alrx2x266xaeagegqvdtwgcqa,kaspa:qqwqeu76ansr802yv4fj9xlp7y94uhfhn642mqkx6s75vv43yd042r3hd8ex3,9.4990895
9e0ff1e1e37a8328b3c20143511790c0ffe5687895318f2533a57267d0ba7a93,2025-07-27T12:53:34.479000+00:00,kaspa:qypvnyjcc4xskz92afqhhudv52lkdlsxgaywu89vffamwjd7r2lr5agqhx96g38,kaspa:qqwqeu76ansr802yv4fj9xlp7y94uhfhn642mqkx6s75vv43yd042r3hd8ex3,329.49922565
505dabca2e716db59c53a48f249f0741ad9eb588604b279dedd6681c9d2d6504,2025-07-27T12:51:53.783000+00:00,kaspa:qypvnyjcc4xskz92afqhhudv52lkdlsxgaywu89vffamwjd7r2lr5agqhx96g38,kaspa:qqwqeu76ansr802yv4fj9xlp7y94uhfhn642mqkx6s75vv43yd042r3hd8ex3,0.49985741
54d5792d17caedea45c635c87e0d65c0a395da0d8fe776643082c0cb8d1d1e0a,2025-07-27T12:49:23.662000+00:00,kaspa:qypuygtqf09jaf3lhu9ldrse5rdusawje5fut8alrx2x266xaeagegqvdtwgcqa,kaspa:qqwqeu76ansr802yv4fj9xlp7y94uhfhn642mqkx6s75vv43yd042r3hd8ex3,0.49985741
059059ca20ecb5240822fd197ee636e8f284ddd9857130bc0c1d981eb49d78f6,2025-03-27T02:52:34.198000+00:00,kaspa:pppue9ptmznfd7fj4vtd4vj34r3t45uv7mtrxkzfe75fnyj773wkj7dw0n7vx,kaspa:qqwqeu76ansr802yv4fj9xlp7y94uhfhn642mqkx6s75vv43yd042r3hd8ex3,3.0
e3832ebd8f0266e48c9deb0e220c50c5f7f2bd5d620b2fedd951faa0bd963f93,2025-03-27T02:52:30.779000+00:00,kaspa:qqwqeu76ansr802yv4fj9xlp7y94uhfhn642mqkx6s75vv43yd042r3hd8ex3,kaspa:pppue9ptmznfd7fj4vtd4vj34r3t45uv7mtrxkzfe75fnyj773wkj7dw0n7vx,3.0001
e3832ebd8f0266e48c9deb0e220c50c5f7f2bd5d620b2fedd951faa0bd963f93,2025-03-27T02:52:30.779000+00:00,kaspa:qqwqeu76ansr802yv4fj9xlp7y94uhfhn642mqkx6s75vv43yd042r3hd8ex3,kaspa:qqwqeu76ansr802yv4fj9xlp7y94uhfhn642mqkx6s75vv43yd042r3hd8ex3,10.28467494
42c49022b41f715c670863832a74d17ec911b5345f6c3b5602ed1dd87eb44054,2025-03-24T04:15:00.026000+00:00,kaspa:pqhqpmjat2ss4kve4r2nx82480g09r9t2jwwpv5uw0dvy72p53mg7xrw3ufhu,kaspa:qqwqeu76ansr802yv4fj9xlp7y94uhfhn642mqkx6s75vv43yd042r3hd8ex3,3.0
b7e7bbc55c14be24d525284dcf0cbe68da1869e53b1262795188708ef2ccf77e,2025-03-24T04:14:55.210000+00:00,kaspa:qqwqeu76ansr802yv4fj9xlp7y94uhfhn642mqkx6s75vv43yd042r3hd8ex3,kaspa:pqhqpmjat2ss4kve4r2nx82480g09r9t2jwwpv5uw0dvy72p53mg7xrw3ufhu,3.0001
b7e7bbc55c14be24d525284dcf0cbe68da1869e53b1262795188708ef2ccf77e,2025-03-24T04:14:55.210000+00:00,kaspa:qqwqeu76ansr802yv4fj9xlp7y94uhfhn642mqkx6s75vv43yd042r3hd8ex3,kaspa:qqwqeu76ansr802yv4fj9xlp7y94uhfhn642mqkx6s75vv43yd042r3hd8ex3,10.28480659
8af2d825700d59f25ad46d27945a8dd3b8e1562b2d3fb0417e2b46f91bf1588e,2025-03-24T03:43:37.093000+00:00,kaspa:qqwqeu76ansr802yv4fj9xlp7y94uhfhn642mqkx6s75vv43yd042r3hd8ex3,kaspa:qpgmt2dn8wcqf0436n0kueap7yx82n7raurlj6aqjc3t3wm9y5ssqtg9e4lsm,1000.0
8af2d825700d59f25ad46d27945a8dd3b8e1562b2d3fb0417e2b46f91bf1588e,2025-03-24T03:43:37.093000+00:00,kaspa:qqwqeu76ansr802yv4fj9xlp7y94uhfhn642mqkx6s75vv43yd042r3hd8ex3,kaspa:qqwqeu76ansr802yv4fj9xlp7y94uhfhn642mqkx6s75vv43yd042r3hd8ex3,13.28494212
3becdac7e750d6cf418015fbf065245d9453f74b8d84bf77123009cdd3d45d66,2025-03-23T04:35:32.045000+00:00,kaspa:qypfrcrg2dwkqtyh6d9hes8t3njg6vjv68vplv2mezcryms4k380jmckyvaf9wr,kaspa:qqwqeu76ansr802yv4fj9xlp7y94uhfhn642mqkx6s75vv43yd042r3hd8ex3,1000.0
f2346d4e1b4ebabb05ea9de9719082c4709dc09fc1d944215d7985706488b9b8,2025-03-19T03:21:41.327000+00:00,kaspa:prqjjgyl726qxp7uq5zt8ld2rxpk234cus9dhrn68f0s3g85weu3w3x846x48,kaspa:qqwqeu76ansr802yv4fj9xlp7y94uhfhn642mqkx6s75vv43yd042r3hd8ex3,3.0
23eebf90b1e809bf538472422c38d0eb5cadfd44de43599cf7d2455e177ca3ba,2025-03-19T03:21:38.974000+00:00,kaspa:qqwqeu76ansr802yv4fj9xlp7y94uhfhn642mqkx6s75vv43yd042r3hd8ex3,kaspa:prqjjgyl726qxp7uq5zt8ld2rxpk234cus9dhrn68f0s3g85weu3w3x846x48,3.0001
23eebf90b1e809bf538472422c38d0eb5cadfd44de43599cf7d2455e177ca3ba,2025-03-19T03:21:38.974000+00:00,kaspa:qqwqeu76ansr802yv4fj9xlp7y94uhfhn642mqkx6s75vv43yd042r3hd8ex3,kaspa:qqwqeu76ansr802yv4fj9xlp7y94uhfhn642mqkx6s75vv43yd042r3hd8ex3,10.28498484
d2405b85681351294cc5534a2389b0045a565bc3f90ce4cc1fc3d6f5ec9b1350,2025-03-09T01:14:54.865000+00:00,kaspa:ppj3jqwzwpg07sghpa2nzzn259t9z52n8t3gqeccs4hh7vwlwxehcdrpyafc4,kaspa:qqwqeu76ansr802yv4fj9xlp7y94uhfhn642mqkx6s75vv43yd042r3hd8ex3,3.0
b84250693739e191873890b63d9c02c10c53746d4acc346775ef9d0e265883c3,2025-03-09T01:14:49.557000+00:00,kaspa:qqwqeu76ansr802yv4fj9xlp7y94uhfhn642mqkx6s75vv43yd042r3hd8ex3,kaspa:ppj3jqwzwpg07sghpa2nzzn259t9z52n8t3gqeccs4hh7vwlwxehcdrpyafc4,3.0001
b84250693739e191873890b63d9c02c10c53746d4acc346775ef9d0e265883c3,2025-03-09T01:14:49.557000+00:00,kaspa:qqwqeu76ansr802yv4fj9xlp7y94uhfhn642mqkx6s75vv43yd042r3hd8ex3,kaspa:qqwqeu76ansr802yv4fj9xlp7y94uhfhn642mqkx6s75vv43yd042r3hd8ex3,10.28511649
92b8594cefcb101a9bfe30feadf396603bf77d2424ecc5eb886985056a4fac6f,2025-03-09T01:11:21.695000+00:00,kaspa:prn7mynr78vmnrhe4ppzmnjypp5qtxqzu54gljldr96m7aqcshujymjrz52rh,kaspa:qqwqeu76ansr802yv4fj9xlp7y94uhfhn642mqkx6s75vv43yd042r3hd8ex3,3.0
7f726734b943bc98bbed462a36457d8537f72c5c88e2c8fb6e8601e2d40ebc95,2025-03-09T01:11:20.182000+00:00,kaspa:qqwqeu76ansr802yv4fj9xlp7y94uhfhn642mqkx6s75vv43yd042r3hd8ex3,kaspa:prn7mynr78vmnrhe4ppzmnjypp5qtxqzu54gljldr96m7aqcshujymjrz52rh,3.0001
7f726734b943bc98bbed462a36457d8537f72c5c88e2c8fb6e8601e2d40ebc95,2025-03-09T01:11:20.182000+00:00,kaspa:qqwqeu76ansr802yv4fj9xlp7y94uhfhn642mqkx6s75vv43yd042r3hd8ex3,kaspa:qqwqeu76ansr802yv4fj9xlp7y94uhfhn642mqkx6s75vv43yd042r3hd8ex3,10.28524814
de60e646db0ae043fa8651771702ec5800449304ef74a91c27693b2deacccea9,2025-03-04T09:30:12.527000+00:00,kaspa:qqwqeu76ansr802yv4fj9xlp7y94uhfhn642mqkx6s75vv43yd042r3hd8ex3,kaspa:qpgmt2dn8wcqf0436n0kueap7yx82n7raurlj6aqjc3t3wm9y5ssqtg9e4lsm,2910.0
de60e646db0ae043fa8651771702ec5800449304ef74a91c27693b2deacccea9,2025-03-04T09:30:12.527000+00:00,kaspa:qqwqeu76ansr802yv4fj9xlp7y94uhfhn642mqkx6s75vv43yd042r3hd8ex3,kaspa:qqwqeu76ansr802yv4fj9xlp7y94uhfhn642mqkx6s75vv43yd042r3hd8ex3,13.28538367
0d43af0b487c24d3fd9fc3344b9cf0b7c5a68878e9858a5f94945980685d1653,2025-03-04T09:25:05.228000+00:00,kaspa:qqetp7ct8kqss99fxmymyz5t3fezppxp0t58wl6pawp27elqd46uudme00cl0,kaspa:qqwqeu76ansr802yv4fj9xlp7y94uhfhn642mqkx6s75vv43yd042r3hd8ex3,581.29
4c78564cf4702c6d1cd77680147a64c1307fb07523107fad4cf71886f004f23c,2025-03-04T01:54:32.649000+00:00,kaspa:qqwqeu76ansr802yv4fj9xlp7y94uhfhn642mqkx6s75vv43yd042r3hd8ex3,kaspa:qpgmt2dn8wcqf0436n0kueap7yx82n7raurlj6aqjc3t3wm9y5ssqtg9e4lsm,1100.0
4c78564cf4702c6d1cd77680147a64c1307fb07523107fad4cf71886f004f23c,2025-03-04T01:54:32.649000+00:00,kaspa:qqwqeu76ansr802yv4fj9xlp7y94uhfhn642mqkx6s75vv43yd042r3hd8ex3,kaspa:qqwqeu76ansr802yv4fj9xlp7y94uhfhn642mqkx6s75vv43yd042r3hd8ex3,1065.61126047
d4762c6b3467c84e0714f00f0feaf1f7b18bd91c4b1f2ce5655492308b3c2206,2025-02-28T23:46:38.673000+00:00,kaspa:prnjtkfs2gulcsydc38z2fztffwdn9m8xtxc9gw6pj73g77urdkayt4u4xrys,kaspa:qqwqeu76ansr802yv4fj9xlp7y94uhfhn642mqkx6s75vv43yd042r3hd8ex3,5.0
e06c07649b8d89a776190f6ea8c7ae1260a4a55a2c13c2ff7e4e6bbc30c2fdbe,2025-02-28T23:46:28.717000+00:00,kaspa:qqwqeu76ansr802yv4fj9xlp7y94uhfhn642mqkx6s75vv43yd042r3hd8ex3,kaspa:qpmf360t3lpjn6zct9j6z3gnx8324a0kgqmhmnpl9mz343lx3t99cm32rx9tr,5.00006
e06c07649b8d89a776190f6ea8c7ae1260a4a55a2c13c2ff7e4e6bbc30c2fdbe,2025-02-28T23:46:28.717000+00:00,kaspa:qqwqeu76ansr802yv4fj9xlp7y94uhfhn642mqkx6s75vv43yd042r3hd8ex3,kaspa:qqwqeu76ansr802yv4fj9xlp7y94uhfhn642mqkx6s75vv43yd042r3hd8ex3,1276.38416592
b07d0c313202a4cd488fdd63b1decc617d4e0cc805c6ba496fbc979f08e5d2dd,2025-02-28T20:16:39.550000+00:00,kaspa:pzug8ghlmna2pfavce5ze0qrwfuneshasef2h2anrtfqkd6nam775w3wfkkt7,kaspa:qqwqeu76ansr802yv4fj9xlp7y94uhfhn642mqkx6s75vv43yd042r3hd8ex3,5.0
728e7df52fd655b0d5baa971ea45dcac83526cb1469935c201595e322ef78507,2025-02-28T20:16:34.361000+00:00,kaspa:qqwqeu76ansr802yv4fj9xlp7y94uhfhn642mqkx6s75vv43yd042r3hd8ex3,kaspa:pzug8ghlmna2pfavce5ze0qrwfuneshasef2h2anrtfqkd6nam775w3wfkkt7,5.00003
728e7df52fd655b0d5baa971ea45dcac83526cb1469935c201595e322ef78507,2025-02-28T20:16:34.361000+00:00,kaspa:qqwqeu76ansr802yv4fj9xlp7y94uhfhn642mqkx6s75vv43yd042r3hd8ex3,kaspa:qqwqeu76ansr802yv4fj9xlp7y94uhfhn642mqkx6s75vv43yd042r3hd8ex3,1276.38427323
498dac59da39147bdea9be9faea088e0d04514ba05aed798e3f4f6fc816caccc,2025-02-26T02:17:44.649000+00:00,kaspa:qqwqeu76ansr802yv4fj9xlp7y94uhfhn642mqkx6s75vv43yd042r3hd8ex3,kaspa:qpgmt2dn8wcqf0436n0kueap7yx82n7raurlj6aqjc3t3wm9y5ssqtg9e4lsm,1085.1046
498dac59da39147bdea9be9faea088e0d04514ba05aed798e3f4f6fc816caccc,2025-02-26T02:17:44.649000+00:00,kaspa:qqwqeu76ansr802yv4fj9xlp7y94uhfhn642mqkx6s75vv43yd042r3hd8ex3,kaspa:qqwqeu76ansr802yv4fj9xlp7y94uhfhn642mqkx6s75vv43yd042r3hd8ex3,42.77012739
f7777bd14c89a2305c117f713dbc1eaecc8e564ecde242a23a75148dddf9bac4,2025-02-26T01:55:30.376000+00:00,kaspa:qqp9ktfpa5upef73dgp0gwhcr5ra49zynn4kaumrxnsl2km9nntzqz0qyfygz,kaspa:qqwqeu76ansr802yv4fj9xlp7y94uhfhn642mqkx6s75vv43yd042r3hd8ex3,1086.18170043
56643c4fc83a087bc9420e6a1e89dd975988468917df299e4b03d4ed358cf058,2025-02-26T01:55:08.683000+00:00,kaspa:pz4ej4z08ewcmq3z62m448aamyqu4eyep8tlsatetxw7msm7xg6pj6lncx8ug,kaspa:qqwqeu76ansr802yv4fj9xlp7y94uhfhn642mqkx6s75vv43yd042r3hd8ex3,3.0
dd4e9fef10540a513171b3518346307cb04ca8501d6befe64b2431d2a6f2db09,2025-02-26T01:55:01.867000+00:00,kaspa:qqwqeu76ansr802yv4fj9xlp7y94uhfhn642mqkx6s75vv43yd042r3hd8ex3,kaspa:pz4ej4z08ewcmq3z62m448aamyqu4eyep8tlsatetxw7msm7xg6pj6lncx8ug,3.1001
dd4e9fef10540a513171b3518346307cb04ca8501d6befe64b2431d2a6f2db09,2025-02-26T01:55:01.867000+00:00,kaspa:qqwqeu76ansr802yv4fj9xlp7y94uhfhn642mqkx6s75vv43yd042r3hd8ex3,kaspa:qqwqeu76ansr802yv4fj9xlp7y94uhfhn642mqkx6s75vv43yd042r3hd8ex3,85.89828761
006cec2d10b5d445803f5b934578d479d4db1f051ad52d700a42a4b8574e29ed,2025-02-25T12:04:42.831000+00:00,kaspa:qqp9ktfpa5upef73dgp0gwhcr5ra49zynn4kaumrxnsl2km9nntzqz0qyfygz,kaspa:qqwqeu76ansr802yv4fj9xlp7y94uhfhn642mqkx6s75vv43yd042r3hd8ex3,1038.9764825
591801b4b464fcbca24f11fdc95561bd38d0a86fa4f15e46cb3f53beb302f986,2025-02-25T12:04:19.228000+00:00,kaspa:prz9xze5xu3k3jjwrvszf86lg5phtgv20p4uawha0pe0qwu6724hyvq8luqdu,kaspa:qqwqeu76ansr802yv4fj9xlp7y94uhfhn642mqkx6s75vv43yd042r3hd8ex3,3.0
9c41962513de2d05bd711051f8e33845f4cdc4145f931208fc75e6b41ec38fd8,2025-02-25T12:04:16.176000+00:00,kaspa:qqwqeu76ansr802yv4fj9xlp7y94uhfhn642mqkx6s75vv43yd042r3hd8ex3,kaspa:prz9xze5xu3k3jjwrvszf86lg5phtgv20p4uawha0pe0qwu6724hyvq8luqdu,3.1001
9c41962513de2d05bd711051f8e33845f4cdc4145f931208fc75e6b41ec38fd8,2025-02-25T12:04:16.176000+00:00,kaspa:qqwqeu76ansr802yv4fj9xlp7y94uhfhn642mqkx6s75vv43yd042r3hd8ex3,kaspa:qqwqeu76ansr802yv4fj9xlp7y94uhfhn642mqkx6s75vv43yd042r3hd8ex3,86.09841926
408b78e3dbfeed8db20bc6451077ad73024ef67d35bbea6b6958f6d9fc88ea9a,2025-02-25T03:14:11.534000+00:00,kaspa:qqp9ktfpa5upef73dgp0gwhcr5ra49zynn4kaumrxnsl2km9nntzqz0qyfygz,kaspa:qqwqeu76ansr802yv4fj9xlp7y94uhfhn642mqkx6s75vv43yd042r3hd8ex3,1074.42960276
ff14fefc3a5bb466c0727591f242481b4b25d659d710e6eaa29c34e8e2b7f92c,2025-02-25T03:13:54.770000+00:00,kaspa:prmdn3g0vhns748vw4eavt3sv5smv9j4ktjrm6p02992lk3wprjksgc4mstle,kaspa:qqwqeu76ansr802yv4fj9xlp7y94uhfhn642mqkx6s75vv43yd042r3hd8ex3,3.0
e9aaa32bb2189b2fe4d465192204953d934799c9410d9874e99d3383492eb1d1,2025-02-25T03:13:48.331000+00:00,kaspa:qqwqeu76ansr802yv4fj9xlp7y94uhfhn642mqkx6s75vv43yd042r3hd8ex3,kaspa:prmdn3g0vhns748vw4eavt3sv5smv9j4ktjrm6p02992lk3wprjksgc4mstle,3.1001
e9aaa32bb2189b2fe4d465192204953d934799c9410d9874e99d3383492eb1d1,2025-02-25T03:13:48.331000+00:00,kaspa:qqwqeu76ansr802yv4fj9xlp7y94uhfhn642mqkx6s75vv43yd042r3hd8ex3,kaspa:qqwqeu76ansr802yv4fj9xlp7y94uhfhn642mqkx6s75vv43yd042r3hd8ex3,86.29855091
280e6c6775f37f81aab0c6f7323173ae38edfb9e35e5bfad0d6aa18916f40b4e,2025-02-24T03:06:34.303000+00:00,kaspa:qqp9ktfpa5upef73dgp0gwhcr5ra49zynn4kaumrxnsl2km9nntzqz0qyfygz,kaspa:qqwqeu76ansr802yv4fj9xlp7y94uhfhn642mqkx6s75vv43yd042r3hd8ex3,1238.61422332
10fe87c15f87eec64d288b3446498ed64695892a8597112144892b65c0b731c0,2025-02-24T03:06:19.412000+00:00,kaspa:pr2axdn3f4rht5pq5rj8m6l5x574fuk6q336wg4j0uvy9d6kmvscs5malc7mq,kaspa:qqwqeu76ansr802yv4fj9xlp7y94uhfhn642mqkx6s75vv43yd042r3hd8ex3,3.0
76da99db16c266639fb780ffb4a1f9a7f719c4f71ee282d3df98c0d8ad8db016,2025-02-24T03:06:16.134000+00:00,kaspa:qqwqeu76ansr802yv4fj9xlp7y94uhfhn642mqkx6s75vv43yd042r3hd8ex3,kaspa:pr2axdn3f4rht5pq5rj8m6l5x574fuk6q336wg4j0uvy9d6kmvscs5malc7mq,3.1001
76da99db16c266639fb780ffb4a1f9a7f719c4f71ee282d3df98c0d8ad8db016,2025-02-24T03:06:16.134000+00:00,kaspa:qqwqeu76ansr802yv4fj9xlp7y94uhfhn642mqkx6s75vv43yd042r3hd8ex3,kaspa:qqwqeu76ansr802yv4fj9xlp7y94uhfhn642mqkx6s75vv43yd042r3hd8ex3,86.49868256
c248fc9d01dc57fcede64dd5e2bb389e3538909a902f3b3c80fccf733c5ddbc4,2025-02-14T00:52:22.599000+00:00,kaspa:ppm9tyxkqg27c464jxd2hp8eahpxm89nshyw3fp9uhgtqgts0e6kckwrrg4r3,kaspa:qqwqeu76ansr802yv4fj9xlp7y94uhfhn642mqkx6s75vv43yd042r3hd8ex3,5.0
f56ebbe60eed82d61e60b6d0026480675243ccd87c185e48f362ea276290e9d1,2025-02-14T00:52:17.796000+00:00,kaspa:qqwqeu76ansr802yv4fj9xlp7y94uhfhn642mqkx6s75vv43yd042r3hd8ex3,kaspa:qzmvvkz90hyld8xwsmajgzpkmycxdugnah993nzzhjwa7werp8t6wxa30gnfz,5.00006
f56ebbe60eed82d61e60b6d0026480675243ccd87c185e48f362ea276290e9d1,2025-02-14T00:52:17.796000+00:00,kaspa:qqwqeu76ansr802yv4fj9xlp7y94uhfhn642mqkx6s75vv43yd042r3hd8ex3,kaspa:qqwqeu76ansr802yv4fj9xlp7y94uhfhn642mqkx6s75vv43yd042r3hd8ex3,84.69881421
9928906c3257d3c50a7021f053eb8097c86f196098f7edd80bdb090153e410ac,2025-02-14T00:50:53.104000+00:00,kaspa:pq6qx4z38sz8r80pszrga5rgrfrka0nv0cdlsxlscfx0elal69edkm59uda00,kaspa:qqwqeu76ansr802yv4fj9xlp7y94uhfhn642mqkx6s75vv43yd042r3hd8ex3,5.0
b26cfbe61012bfe6dfa4410b7e7e8e6c15cad65d191c78d9da88accd41e509ea,2025-02-14T00:50:40.774000+00:00,kaspa:qqwqeu76ansr802yv4fj9xlp7y94uhfhn642mqkx6s75vv43yd042r3hd8ex3,kaspa:qptfncckh9sw9teya3wy7quux8cx4e5cxmz6882wnr0pktc72nf02hayr6v75,5.00006
b26cfbe61012bfe6dfa4410b7e7e8e6c15cad65d191c78d9da88accd41e509ea,2025-02-14T00:50:40.774000+00:00,kaspa:qqwqeu76ansr802yv4fj9xlp7y94uhfhn642mqkx6s75vv43yd042r3hd8ex3,kaspa:qqwqeu76ansr802yv4fj9xlp7y94uhfhn642mqkx6s75vv43yd042r3hd8ex3,84.69892152
29c5691118abba47196eadf75ed1bcf9bfa4bff184b98d82c40302104bdf7eaa,2025-01-28T16:02:07.783000+00:00,kaspa:pq44y88gu2zl7p2ql77xcfwf3l94rdyf2mgkm7fmxqu7q30hjvt9kc2k4ug4d,kaspa:qqwqeu76ansr802yv4fj9xlp7y94uhfhn642mqkx6s75vv43yd042r3hd8ex3,5.0
5ce84f0857169bac92faf56b520e9bd4b3a18e0f14708bfa08d488c40ce97c8c,2025-01-28T16:02:05.206000+00:00,kaspa:qqwqeu76ansr802yv4fj9xlp7y94uhfhn642mqkx6s75vv43yd042r3hd8ex3,kaspa:pq44y88gu2zl7p2ql77xcfwf3l94rdyf2mgkm7fmxqu7q30hjvt9kc2k4ug4d,5.00003
5ce84f0857169bac92faf56b520e9bd4b3a18e0f14708bfa08d488c40ce97c8c,2025-01-28T16:02:05.206000+00:00,kaspa:qqwqeu76ansr802yv4fj9xlp7y94uhfhn642mqkx6s75vv43yd042r3hd8ex3,kaspa:qqwqeu76ansr802yv4fj9xlp7y94uhfhn642mqkx6s75vv43yd042r3hd8ex3,84.69902883
1c7c2a846645606698e16b752a7c19ba11d961d70b823be02079974a495ff77b,2025-01-28T15:55:36.910000+00:00,kaspa:prh3fmvh2rapv2muf69clxq3rljqm6vxxgendkthc02gypefus687wtqwkde4,kaspa:qqwqeu76ansr802yv4fj9xlp7y94uhfhn642mqkx6s75vv43yd042r3hd8ex3,5.0
bfeb5058d16a2c441914a50322792b8cb35e3d9b7e7cbac608cbd77aaccd12db,2025-01-28T15:55:32.134000+00:00,kaspa:qqwqeu76ansr802yv4fj9xlp7y94uhfhn642mqkx6s75vv43yd042r3hd8ex3,kaspa:prh3fmvh2rapv2muf69clxq3rljqm6vxxgendkthc02gypefus687wtqwkde4,5.00003
bfeb5058d16a2c441914a50322792b8cb35e3d9b7e7cbac608cbd77aaccd12db,2025-01-28T15:55:32.134000+00:00,kaspa:qqwqeu76ansr802yv4fj9xlp7y94uhfhn642mqkx6s75vv43yd042r3hd8ex3,kaspa:qqwqeu76ansr802yv4fj9xlp7y94uhfhn642mqkx6s75vv43yd042r3hd8ex3,84.69910631
57f75d39937ff8552867d03294bb73e8e3bab6d4e359ff2dc36474ca50ca6643,2025-01-26T08:18:24.337000+00:00,kaspa:pr567t7g5xu4xevuyjp5n9f600t5zv3ggj5hrx799lxmd4zjlftsz2q9q7h86,kaspa:qqwqeu76ansr802yv4fj9xlp7y94uhfhn642mqkx6s75vv43yd042r3hd8ex3,3.0
e39ed310103d732a97e01b8ec8bb99de0d7f9f8dbb6005f9170796ba7774b99f,2025-01-26T08:18:16.698000+00:00,kaspa:qqwqeu76ansr802yv4fj9xlp7y94uhfhn642mqkx6s75vv43yd042r3hd8ex3,kaspa:pr567t7g5xu4xevuyjp5n9f600t5zv3ggj5hrx799lxmd4zjlftsz2q9q7h86,3.0001
e39ed310103d732a97e01b8ec8bb99de0d7f9f8dbb6005f9170796ba7774b99f,2025-01-26T08:18:16.698000+00:00,kaspa:qqwqeu76ansr802yv4fj9xlp7y94uhfhn642mqkx6s75vv43yd042r3hd8ex3,kaspa:qqwqeu76ansr802yv4fj9xlp7y94uhfhn642mqkx6s75vv43yd042r3hd8ex3,86.69918379
0499b0189283509e0a9da6aed69bcb2acdc10833048a985db192878455aeded0,2025-01-26T08:14:50.059000+00:00,kaspa:prvd58sedmkhummhateqwfjjwrdcjg0dkm8frn4lvlzyv5hzlqrlcnxwgnrr2,kaspa:qqwqeu76ansr802yv4fj9xlp7y94uhfhn642mqkx6s75vv43yd042r3hd8ex3,3.0
d2d4a259d0dd45e34a3b2036484efa22fcaf44a324fbf4ea8c43e8c6a774a2d5,2025-01-26T08:14:47.271000+00:00,kaspa:qqwqeu76ansr802yv4fj9xlp7y94uhfhn642mqkx6s75vv43yd042r3hd8ex3,kaspa:prvd58sedmkhummhateqwfjjwrdcjg0dkm8frn4lvlzyv5hzlqrlcnxwgnrr2,3.0001
d2d4a259d0dd45e34a3b2036484efa22fcaf44a324fbf4ea8c43e8c6a774a2d5,2025-01-26T08:14:47.271000+00:00,kaspa:qqwqeu76ansr802yv4fj9xlp7y94uhfhn642mqkx6s75vv43yd042r3hd8ex3,kaspa:qqwqeu76ansr802yv4fj9xlp7y94uhfhn642mqkx6s75vv43yd042r3hd8ex3,86.69931544
ac169be802620618857fc1e8587605e1e60a47a835a2993a5987b24d9a40e171,2025-01-26T08:06:45.527000+00:00,kaspa:ppy4yefvu6yxa4lxsc3p45awsf7ynrn7u9wnxly4f2h84m5pectak395k0nq2,kaspa:qqwqeu76ansr802yv4fj9xlp7y94uhfhn642mqkx6s75vv43yd042r3hd8ex3,3.0
dbbba73f0b48623bbe18e3c6ea11550c6975e6b5fb7503452a284fd291e99546,2025-01-26T08:06:42.308000+00:00,kaspa:qqwqeu76ansr802yv4fj9xlp7y94uhfhn642mqkx6s75vv43yd042r3hd8ex3,kaspa:ppy4yefvu6yxa4lxsc3p45awsf7ynrn7u9wnxly4f2h84m5pectak395k0nq2,3.0001
dbbba73f0b48623bbe18e3c6ea11550c6975e6b5fb7503452a284fd291e99546,2025-01-26T08:06:42.308000+00:00,kaspa:qqwqeu76ansr802yv4fj9xlp7y94uhfhn642mqkx6s75vv43yd042r3hd8ex3,kaspa:qqwqeu76ansr802yv4fj9xlp7y94uhfhn642mqkx6s75vv43yd042r3hd8ex3,86.69944709
abe188ce040500c41e7c67a404329c89a0640089b2ec4ae2572ba86eead7acc6,2025-01-26T08:03:37.502000+00:00,kaspa:pp62arycg0tnv5sxlzjhgvh2pl0cjnc38nz9z4rga27lv80eqp3evraujq7dk,kaspa:qqwqeu76ansr802yv4fj9xlp7y94uhfhn642mqkx6s75vv43yd042r3hd8ex3,3.0
3b9b335726aa4293c06a2726617a2033082030f13e50484295629ce19ad0f6b1,2025-01-26T08:03:33.886000+00:00,kaspa:qqwqeu76ansr802yv4fj9xlp7y94uhfhn642mqkx6s75vv43yd042r3hd8ex3,kaspa:pp62arycg0tnv5sxlzjhgvh2pl0cjnc38nz9z4rga27lv80eqp3evraujq7dk,3.0001
3b9b335726aa4293c06a2726617a2033082030f13e50484295629ce19ad0f6b1,2025-01-26T08:03:33.886000+00:00,kaspa:qqwqeu76ansr802yv4fj9xlp7y94uhfhn642mqkx6s75vv43yd042r3hd8ex3,kaspa:qqwqeu76ansr802yv4fj9xlp7y94uhfhn642mqkx6s75vv43yd042r3hd8ex3,86.69957874
57540166b8234b311db09ebb2744b8fd8df09c6389f2ab297e1239e570a156c5,2025-01-26T07:59:52.219000+00:00,kaspa:pzkj6dgf67jz9jxmed8nqd0xuu5cmw9yg5hk4p880p2qptc0gujkgn2u0jgge,kaspa:qqwqeu76ansr802yv4fj9xlp7y94uhfhn642mqkx6s75vv43yd042r3hd8ex3,3.0
6d00618f462b2711920fd8ba63acd68722a88880cee7164dd5d38d2e6c946a27,2025-01-26T07:59:46.059000+00:00,kaspa:qqwqeu76ansr802yv4fj9xlp7y94uhfhn642mqkx6s75vv43yd042r3hd8ex3,kaspa:pzkj6dgf67jz9jxmed8nqd0xuu5cmw9yg5hk4p880p2qptc0gujkgn2u0jgge,3.0001
6d00618f462b2711920fd8ba63acd68722a88880cee7164dd5d38d2e6c946a27,2025-01-26T07:59:46.059000+00:00,kaspa:qqwqeu76ansr802yv4fj9xlp7y94uhfhn642mqkx6s75vv43yd042r3hd8ex3,kaspa:qqwqeu76ansr802yv4fj9xlp7y94uhfhn642mqkx6s75vv43yd042r3hd8ex3,86.69971039
0c6dbc238479690e714947b588784babd864308b2a1810a640ab7bd1950e3276,2025-01-26T04:34:32.501000+00:00,kaspa:pzkj6dgf67jz9jxmed8nqd0xuu5cmw9yg5hk4p880p2qptc0gujkgn2u0jgge,kaspa:qqwqeu76ansr802yv4fj9xlp7y94uhfhn642mqkx6s75vv43yd042r3hd8ex3,3.0
c9b5a0a90fd3ecd2acf7b00c7f8efb1fed0e80d7f3977573e6303e2ea157493c,2025-01-26T04:34:30.867000+00:00,kaspa:qqwqeu76ansr802yv4fj9xlp7y94uhfhn642mqkx6s75vv43yd042r3hd8ex3,kaspa:pzkj6dgf67jz9jxmed8nqd0xuu5cmw9yg5hk4p880p2qptc0gujkgn2u0jgge,3.0001
c9b5a0a90fd3ecd2acf7b00c7f8efb1fed0e80d7f3977573e6303e2ea157493c,2025-01-26T04:34:30.867000+00:00,kaspa:qqwqeu76ansr802yv4fj9xlp7y94uhfhn642mqkx6s75vv43yd042r3hd8ex3,kaspa:qqwqeu76ansr802yv4fj9xlp7y94uhfhn642mqkx6s75vv43yd042r3hd8ex3,86.69984204
96be5048311e785b0ca5b5955ed00b6451dd42796eba99d204d2cd4839cd813e,2025-01-22T03:39:31.767000+00:00,kaspa:qqwqeu76ansr802yv4fj9xlp7y94uhfhn642mqkx6s75vv43yd042r3hd8ex3,kaspa:pqfups65a3jz56vu8xuztcsrk9057fv2rkgdkzrz8xdxercydghku3qdmckt7,101.0
96be5048311e785b0ca5b5955ed00b6451dd42796eba99d204d2cd4839cd813e,2025-01-22T03:39:31.767000+00:00,kaspa:qqwqeu76ansr802yv4fj9xlp7y94uhfhn642mqkx6s75vv43yd042r3hd8ex3,kaspa:qqkm7pcztna2mm8vfymvqwmrwrudxc6fmh6s7lfc7w8yhlz6ywnkvqutw3m8l,10.0
96be5048311e785b0ca5b5955ed00b6451dd42796eba99d204d2cd4839cd813e,2025-01-22T03:39:31.767000+00:00,kaspa:qqwqeu76ansr802yv4fj9xlp7y94uhfhn642mqkx6s75vv43yd042r3hd8ex3,kaspa:qqwqeu76ansr802yv4fj9xlp7y94uhfhn642mqkx6s75vv43yd042r3hd8ex3,89.69997541
1f5e70bceb48879d1ef643478984f7e02922ecc3b4632c440c2c052b23d843f2,2025-01-21T03:17:05.198000+00:00,kaspa:qqetp7ct8kqss99fxmymyz5t3fezppxp0t58wl6pawp27elqd46uudme00cl0,kaspa:qqwqeu76ansr802yv4fj9xlp7y94uhfhn642mqkx6s75vv43yd042r3hd8ex3,200.6934626887166
1f5e70bceb48879d1ef643478984f7e02922ecc3b4632c440c2c052b23d843f2,2025-01-21T03:17:05.198000+00:00,kaspa:qpzpfwcsqsxhxwup26r55fd0ghqlhyugz8cp6y3wxuddc02vcxtjg75pspnwz,kaspa:qqwqeu76ansr802yv4fj9xlp7y94uhfhn642mqkx6s75vv43yd042r3hd8ex3,0.006537311283395546
7b4ca74837980a35acdf716197c2fe3e6e88b98b79a4714583b77888b32302c7,2024-12-24T16:41:33.616000+00:00,kaspa:qqwqeu76ansr802yv4fj9xlp7y94uhfhn642mqkx6s75vv43yd042r3hd8ex3,kaspa:qpaja4s523dyd0sew8s3ux4y25v7hkk6trwp0vj8ujfs9f9xnyynk5utzyg7z,3454.5215246
b4a48439ce50622626fe25eb4a02a7060da7507844a3f12c8c25c812e7edf569,2024-12-24T08:57:09.265000+00:00,kaspa:qqwqeu76ansr802yv4fj9xlp7y94uhfhn642mqkx6s75vv43yd042r3hd8ex3,kaspa:qpgmt2dn8wcqf0436n0kueap7yx82n7raurlj6aqjc3t3wm9y5ssqtg9e4lsm,7450.0
b4a48439ce50622626fe25eb4a02a7060da7507844a3f12c8c25c812e7edf569,2024-12-24T08:57:09.265000+00:00,kaspa:qqwqeu76ansr802yv4fj9xlp7y94uhfhn642mqkx6s75vv43yd042r3hd8ex3,kaspa:qqwqeu76ansr802yv4fj9xlp7y94uhfhn642mqkx6s75vv43yd042r3hd8ex3,3454.52154084
09cc480911587092e66eb58fa56a595bdf05554417414d808211ab6f0615137c,2024-12-24T08:17:23.303000+00:00,kaspa:qpq94ntnvy8p9q6wrdwtn37xtspgashrydc0kuu8ctpyxulmh0wlxh2807zdh,kaspa:qqwqeu76ansr802yv4fj9xlp7y94uhfhn642mqkx6s75vv43yd042r3hd8ex3,9504.5218
3256f8b9738efc32043b4d0cf134aa9a90b42ac49bcad87fc6dd33cef7961d56,2024-12-24T02:33:57.536000+00:00,kaspa:qqwqeu76ansr802yv4fj9xlp7y94uhfhn642mqkx6s75vv43yd042r3hd8ex3,kaspa:ppueyg4ct2n7jszppzy08fm4ystym4k4r4rzd59ysr0gc4gectelkhsc00tl4,2101.0
3256f8b9738efc32043b4d0cf134aa9a90b42ac49bcad87fc6dd33cef7961d56,2024-12-24T02:33:57.536000+00:00,kaspa:qqwqeu76ansr802yv4fj9xlp7y94uhfhn642mqkx6s75vv43yd042r3hd8ex3,kaspa:qqkm7pcztna2mm8vfymvqwmrwrudxc6fmh6s7lfc7w8yhlz6ywnkvqutw3m8l,210.0
3256f8b9738efc32043b4d0cf134aa9a90b42ac49bcad87fc6dd33cef7961d56,2024-12-24T02:33:57.536000+00:00,kaspa:qqwqeu76ansr802yv4fj9xlp7y94uhfhn642mqkx6s75vv43yd042r3hd8ex3,kaspa:qqwqeu76ansr802yv4fj9xlp7y94uhfhn642mqkx6s75vv43yd042r3hd8ex3,1399.99977238
517aca2436ff807905a0a16f4afdae2cf4133ea2f2775da6a10f0867e9654776,2024-12-24T02:26:34.600000+00:00,kaspa:qqwqeu76ansr802yv4fj9xlp7y94uhfhn642mqkx6s75vv43yd042r3hd8ex3,kaspa:qqwqeu76ansr802yv4fj9xlp7y94uhfhn642mqkx6s75vv43yd042r3hd8ex3,3710.99979697
9ca998d4fb3dd6804955fa2ab968d8ec3053162c572260e4ee339cc2794bea3f,2024-12-24T02:24:20.994000+00:00,kaspa:qq3k4du6wf2g26j7ds6fqmgtgavgm3zy676wntp2e52nsuns2n4s6xkndmx0y,kaspa:qqwqeu76ansr802yv4fj9xlp7y94uhfhn642mqkx6s75vv43yd042r3hd8ex3,3296.0
cc1d8561c949b0500c8b0cde0359682cae0a0dc9f38ef07b729b743745652528,2024-12-23T23:51:09.422000+00:00,kaspa:pzdv8669854yuxxmryya8ehmj05htc9va9lyxhynefcahk9pv43zxyllnapgy,kaspa:qqwqeu76ansr802yv4fj9xlp7y94uhfhn642mqkx6s75vv43yd042r3hd8ex3,5.0
b365c297c706e85493a47ee8cc9ab5cd82860158593a365e529840324879ebc4,2024-12-23T23:51:03.310000+00:00,kaspa:qqwqeu76ansr802yv4fj9xlp7y94uhfhn642mqkx6s75vv43yd042r3hd8ex3,kaspa:qrw4cgs325drwaal2xxe7j7hmfcnemf2rdy7jwrmuxd97aszg0qfs85e04z2f,1155.00009
b365c297c706e85493a47ee8cc9ab5cd82860158593a365e529840324879ebc4,2024-12-23T23:51:03.310000+00:00,kaspa:qqwqeu76ansr802yv4fj9xlp7y94uhfhn642mqkx6s75vv43yd042r3hd8ex3,kaspa:qqwqeu76ansr802yv4fj9xlp7y94uhfhn642mqkx6s75vv43yd042r3hd8ex3,409.99985487
61399f05f0ab10453e7aaaa4bc64e71a2a86e8266b4735b924a19e66d2f260a7,2024-12-23T23:48:08.139000+00:00,kaspa:qqwqeu76ansr802yv4fj9xlp7y94uhfhn642mqkx6s75vv43yd042r3hd8ex3,kaspa:ppykvlswmyndl5gc74lp9z4cnjec47ektse5nkwup92uxzwvn8lksem67asr2,1301.0
61399f05f0ab10453e7aaaa4bc64e71a2a86e8266b4735b924a19e66d2f260a7,2024-12-23T23:48:08.139000+00:00,kaspa:qqwqeu76ansr802yv4fj9xlp7y94uhfhn642mqkx6s75vv43yd042r3hd8ex3,kaspa:qqkm7pcztna2mm8vfymvqwmrwrudxc6fmh6s7lfc7w8yhlz6ywnkvqutw3m8l,130.0
61399f05f0ab10453e7aaaa4bc64e71a2a86e8266b4735b924a19e66d2f260a7,2024-12-23T23:48:08.139000+00:00,kaspa:qqwqeu76ansr802yv4fj9xlp7y94uhfhn642mqkx6s75vv43yd042r3hd8ex3,kaspa:qqwqeu76ansr802yv4fj9xlp7y94uhfhn642mqkx6s75vv43yd042r3hd8ex3,1564.99997541
cce6943a113e833f906effb825527c92343991d713027e57db9362c23630bc6b,2024-12-23T23:40:22.838000+00:00,kaspa:qq3k4du6wf2g26j7ds6fqmgtgavgm3zy676wntp2e52nsuns2n4s6xkndmx0y,kaspa:qqwqeu76ansr802yv4fj9xlp7y94uhfhn642mqkx6s75vv43yd042r3hd8ex3,2996.0
