tx_id,timestamp,sender,recipient,amount_kas
ca030a3420f8083fe926cd2fc3bccd025eb5c5ae5866c281a59c9a41dc47560f,2025-08-23T16:34:43.420000+00:00,kaspa:qrj2qu6gglfkhev3f3vld3kqc49yrd5jweuumd8yrgf6a9menrzmj94r56lks,kaspa:qyp9w9p60gwn570880cx3gc39anqh9ky4twh8raff2cj2w2sc2t8grcj2zn3ych,14.0
ca030a3420f8083fe926cd2fc3bccd025eb5c5ae5866c281a59c9a41dc47560f,2025-08-23T16:34:43.420000+00:00,kaspa:qrj2qu6gglfkhev3f3vld3kqc49yrd5jweuumd8yrgf6a9menrzmj94r56lks,kaspa:qrj2qu6gglfkhev3f3vld3kqc49yrd5jweuumd8yrgf6a9menrzmj94r56lks,38.83459646
7084e918027beb5c5dff44d63649fd9a1ab15fc712f1c2baf14ca06b286ff78f,2025-08-22T16:37:52.043000+00:00,kaspa:qrj2qu6gglfkhev3f3vld3kqc49yrd5jweuumd8yrgf6a9menrzmj94r56lks,kaspa:qyp9w9p60gwn570880cx3gc39anqh9ky4twh8raff2cj2w2sc2t8grcj2zn3ych,1550.0
7084e918027beb5c5dff44d63649fd9a1ab15fc712f1c2baf14ca06b286ff78f,2025-08-22T16:37:52.043000+00:00,kaspa:qrj2qu6gglfkhev3f3vld3kqc49yrd5jweuumd8yrgf6a9menrzmj94r56lks,kaspa:qrj2qu6gglfkhev3f3vld3kqc49yrd5jweuumd8yrgf6a9menrzmj94r56lks,52.83461693
bec0d4c98488149be7d156a3f645af5e506520ff30c611bf0eeae474c6f0c3c0,2025-08-22T16:34:41.220000+00:00,kaspa:ppcl8u5pe69ecp7qa40sxdd0t7r6vw0697hrdamkm7cwvcxjmwqzyyz5x8202,kaspa:qrj2qu6gglfkhev3f3vld3kqc49yrd5jweuumd8yrgf6a9menrzmj94r56lks,0.940763036820712
bec0d4c98488149be7d156a3f645af5e506520ff30c611bf0eeae474c6f0c3c0,2025-08-22T16:34:41.220000+00:00,kaspa:qq0t2fkv95lcmcvjvq7js626tshpfgdkf8p4ldsvmme8krfeh6r0kwh7zatl9,kaspa:qrj2qu6gglfkhev3f3vld3kqc49yrd5jweuumd8yrgf6a9menrzmj94r56lks,1593.0592819031792
0b1ca9b9c6afc5913adff1a0e925bd82a2483b86b3473424aa379709815fb4a0,2025-08-22T16:27:04.018000+00:00,kaspa:qrj2qu6gglfkhev3f3vld3kqc49yrd5jweuumd8yrgf6a9menrzmj94r56lks,kaspa:ppcl8u5pe69ecp7qa40sxdd0t7r6vw0697hrdamkm7cwvcxjmwqzyyz5x8202,0.8983552276904374
0b1ca9b9c6afc5913adff1a0e925bd82a2483b86b3473424aa379709815fb4a0,2025-08-22T16:27:04.018000+00:00,kaspa:pq74x38pftylcg90ufz0nfwk4ajf6h374r7j9sju6vwjdssgm4avwyd7xzuxw,kaspa:qrj2qu6gglfkhev3f3vld3kqc49yrd5jweuumd8yrgf6a9menrzmj94r56lks,0.8983479307646058
0b1ca9b9c6afc5913adff1a0e925bd82a2483b86b3473424aa379709815fb4a0,2025-08-22T16:27:04.018000+00:00,kaspa:qrj2qu6gglfkhev3f3vld3kqc49yrd5jweuumd8yrgf6a9menrzmj94r56lks,kaspa:qrj2qu6gglfkhev3f3vld3kqc49yrd5jweuumd8yrgf6a9menrzmj94r56lks,7.936255709235394
c1ed30e4eb08f0f1178022cf5a551a0b6617a24e09c45c1c9962b10ad25bc653,2025-08-22T16:26:59.563000+00:00,kaspa:qrj2qu6gglfkhev3f3vld3kqc49yrd5jweuumd8yrgf6a9menrzmj94r56lks,kaspa:pq74x38pftylcg90ufz0nfwk4ajf6h374r7j9sju6vwjdssgm4avwyd7xzuxw,1.00004494
c1ed30e4eb08f0f1178022cf5a551a0b6617a24e09c45c1c9962b10ad25bc653,2025-08-22T16:26:59.563000+00:00,kaspa:qrj2qu6gglfkhev3f3vld3kqc49yrd5jweuumd8yrgf6a9menrzmj94r56lks,kaspa:qrj2qu6gglfkhev3f3vld3kqc49yrd5jweuumd8yrgf6a9menrzmj94r56lks,8.8346754
da11502166784db159f1d50c95506b80e776c6e116c5c84c721957d5b2b902f6,2025-08-21T20:45:00.792000+00:00,kaspa:pzzhdagkjlz0wmxpy2yl570r4m2xvp7u0a4az2ve9y2r9rxkwj2us08q9wp54,kaspa:qrj2qu6gglfkhev3f3vld3kqc49yrd5jweuumd8yrgf6a9menrzmj94r56lks,3.0
c60ce438c63bd813800eb77bbd921e860395108a15467428c89b1e25a94174f2,2025-08-21T20:44:58.497000+00:00,kaspa:qrj2qu6gglfkhev3f3vld3kqc49yrd5jweuumd8yrgf6a9menrzmj94r56lks,kaspa:pzzhdagkjlz0wmxpy2yl570r4m2xvp7u0a4az2ve9y2r9rxkwj2us08q9wp54,3.0001
c60ce438c63bd813800eb77bbd921e860395108a15467428c89b1e25a94174f2,2025-08-21T20:44:58.497000+00:00,kaspa:qrj2qu6gglfkhev3f3vld3kqc49yrd5jweuumd8yrgf6a9menrzmj94r56lks,kaspa:qrj2qu6gglfkhev3f3vld3kqc49yrd5jweuumd8yrgf6a9menrzmj94r56lks,6.83479098
23d27ad0b7b28397c6abedea767edfc8d6c18f8a1a201532ca626d4dacfd19a8,2025-08-21T20:20:54.288000+00:00,kaspa:qrj2qu6gglfkhev3f3vld3kqc49yrd5jweuumd8yrgf6a9menrzmj94r56lks,kaspa:qrj2qu6gglfkhev3f3vld3kqc49yrd5jweuumd8yrgf6a9menrzmj94r56lks,5.634940869732463
23d27ad0b7b28397c6abedea767edfc8d6c18f8a1a201532ca626d4dacfd19a8,2025-08-21T20:20:54.288000+00:00,kaspa:pr5g8mevzutrq9kdcatanw6ltxfnplh0430ur0epfrz0lzyylqaxy5p4akmqn,kaspa:qrj2qu6gglfkhev3f3vld3kqc49yrd5jweuumd8yrgf6a9menrzmj94r56lks,4.199987910267537
921635354a42cb22e971bb83225892ef7ccf2e2a9855af7633eb4a16790ad8b3,2025-08-21T20:20:30.126000+00:00,kaspa:qrj2qu6gglfkhev3f3vld3kqc49yrd5jweuumd8yrgf6a9menrzmj94r56lks,kaspa:pr5g8mevzutrq9kdcatanw6ltxfnplh0430ur0epfrz0lzyylqaxy5p4akmqn,6.2
921635354a42cb22e971bb83225892ef7ccf2e2a9855af7633eb4a16790ad8b3,2025-08-21T20:20:30.126000+00:00,kaspa:qrj2qu6gglfkhev3f3vld3kqc49yrd5jweuumd8yrgf6a9menrzmj94r56lks,kaspa:qrj2qu6gglfkhev3f3vld3kqc49yrd5jweuumd8yrgf6a9menrzmj94r56lks,5.63495709
2658bf5b659f12c1479a3385c6d4a1e6b9b1ea311d708badaa75bf33f2bcf27c,2025-08-21T20:19:24.209000+00:00,kaspa:qrj2qu6gglfkhev3f3vld3kqc49yrd5jweuumd8yrgf6a9menrzmj94r56lks,kaspa:qrj2qu6gglfkhev3f3vld3kqc49yrd5jweuumd8yrgf6a9menrzmj94r56lks,7.9349920680516695
2658bf5b659f12c1479a3385c6d4a1e6b9b1ea311d708badaa75bf33f2bcf27c,2025-08-21T20:19:24.209000+00:00,kaspa:pr5g8mevzutrq9kdcatanw6ltxfnplh0430ur0epfrz0lzyylqaxy5p4akmqn,kaspa:qrj2qu6gglfkhev3f3vld3kqc49yrd5jweuumd8yrgf6a9menrzmj94r56lks,3.9999905119483303
9759bac633c9bcbc72bee78ffd7f9fe2e34789bde92014d0c5b05ee235029ea4,2025-08-21T20:18:39.169000+00:00,kaspa:qrj2qu6gglfkhev3f3vld3kqc49yrd5jweuumd8yrgf6a9menrzmj94r56lks,kaspa:pr5g8mevzutrq9kdcatanw6ltxfnplh0430ur0epfrz0lzyylqaxy5p4akmqn,15.0
9759bac633c9bcbc72bee78ffd7f9fe2e34789bde92014d0c5b05ee235029ea4,2025-08-21T20:18:39.169000+00:00,kaspa:qrj2qu6gglfkhev3f3vld3kqc49yrd5jweuumd8yrgf6a9menrzmj94r56lks,kaspa:qrj2qu6gglfkhev3f3vld3kqc49yrd5jweuumd8yrgf6a9menrzmj94r56lks,7.93501089
ff7104a6a68bf0de306cd9394f0a905734fb4c9a024915a901f0a129bb5a0273,2025-08-21T20:18:26.093000+00:00,kaspa:qrj2qu6gglfkhev3f3vld3kqc49yrd5jweuumd8yrgf6a9menrzmj94r56lks,kaspa:qrj2qu6gglfkhev3f3vld3kqc49yrd5jweuumd8yrgf6a9menrzmj94r56lks,19.035036275984663
ff7104a6a68bf0de306cd9394f0a905734fb4c9a024915a901f0a129bb5a0273,2025-08-21T20:18:26.093000+00:00,kaspa:pr5g8mevzutrq9kdcatanw6ltxfnplh0430ur0epfrz0lzyylqaxy5p4akmqn,kaspa:qrj2qu6gglfkhev3f3vld3kqc49yrd5jweuumd8yrgf6a9menrzmj94r56lks,3.999995084015339
2fba3c325cf7afb77ac20d73d0587a91264748af1c02fd270ac1c768fc2c6c60,2025-08-21T20:17:41.530000+00:00,kaspa:qrj2qu6gglfkhev3f3vld3kqc49yrd5jweuumd8yrgf6a9menrzmj94r56lks,kaspa:pr5g8mevzutrq9kdcatanw6ltxfnplh0430ur0epfrz0lzyylqaxy5p4akmqn,15.0
2fba3c325cf7afb77ac20d73d0587a91264748af1c02fd270ac1c768fc2c6c60,2025-08-21T20:17:41.530000+00:00,kaspa:qrj2qu6gglfkhev3f3vld3kqc49yrd5jweuumd8yrgf6a9menrzmj94r56lks,kaspa:qrj2qu6gglfkhev3f3vld3kqc49yrd5jweuumd8yrgf6a9menrzmj94r56lks,19.03505967
0fabb2c429bf88f9f6f2925baa1540e31968742d454dd9e7d9c18174744e10bc,2025-08-21T20:17:19.591000+00:00,kaspa:pr5g8mevzutrq9kdcatanw6ltxfnplh0430ur0epfrz0lzyylqaxy5p4akmqn,kaspa:qrj2qu6gglfkhev3f3vld3kqc49yrd5jweuumd8yrgf6a9menrzmj94r56lks,3.0
a4018aa77c8cca1bf1b6855620b9b3c843d0dccbd6432a4b794c4503000e295d,2025-08-21T20:17:16.075000+00:00,kaspa:qrj2qu6gglfkhev3f3vld3kqc49yrd5jweuumd8yrgf6a9menrzmj94r56lks,kaspa:pr5g8mevzutrq9kdcatanw6ltxfnplh0430ur0epfrz0lzyylqaxy5p4akmqn,4.0
a4018aa77c8cca1bf1b6855620b9b3c843d0dccbd6432a4b794c4503000e295d,2025-08-21T20:17:16.075000+00:00,kaspa:qrj2qu6gglfkhev3f3vld3kqc49yrd5jweuumd8yrgf6a9menrzmj94r56lks,kaspa:qrj2qu6gglfkhev3f3vld3kqc49yrd5jweuumd8yrgf6a9menrzmj94r56lks,1.99996835
6c076acf221b992849c015ea9b0b10ebf9f1d5f5b971ac4b189e6c4566e5b2f7,2025-08-21T20:17:03.095000+00:00,kaspa:pr5g8mevzutrq9kdcatanw6ltxfnplh0430ur0epfrz0lzyylqaxy5p4akmqn,kaspa:qrj2qu6gglfkhev3f3vld3kqc49yrd5jweuumd8yrgf6a9menrzmj94r56lks,3.0
2e9ec5d467e0ceed58b3c16c74e709153f807676bdefbb77bdba2a90152ad8ed,2025-08-21T20:16:59.611000+00:00,kaspa:qrj2qu6gglfkhev3f3vld3kqc49yrd5jweuumd8yrgf6a9menrzmj94r56lks,kaspa:pr5g8mevzutrq9kdcatanw6ltxfnplh0430ur0epfrz0lzyylqaxy5p4akmqn,4.0
2e9ec5d467e0ceed58b3c16c74e709153f807676bdefbb77bdba2a90152ad8ed,2025-08-21T20:16:59.611000+00:00,kaspa:qrj2qu6gglfkhev3f3vld3kqc49yrd5jweuumd8yrgf6a9menrzmj94r56lks,kaspa:qrj2qu6gglfkhev3f3vld3kqc49yrd5jweuumd8yrgf6a9menrzmj94r56lks,29.13513415
96d5cf402b7895af3aff1eaee90243a3fb59ff42d45843f31767118a63be9db6,2025-08-21T20:16:49.670000+00:00,kaspa:pr5g8mevzutrq9kdcatanw6ltxfnplh0430ur0epfrz0lzyylqaxy5p4akmqn,kaspa:qrj2qu6gglfkhev3f3vld3kqc49yrd5jweuumd8yrgf6a9menrzmj94r56lks,3.0
46601306a4230813758c8dc0b306cb661973a83e63bfbe3cbcf76ad615f1ee58,2025-08-21T20:16:45.632000+00:00,kaspa:qrj2qu6gglfkhev3f3vld3kqc49yrd5jweuumd8yrgf6a9menrzmj94r56lks,kaspa:pr5g8mevzutrq9kdcatanw6ltxfnplh0430ur0epfrz0lzyylqaxy5p4akmqn,4.0
46601306a4230813758c8dc0b306cb661973a83e63bfbe3cbcf76ad615f1ee58,2025-08-21T20:16:45.632000+00:00,kaspa:qrj2qu6gglfkhev3f3vld3kqc49yrd5jweuumd8yrgf6a9menrzmj94r56lks,kaspa:qrj2qu6gglfkhev3f3vld3kqc49yrd5jweuumd8yrgf6a9menrzmj94r56lks,30.1351658
1e67c74e3dc8b965d9fa4ed275ca6d5c93c08bcd2f0b03cf14731db5f1678529,2025-08-21T20:16:38.382000+00:00,kaspa:pr5g8mevzutrq9kdcatanw6ltxfnplh0430ur0epfrz0lzyylqaxy5p4akmqn,kaspa:qrj2qu6gglfkhev3f3vld3kqc49yrd5jweuumd8yrgf6a9menrzmj94r56lks,3.0
843b9a6665e5c06709594cc2ac73fc6d671589af6a03d224770136a025a7784d,2025-08-21T20:16:34.801000+00:00,kaspa:qrj2qu6gglfkhev3f3vld3kqc49yrd5jweuumd8yrgf6a9menrzmj94r56lks,kaspa:pr5g8mevzutrq9kdcatanw6ltxfnplh0430ur0epfrz0lzyylqaxy5p4akmqn,4.0
843b9a6665e5c06709594cc2ac73fc6d671589af6a03d224770136a025a7784d,2025-08-21T20:16:34.801000+00:00,kaspa:qrj2qu6gglfkhev3f3vld3kqc49yrd5jweuumd8yrgf6a9menrzmj94r56lks,kaspa:qrj2qu6gglfkhev3f3vld3kqc49yrd5jweuumd8yrgf6a9menrzmj94r56lks,1.99996835
f0c6ebdc35194a2b0d3c07ead7d86520d4708c3a5d2e85e80b7abf538130a11f,2025-08-21T20:16:05.623000+00:00,kaspa:pr5g8mevzutrq9kdcatanw6ltxfnplh0430ur0epfrz0lzyylqaxy5p4akmqn,kaspa:qrj2qu6gglfkhev3f3vld3kqc49yrd5jweuumd8yrgf6a9menrzmj94r56lks,3.0
05eeed63884ce1a3d8e429ad9f33940148ca18287f322b2d14a472393b980003,2025-08-21T20:16:02.249000+00:00,kaspa:qrj2qu6gglfkhev3f3vld3kqc49yrd5jweuumd8yrgf6a9menrzmj94r56lks,kaspa:pr5g8mevzutrq9kdcatanw6ltxfnplh0430ur0epfrz0lzyylqaxy5p4akmqn,4.0
05eeed63884ce1a3d8e429ad9f33940148ca18287f322b2d14a472393b980003,2025-08-21T20:16:02.249000+00:00,kaspa:qrj2qu6gglfkhev3f3vld3kqc49yrd5jweuumd8yrgf6a9menrzmj94r56lks,kaspa:qrj2qu6gglfkhev3f3vld3kqc49yrd5jweuumd8yrgf6a9menrzmj94r56lks,32.1352291
e56a3fffbef631f826b25c1e4b4b9106dc84441774fa3e03e8a82c0abc8e9bc8,2025-08-21T20:15:55.348000+00:00,kaspa:pr5g8mevzutrq9kdcatanw6ltxfnplh0430ur0epfrz0lzyylqaxy5p4akmqn,kaspa:qrj2qu6gglfkhev3f3vld3kqc49yrd5jweuumd8yrgf6a9menrzmj94r56lks,3.0
276da3738ba0c64a1d281b10511027022774ea96c38b98412de99ac958e4dbfd,2025-08-21T20:15:50.536000+00:00,kaspa:qrj2qu6gglfkhev3f3vld3kqc49yrd5jweuumd8yrgf6a9menrzmj94r56lks,kaspa:pr5g8mevzutrq9kdcatanw6ltxfnplh0430ur0epfrz0lzyylqaxy5p4akmqn,4.0
276da3738ba0c64a1d281b10511027022774ea96c38b98412de99ac958e4dbfd,2025-08-21T20:15:50.536000+00:00,kaspa:qrj2qu6gglfkhev3f3vld3kqc49yrd5jweuumd8yrgf6a9menrzmj94r56lks,kaspa:qrj2qu6gglfkhev3f3vld3kqc49yrd5jweuumd8yrgf6a9menrzmj94r56lks,36.13525445
4bfbd03f2e9bd13c53aca56ad73f84b38aba5792fabc3b364f770fcf019de786,2025-08-21T20:15:41.133000+00:00,kaspa:pr5g8mevzutrq9kdcatanw6ltxfnplh0430ur0epfrz0lzyylqaxy5p4akmqn,kaspa:qrj2qu6gglfkhev3f3vld3kqc49yrd5jweuumd8yrgf6a9menrzmj94r56lks,3.0
4847420f83b2e6a6727d99008e644dc44466e5c5b41fa167132ffe2b8a167b78,2025-08-21T20:15:38.189000+00:00,kaspa:qrj2qu6gglfkhev3f3vld3kqc49yrd5jweuumd8yrgf6a9menrzmj94r56lks,kaspa:pr5g8mevzutrq9kdcatanw6ltxfnplh0430ur0epfrz0lzyylqaxy5p4akmqn,4.0
4847420f83b2e6a6727d99008e644dc44466e5c5b41fa167132ffe2b8a167b78,2025-08-21T20:15:38.189000+00:00,kaspa:qrj2qu6gglfkhev3f3vld3kqc49yrd5jweuumd8yrgf6a9menrzmj94r56lks,kaspa:qrj2qu6gglfkhev3f3vld3kqc49yrd5jweuumd8yrgf6a9menrzmj94r56lks,37.1352861
2947887be928b8f5c302916798864c07a35b9bee47c63a580ad0174421f13c4c,2025-08-21T20:14:53.924000+00:00,kaspa:qrj2qu6gglfkhev3f3vld3kqc49yrd5jweuumd8yrgf6a9menrzmj94r56lks,kaspa:qrj2qu6gglfkhev3f3vld3kqc49yrd5jweuumd8yrgf6a9menrzmj94r56lks,30.535318655089874
2947887be928b8f5c302916798864c07a35b9bee47c63a580ad0174421f13c4c,2025-08-21T20:14:53.924000+00:00,kaspa:pr5g8mevzutrq9kdcatanw6ltxfnplh0430ur0epfrz0lzyylqaxy5p4akmqn,kaspa:qrj2qu6gglfkhev3f3vld3kqc49yrd5jweuumd8yrgf6a9menrzmj94r56lks,10.599992704910123
52bc73b1fc063d61f4a579f78cc5e3165b813a50fdaa3e1ae06cde14795c9e84,2025-08-21T20:14:47.813000+00:00,kaspa:qrj2qu6gglfkhev3f3vld3kqc49yrd5jweuumd8yrgf6a9menrzmj94r56lks,kaspa:pr5g8mevzutrq9kdcatanw6ltxfnplh0430ur0epfrz0lzyylqaxy5p4akmqn,10.6
52bc73b1fc063d61f4a579f78cc5e3165b813a50fdaa3e1ae06cde14795c9e84,2025-08-21T20:14:47.813000+00:00,kaspa:qrj2qu6gglfkhev3f3vld3kqc49yrd5jweuumd8yrgf6a9menrzmj94r56lks,kaspa:qrj2qu6gglfkhev3f3vld3kqc49yrd5jweuumd8yrgf6a9menrzmj94r56lks,30.53533967
f68f59256153ad5831bd748a632ca706e54c50048d41e60bdba9c3ab9bfc1465,2025-08-21T20:14:02.148000+00:00,kaspa:qrj2qu6gglfkhev3f3vld3kqc49yrd5jweuumd8yrgf6a9menrzmj94r56lks,kaspa:qrj2qu6gglfkhev3f3vld3kqc49yrd5jweuumd8yrgf6a9menrzmj94r56lks,40.23536082654621
f68f59256153ad5831bd748a632ca706e54c50048d41e60bdba9c3ab9bfc1465,2025-08-21T20:14:02.148000+00:00,kaspa:pr5g8mevzutrq9kdcatanw6ltxfnplh0430ur0epfrz0lzyylqaxy5p4akmqn,kaspa:qrj2qu6gglfkhev3f3vld3kqc49yrd5jweuumd8yrgf6a9menrzmj94r56lks,0.9999993134537818
3fecbc2096bf7469fa45bc511dc061ab230927cda3b02054c4ea8d3d5307fd75,2025-08-21T20:14:00.591000+00:00,kaspa:qrj2qu6gglfkhev3f3vld3kqc49yrd5jweuumd8yrgf6a9menrzmj94r56lks,kaspa:qrj2qu6gglfkhev3f3vld3kqc49yrd5jweuumd8yrgf6a9menrzmj94r56lks,33.73539302345828
3fecbc2096bf7469fa45bc511dc061ab230927cda3b02054c4ea8d3d5307fd75,2025-08-21T20:14:00.591000+00:00,kaspa:pr5g8mevzutrq9kdcatanw6ltxfnplh0430ur0epfrz0lzyylqaxy5p4akmqn,kaspa:qrj2qu6gglfkhev3f3vld3kqc49yrd5jweuumd8yrgf6a9menrzmj94r56lks,6.499995426541719
c7877758c34f69369a95779c4feadfed1e4d0717e4d913e91bcec991c651a40a,2025-08-21T20:13:58.356000+00:00,kaspa:qrj2qu6gglfkhev3f3vld3kqc49yrd5jweuumd8yrgf6a9menrzmj94r56lks,kaspa:qrj2qu6gglfkhev3f3vld3kqc49yrd5jweuumd8yrgf6a9menrzmj94r56lks,31.735418438353435
c7877758c34f69369a95779c4feadfed1e4d0717e4d913e91bcec991c651a40a,2025-08-21T20:13:58.356000+00:00,kaspa:pr5g8mevzutrq9kdcatanw6ltxfnplh0430ur0epfrz0lzyylqaxy5p4akmqn,kaspa:qrj2qu6gglfkhev3f3vld3kqc49yrd5jweuumd8yrgf6a9menrzmj94r56lks,1.9999983216465684
57922d762408043ba3be1ba1cd252df0d3bcee8ed21c9add7c80be840298d2df,2025-08-21T20:13:53.545000+00:00,kaspa:qrj2qu6gglfkhev3f3vld3kqc49yrd5jweuumd8yrgf6a9menrzmj94r56lks,kaspa:pr5g8mevzutrq9kdcatanw6ltxfnplh0430ur0epfrz0lzyylqaxy5p4akmqn,6.5
57922d762408043ba3be1ba1cd252df0d3bcee8ed21c9add7c80be840298d2df,2025-08-21T20:13:53.545000+00:00,kaspa:qrj2qu6gglfkhev3f3vld3kqc49yrd5jweuumd8yrgf6a9menrzmj94r56lks,kaspa:qrj2qu6gglfkhev3f3vld3kqc49yrd5jweuumd8yrgf6a9menrzmj94r56lks,31.73544507
f743f79e3df8fa4216491197457df72c190cdaa2bf39370ad0cfeef26e9404e3,2025-08-21T20:12:55.464000+00:00,kaspa:qrj2qu6gglfkhev3f3vld3kqc49yrd5jweuumd8yrgf6a9menrzmj94r56lks,kaspa:pr5g8mevzutrq9kdcatanw6ltxfnplh0430ur0epfrz0lzyylqaxy5p4akmqn,11.0
f743f79e3df8fa4216491197457df72c190cdaa2bf39370ad0cfeef26e9404e3,2025-08-21T20:12:55.464000+00:00,kaspa:qrj2qu6gglfkhev3f3vld3kqc49yrd5jweuumd8yrgf6a9menrzmj94r56lks,kaspa:qrj2qu6gglfkhev3f3vld3kqc49yrd5jweuumd8yrgf6a9menrzmj94r56lks,38.33546554
9a9979cbffdf5c4a154e3a528a36a906866ed3f2c698a850a5f3415b0b94793c,2025-08-21T20:12:11.793000+00:00,kaspa:qrj2qu6gglfkhev3f3vld3kqc49yrd5jweuumd8yrgf6a9menrzmj94r56lks,kaspa:pr5g8mevzutrq9kdcatanw6ltxfnplh0430ur0epfrz0lzyylqaxy5p4akmqn,15.0
9a9979cbffdf5c4a154e3a528a36a906866ed3f2c698a850a5f3415b0b94793c,2025-08-21T20:12:11.793000+00:00,kaspa:qrj2qu6gglfkhev3f3vld3kqc49yrd5jweuumd8yrgf6a9menrzmj94r56lks,kaspa:qrj2qu6gglfkhev3f3vld3kqc49yrd5jweuumd8yrgf6a9menrzmj94r56lks,49.43548601
71f4c795cb5c9b5ca9a16896a486338c0b616799c7b1d77fc2a53e3f760d7208,2025-08-21T20:11:18.746000+00:00,kaspa:qyp9w9p60gwn570880cx3gc39anqh9ky4twh8raff2cj2w2sc2t8grcj2zn3ych,kaspa:qrj2qu6gglfkhev3f3vld3kqc49yrd5jweuumd8yrgf6a9menrzmj94r56lks,50.0
0f9a3e8ffa461bd7306d7e9f5381bec520ddcb6f02d49be0f1d3ce157de681eb,2025-08-21T20:08:19.999000+00:00,kaspa:pr5g8mevzutrq9kdcatanw6ltxfnplh0430ur0epfrz0lzyylqaxy5p4akmqn,kaspa:qrj2qu6gglfkhev3f3vld3kqc49yrd5jweuumd8yrgf6a9menrzmj94r56lks,3.0
5610954766660b253ec877ea471b8fc8bf8167b45119915d8135719f6f6d1178,2025-08-21T20:08:17.065000+00:00,kaspa:qrj2qu6gglfkhev3f3vld3kqc49yrd5jweuumd8yrgf6a9menrzmj94r56lks,kaspa:pr5g8mevzutrq9kdcatanw6ltxfnplh0430ur0epfrz0lzyylqaxy5p4akmqn,4.0
5610954766660b253ec877ea471b8fc8bf8167b45119915d8135719f6f6d1178,2025-08-21T20:08:17.065000+00:00,kaspa:qrj2qu6gglfkhev3f3vld3kqc49yrd5jweuumd8yrgf6a9menrzmj94r56lks,kaspa:qrj2qu6gglfkhev3f3vld3kqc49yrd5jweuumd8yrgf6a9menrzmj94r56lks,8.53554002
e46f05cc5739299744751657f04f8460e65b4a9b5c9ac1cd9d199bab693747fa,2025-08-21T20:08:09.057000+00:00,kaspa:pr5g8mevzutrq9kdcatanw6ltxfnplh0430ur0epfrz0lzyylqaxy5p4akmqn,kaspa:qrj2qu6gglfkhev3f3vld3kqc49yrd5jweuumd8yrgf6a9menrzmj94r56lks,3.0
354a28118f40e4f6d9e598c9dd858a310a32e7beadb2b1c90a54a31d6236ec14,2025-08-21T20:08:05.444000+00:00,kaspa:qrj2qu6gglfkhev3f3vld3kqc49yrd5jweuumd8yrgf6a9menrzmj94r56lks,kaspa:pr5g8mevzutrq9kdcatanw6ltxfnplh0430ur0epfrz0lzyylqaxy5p4akmqn,4.0
354a28118f40e4f6d9e598c9dd858a310a32e7beadb2b1c90a54a31d6236ec14,2025-08-21T20:08:05.444000+00:00,kaspa:qrj2qu6gglfkhev3f3vld3kqc49yrd5jweuumd8yrgf6a9menrzmj94r56lks,kaspa:qrj2qu6gglfkhev3f3vld3kqc49yrd5jweuumd8yrgf6a9menrzmj94r56lks,12.53556876
5f4972fb9f197b45df79c050112363bdfda104218070e87aa1f32973b76ee3a4,2025-08-21T20:05:54.957000+00:00,kaspa:qrj2qu6gglfkhev3f3vld3kqc49yrd5jweuumd8yrgf6a9menrzmj94r56lks,kaspa:qrj2qu6gglfkhev3f3vld3kqc49yrd5jweuumd8yrgf6a9menrzmj94r56lks,9.235608188046642
5f4972fb9f197b45df79c050112363bdfda104218070e87aa1f32973b76ee3a4,2025-08-21T20:05:54.957000+00:00,kaspa:pr5g8mevzutrq9kdcatanw6ltxfnplh0430ur0epfrz0lzyylqaxy5p4akmqn,kaspa:qrj2qu6gglfkhev3f3vld3kqc49yrd5jweuumd8yrgf6a9menrzmj94r56lks,7.299987501953358
65290ec1990558392cf0054bfc13379f765ca9ed3a095a26569f22930fcee465,2025-08-21T20:05:52.780000+00:00,kaspa:qrj2qu6gglfkhev3f3vld3kqc49yrd5jweuumd8yrgf6a9menrzmj94r56lks,kaspa:pr5g8mevzutrq9kdcatanw6ltxfnplh0430ur0epfrz0lzyylqaxy5p4akmqn,7.3
65290ec1990558392cf0054bfc13379f765ca9ed3a095a26569f22930fcee465,2025-08-21T20:05:52.780000+00:00,kaspa:qrj2qu6gglfkhev3f3vld3kqc49yrd5jweuumd8yrgf6a9menrzmj94r56lks,kaspa:qrj2qu6gglfkhev3f3vld3kqc49yrd5jweuumd8yrgf6a9menrzmj94r56lks,9.235624
952af58aa9ebb876a7d3cfc1b05e67d02e7fdebb43e12fd8df428bb7f31c23f7,2025-08-21T20:05:00.188000+00:00,kaspa:pr5g8mevzutrq9kdcatanw6ltxfnplh0430ur0epfrz0lzyylqaxy5p4akmqn,kaspa:qrj2qu6gglfkhev3f3vld3kqc49yrd5jweuumd8yrgf6a9menrzmj94r56lks,3.0
50cbeaa5c9686a745e39901b9051838bd696405a5581bc2dc0d30dd5e859cc1a,2025-08-21T20:04:58.364000+00:00,kaspa:qrj2qu6gglfkhev3f3vld3kqc49yrd5jweuumd8yrgf6a9menrzmj94r56lks,kaspa:pr5g8mevzutrq9kdcatanw6ltxfnplh0430ur0epfrz0lzyylqaxy5p4akmqn,4.0
50cbeaa5c9686a745e39901b9051838bd696405a5581bc2dc0d30dd5e859cc1a,2025-08-21T20:04:58.364000+00:00,kaspa:qrj2qu6gglfkhev3f3vld3kqc49yrd5jweuumd8yrgf6a9menrzmj94r56lks,kaspa:qrj2qu6gglfkhev3f3vld3kqc49yrd5jweuumd8yrgf6a9menrzmj94r56lks,3.83633228
a262e729ce5dc15d032bd43c557e058e46efbbe4c57840cf678f6c0809e4699e,2025-07-14T16:39:05.978000+00:00,kaspa:qzy0j8ehxf6nuqkncuzlxwd4wxshlunn2pddhzd9my8xdjps900u7kd29v857,kaspa:qrj2qu6gglfkhev3f3vld3kqc49yrd5jweuumd8yrgf6a9menrzmj94r56lks,9.79933455
22b2fe55087a019e735c154b3a7ac89619e33abd72451d30d5fb3649a8c33fa8,2025-07-14T16:30:16.980000+00:00,kaspa:pqvkpqp8vptujvx3z29ctuuyzm4x7z2rwnpqhj7tgk7lsnmpjzam7ntwc08yq,kaspa:qrj2qu6gglfkhev3f3vld3kqc49yrd5jweuumd8yrgf6a9menrzmj94r56lks,3.0
b94d0c2df5c4147e20d5e6272f515ee966bd0752b5f76f2b4605f04957cdfe0e,2025-07-14T16:30:14.643000+00:00,kaspa:qrj2qu6gglfkhev3f3vld3kqc49yrd5jweuumd8yrgf6a9menrzmj94r56lks,kaspa:pqvkpqp8vptujvx3z29ctuuyzm4x7z2rwnpqhj7tgk7lsnmpjzam7ntwc08yq,3.0001
b94d0c2df5c4147e20d5e6272f515ee966bd0752b5f76f2b4605f04957cdfe0e,2025-07-14T16:30:14.643000+00:00,kaspa:qrj2qu6gglfkhev3f3vld3kqc49yrd5jweuumd8yrgf6a9menrzmj94r56lks,kaspa:qrj2qu6gglfkhev3f3vld3kqc49yrd5jweuumd8yrgf6a9menrzmj94r56lks,4.83636393
93625244aa1ee7f132e77591b61eafb773b91a2ec5ac462084e4a4f38f209feb,2025-07-13T21:00:46.559000+00:00,kaspa:prqxlnz6e5enlyk748r4xrrn5zqceachmhxjzld0nyrvlnvrlhmfvqaaz4pfc,kaspa:qrj2qu6gglfkhev3f3vld3kqc49yrd5jweuumd8yrgf6a9menrzmj94r56lks,3.0
abb9ca0618f5be7c36a140b8f8aa6bd02dc1b414a2c9c593f14b40fcfce50d57,2025-07-13T21:00:43.512000+00:00,kaspa:qrj2qu6gglfkhev3f3vld3kqc49yrd5jweuumd8yrgf6a9menrzmj94r56lks,kaspa:prqxlnz6e5enlyk748r4xrrn5zqceachmhxjzld0nyrvlnvrlhmfvqaaz4pfc,3.0001
abb9ca0618f5be7c36a140b8f8aa6bd02dc1b414a2c9c593f14b40fcfce50d57,2025-07-13T21:00:43.512000+00:00,kaspa:qrj2qu6gglfkhev3f3vld3kqc49yrd5jweuumd8yrgf6a9menrzmj94r56lks,kaspa:qrj2qu6gglfkhev3f3vld3kqc49yrd5jweuumd8yrgf6a9menrzmj94r56lks,4.83649558
edaf7a02d7f8c828f89a795eb1e9ceb62870ae056a84edfe9e424193c2432beb,2025-07-13T21:00:03.908000+00:00,kaspa:qyp9w9p60gwn570880cx3gc39anqh9ky4twh8raff2cj2w2sc2t8grcj2zn3ych,kaspa:qrj2qu6gglfkhev3f3vld3kqc49yrd5jweuumd8yrgf6a9menrzmj94r56lks,5.0
266cd8eeea043752db26d2fcf1725b24feb9f93b2ba036d6bb6c3dbfb785c879,2025-06-29T09:58:19.667000+00:00,kaspa:pz3u6286wmtsjlsf3h4xgq4ay9jj0v4ult2yry40te345fn9vfptz53nl5zg9,kaspa:qrj2qu6gglfkhev3f3vld3kqc49yrd5jweuumd8yrgf6a9menrzmj94r56lks,1.97994935
f51317bbaacd0d14ea993af9ca6c7729c2627d50a803601dc16a139c4de4786b,2025-06-29T09:58:16.984000+00:00,kaspa:qrj2qu6gglfkhev3f3vld3kqc49yrd5jweuumd8yrgf6a9menrzmj94r56lks,kaspa:pz3u6286wmtsjlsf3h4xgq4ay9jj0v4ult2yry40te345fn9vfptz53nl5zg9,37.0
f51317bbaacd0d14ea993af9ca6c7729c2627d50a803601dc16a139c4de4786b,2025-06-29T09:58:16.984000+00:00,kaspa:qrj2qu6gglfkhev3f3vld3kqc49yrd5jweuumd8yrgf6a9menrzmj94r56lks,kaspa:qrj2qu6gglfkhev3f3vld3kqc49yrd5jweuumd8yrgf6a9menrzmj94r56lks,0.85668906
d40004d2e9e12379f085fcec93ec6fb78fdcbd404d3e0e055a9d0501556fbc70,2025-06-29T09:57:44.657000+00:00,kaspa:prhrsuaey3s9qls3xec70vwz77zvfkvzexu6yuhf00ucce3kwlnvwl33zzpuf,kaspa:qrj2qu6gglfkhev3f3vld3kqc49yrd5jweuumd8yrgf6a9menrzmj94r56lks,1.97994935
787a14f5016574dbaa2619d7dd97776edd39131003577dd182f1bdd5c4a7065f,2025-06-29T09:57:42.164000+00:00,kaspa:qrj2qu6gglfkhev3f3vld3kqc49yrd5jweuumd8yrgf6a9menrzmj94r56lks,kaspa:prhrsuaey3s9qls3xec70vwz77zvfkvzexu6yuhf00ucce3kwlnvwl33zzpuf,37.0
787a14f5016574dbaa2619d7dd97776edd39131003577dd182f1bdd5c4a7065f,2025-06-29T09:57:42.164000+00:00,kaspa:qrj2qu6gglfkhev3f3vld3kqc49yrd5jweuumd8yrgf6a9menrzmj94r56lks,kaspa:qrj2qu6gglfkhev3f3vld3kqc49yrd5jweuumd8yrgf6a9menrzmj94r56lks,35.88684856
109424a841051887822107ba1f219bbf1e1d405c1e59d5b7df032a03024c9fa4,2025-06-29T09:56:52.593000+00:00,kaspa:qyp9w9p60gwn570880cx3gc39anqh9ky4twh8raff2cj2w2sc2t8grcj2zn3ych,kaspa:qrj2qu6gglfkhev3f3vld3kqc49yrd5jweuumd8yrgf6a9menrzmj94r56lks,70.0
2352dab5ca850148e37873e0b1af027319eec8f403192d5a8874a1b216a1143c,2025-01-17T19:35:38.057000+00:00,kaspa:qrj2qu6gglfkhev3f3vld3kqc49yrd5jweuumd8yrgf6a9menrzmj94r56lks,kaspa:qyp9w9p60gwn570880cx3gc39anqh9ky4twh8raff2cj2w2sc2t8grcj2zn3ych,7.1
2352dab5ca850148e37873e0b1af027319eec8f403192d5a8874a1b216a1143c,2025-01-17T19:35:38.057000+00:00,kaspa:qrj2qu6gglfkhev3f3vld3kqc49yrd5jweuumd8yrgf6a9menrzmj94r56lks,kaspa:qrj2qu6gglfkhev3f3vld3kqc49yrd5jweuumd8yrgf6a9menrzmj94r56lks,2.89688021
e7081c6d1527741111756c8b473a813eb18f9a620d20282da522039650da3eff,2025-01-17T19:33:08.999000+00:00,kaspa:pp6klf8tv2xlu0ul32tj0kufxf70xhxwm0xr6uh88t03xfv7lzrw2kxj5f97y,kaspa:qrj2qu6gglfkhev3f3vld3kqc49yrd5jweuumd8yrgf6a9menrzmj94r56lks,3.0
65adcfa25620a44c374ab04c0bb9fcc4ae63759f3b14b1f706f5437641f5c148,2025-01-17T19:33:03.157000+00:00,kaspa:qrj2qu6gglfkhev3f3vld3kqc49yrd5jweuumd8yrgf6a9menrzmj94r56lks,kaspa:pp6klf8tv2xlu0ul32tj0kufxf70xhxwm0xr6uh88t03xfv7lzrw2kxj5f97y,3.0001
65adcfa25620a44c374ab04c0bb9fcc4ae63759f3b14b1f706f5437641f5c148,2025-01-17T19:33:03.157000+00:00,kaspa:qrj2qu6gglfkhev3f3vld3kqc49yrd5jweuumd8yrgf6a9menrzmj94r56lks,kaspa:qrj2qu6gglfkhev3f3vld3kqc49yrd5jweuumd8yrgf6a9menrzmj94r56lks,6.99691186
0ab69dd91878a93f9ecb9cdc73c5a61b385567a1edca78d364f7a266d982781e,2025-01-17T19:30:11.836000+00:00,kaspa:pruylgm9k6l869mjd9hzadeq94n5d406x28jmmld7vedk9ena8aaq5awzl5f5,kaspa:qrj2qu6gglfkhev3f3vld3kqc49yrd5jweuumd8yrgf6a9menrzmj94r56lks,3.0
78e664e6951d0cc0a49f499bc5ec7b1ab79dc36bb30a435ab3f920c7126ecae3,2025-01-17T19:30:08.104000+00:00,kaspa:qrj2qu6gglfkhev3f3vld3kqc49yrd5jweuumd8yrgf6a9menrzmj94r56lks,kaspa:pruylgm9k6l869mjd9hzadeq94n5d406x28jmmld7vedk9ena8aaq5awzl5f5,3.0001
78e664e6951d0cc0a49f499bc5ec7b1ab79dc36bb30a435ab3f920c7126ecae3,2025-01-17T19:30:08.104000+00:00,kaspa:qrj2qu6gglfkhev3f3vld3kqc49yrd5jweuumd8yrgf6a9menrzmj94r56lks,kaspa:qrj2qu6gglfkhev3f3vld3kqc49yrd5jweuumd8yrgf6a9menrzmj94r56lks,6.99704351
81249f067760563c794815818195168345ce798085dfab732f9e47d3c4071760,2025-01-17T19:27:04.111000+00:00,kaspa:pqn4kae2lrsnj2wmrgsgf0scayze8xsshfzuw6ljezmhf06qk2h3j73gwjj3k,kaspa:qrj2qu6gglfkhev3f3vld3kqc49yrd5jweuumd8yrgf6a9menrzmj94r56lks,3.0
7311af5565e19ee7b9efedc5ef2465e680d4b257fa4dcf5002b1136a1e641369,2025-01-17T19:27:01.559000+00:00,kaspa:qrj2qu6gglfkhev3f3vld3kqc49yrd5jweuumd8yrgf6a9menrzmj94r56lks,kaspa:pqn4kae2lrsnj2wmrgsgf0scayze8xsshfzuw6ljezmhf06qk2h3j73gwjj3k,3.0001
7311af5565e19ee7b9efedc5ef2465e680d4b257fa4dcf5002b1136a1e641369,2025-01-17T19:27:01.559000+00:00,kaspa:qrj2qu6gglfkhev3f3vld3kqc49yrd5jweuumd8yrgf6a9menrzmj94r56lks,kaspa:qrj2qu6gglfkhev3f3vld3kqc49yrd5jweuumd8yrgf6a9menrzmj94r56lks,6.99717516
b10c6da05be77a8fe46e856155b80ec6b64f73990470d0da408bda5cefdad90c,2025-01-10T16:25:08.418000+00:00,kaspa:prw22dha5v44v7q3pjtfkyt73gft0asqtkfm32uk04t7v065yeztcxh3rw2q7,kaspa:qrj2qu6gglfkhev3f3vld3kqc49yrd5jweuumd8yrgf6a9menrzmj94r56lks,3.0
a46df75ec2a76d0ba22232a6330589e21ee6b3c761782a32584ef2480cf43104,2025-01-10T16:25:04.452000+00:00,kaspa:qrj2qu6gglfkhev3f3vld3kqc49yrd5jweuumd8yrgf6a9menrzmj94r56lks,kaspa:prw22dha5v44v7q3pjtfkyt73gft0asqtkfm32uk04t7v065yeztcxh3rw2q7,3.0001
a46df75ec2a76d0ba22232a6330589e21ee6b3c761782a32584ef2480cf43104,2025-01-10T16:25:04.452000+00:00,kaspa:qrj2qu6gglfkhev3f3vld3kqc49yrd5jweuumd8yrgf6a9menrzmj94r56lks,kaspa:qrj2qu6gglfkhev3f3vld3kqc49yrd5jweuumd8yrgf6a9menrzmj94r56lks,6.99730681
a13793cfaf7ec73f1915374b754f2f320e58b4771006b8925c5a598fcb8b96b0,2025-01-10T16:07:44.061000+00:00,kaspa:prw22dha5v44v7q3pjtfkyt73gft0asqtkfm32uk04t7v065yeztcxh3rw2q7,kaspa:qrj2qu6gglfkhev3f3vld3kqc49yrd5jweuumd8yrgf6a9menrzmj94r56lks,3.0
ffcac9cc079f3229e40a402fe65ae3e95135b262aa0bca30f69de3feadafe3c9,2025-01-10T16:07:39.049000+00:00,kaspa:qrj2qu6gglfkhev3f3vld3kqc49yrd5jweuumd8yrgf6a9menrzmj94r56lks,kaspa:prw22dha5v44v7q3pjtfkyt73gft0asqtkfm32uk04t7v065yeztcxh3rw2q7,3.0001
ffcac9cc079f3229e40a402fe65ae3e95135b262aa0bca30f69de3feadafe3c9,2025-01-10T16:07:39.049000+00:00,kaspa:qrj2qu6gglfkhev3f3vld3kqc49yrd5jweuumd8yrgf6a9menrzmj94r56lks,kaspa:qrj2qu6gglfkhev3f3vld3kqc49yrd5jweuumd8yrgf6a9menrzmj94r56lks,6.99743846
5b30f4d90996068798a93846b130a6f186dc4c035fa939966171fc035e04372d,2025-01-10T16:07:20.208000+00:00,kaspa:pqm4c58g94pwvmkr9wn62ux3wqknz3rh94hs58kfy6hq9yugad76xv4y0d8gx,kaspa:qrj2qu6gglfkhev3f3vld3kqc49yrd5jweuumd8yrgf6a9menrzmj94r56lks,3.0
ef4bc51814253428918d5bc396eba5e53c816f5f268ebec3163bd1ab8b6ab2c7,2025-01-10T16:07:17.646000+00:00,kaspa:qrj2qu6gglfkhev3f3vld3kqc49yrd5jweuumd8yrgf6a9menrzmj94r56lks,kaspa:pqm4c58g94pwvmkr9wn62ux3wqknz3rh94hs58kfy6hq9yugad76xv4y0d8gx,3.0001
ef4bc51814253428918d5bc396eba5e53c816f5f268ebec3163bd1ab8b6ab2c7,2025-01-10T16:07:17.646000+00:00,kaspa:qrj2qu6gglfkhev3f3vld3kqc49yrd5jweuumd8yrgf6a9menrzmj94r56lks,kaspa:qrj2qu6gglfkhev3f3vld3kqc49yrd5jweuumd8yrgf6a9menrzmj94r56lks,6.99757011
da70ca940ada40d9529428801f11fc992d968ba3834a824ae9591c188303b2b1,2025-01-10T16:06:52.840000+00:00,kaspa:pppuy38xanrw2kxclk9ux3cn4zqqmgxx2m7cev7vqcxqu2gsqgsmxr7jxnycc,kaspa:qrj2qu6gglfkhev3f3vld3kqc49yrd5jweuumd8yrgf6a9menrzmj94r56lks,3.0
58ac991224048271fcf5d6dde43b3de0997f82777b26dcb268d5ab19d6fb1fca,2025-01-10T16:06:48.383000+00:00,kaspa:qrj2qu6gglfkhev3f3vld3kqc49yrd5jweuumd8yrgf6a9menrzmj94r56lks,kaspa:pppuy38xanrw2kxclk9ux3cn4zqqmgxx2m7cev7vqcxqu2gsqgsmxr7jxnycc,3.0001
58ac991224048271fcf5d6dde43b3de0997f82777b26dcb268d5ab19d6fb1fca,2025-01-10T16:06:48.383000+00:00,kaspa:qrj2qu6gglfkhev3f3vld3kqc49yrd5jweuumd8yrgf6a9menrzmj94r56lks,kaspa:qrj2qu6gglfkhev3f3vld3kqc49yrd5jweuumd8yrgf6a9menrzmj94r56lks,6.99770176
f6f5b334455d2180bf4bd9f8c5186125a089fb521a5425409f274c6723435d1f,2025-01-10T16:03:08.449000+00:00,kaspa:pplv4mshaspnffn2ffx9e3j0mmafjcz87ndskfst5l2hla28v29m5x9y9e8wk,kaspa:qrj2qu6gglfkhev3f3vld3kqc49yrd5jweuumd8yrgf6a9menrzmj94r56lks,3.0
194cad0d7d727c756e689a07ae48cc78a0c6279c6f36ecee9055350c6544d727,2025-01-10T16:03:04.797000+00:00,kaspa:qrj2qu6gglfkhev3f3vld3kqc49yrd5jweuumd8yrgf6a9menrzmj94r56lks,kaspa:pplv4mshaspnffn2ffx9e3j0mmafjcz87ndskfst5l2hla28v29m5x9y9e8wk,3.0001
194cad0d7d727c756e689a07ae48cc78a0c6279c6f36ecee9055350c6544d727,2025-01-10T16:03:04.797000+00:00,kaspa:qrj2qu6gglfkhev3f3vld3kqc49yrd5jweuumd8yrgf6a9menrzmj94r56lks,kaspa:qrj2qu6gglfkhev3f3vld3kqc49yrd5jweuumd8yrgf6a9menrzmj94r56lks,6.99783341
e5036c3170b34a02daac2450bcced14a5b130ba3ef3e1fffe1dda778d556c768,2025-01-10T15:48:30.613000+00:00,kaspa:pplv4mshaspnffn2ffx9e3j0mmafjcz87ndskfst5l2hla28v29m5x9y9e8wk,kaspa:qrj2qu6gglfkhev3f3vld3kqc49yrd5jweuumd8yrgf6a9menrzmj94r56lks,3.0
fe49872303ce741dffcb65f8b947000223d7bdca6ab122d0cba615cae990361b,2025-01-10T15:48:25.651000+00:00,kaspa:qrj2qu6gglfkhev3f3vld3kqc49yrd5jweuumd8yrgf6a9menrzmj94r56lks,kaspa:pplv4mshaspnffn2ffx9e3j0mmafjcz87ndskfst5l2hla28v29m5x9y9e8wk,3.0001
fe49872303ce741dffcb65f8b947000223d7bdca6ab122d0cba615cae990361b,2025-01-10T15:48:25.651000+00:00,kaspa:qrj2qu6gglfkhev3f3vld3kqc49yrd5jweuumd8yrgf6a9menrzmj94r56lks,kaspa:qrj2qu6gglfkhev3f3vld3kqc49yrd5jweuumd8yrgf6a9menrzmj94r56lks,6.99796506
9a7aba178f84091fda0ae1860f87f1cc2a6ea93189665e281a8a0aa7999dfd71,2025-01-10T15:47:43.816000+00:00,kaspa:ppc4m0pte7wymazhmla6x6dhupz4088er8x739te6tkjj8h4qzsj7ma8mk9yt,kaspa:qrj2qu6gglfkhev3f3vld3kqc49yrd5jweuumd8yrgf6a9menrzmj94r56lks,3.0
078eeb112344f4dd36530aa9cb7cb0543906b9059617082f9befc2deb19b7255,2025-01-10T15:47:41.126000+00:00,kaspa:qrj2qu6gglfkhev3f3vld3kqc49yrd5jweuumd8yrgf6a9menrzmj94r56lks,kaspa:ppc4m0pte7wymazhmla6x6dhupz4088er8x739te6tkjj8h4qzsj7ma8mk9yt,3.0001
078eeb112344f4dd36530aa9cb7cb0543906b9059617082f9befc2deb19b7255,2025-01-10T15:47:41.126000+00:00,kaspa:qrj2qu6gglfkhev3f3vld3kqc49yrd5jweuumd8yrgf6a9menrzmj94r56lks,kaspa:qrj2qu6gglfkhev3f3vld3kqc49yrd5jweuumd8yrgf6a9menrzmj94r56lks,6.99809671
e5e0c743a2427de49c1b534774ed6a20faba61c10f93d6d48fbf7e7b5cc15f4e,2025-01-10T15:46:58.326000+00:00,kaspa:pqphhtfe0f4g59uu6g263lvpznrrgspkwca30gc52kt3q7wll98920jzstck9,kaspa:qrj2qu6gglfkhev3f3vld3kqc49yrd5jweuumd8yrgf6a9menrzmj94r56lks,3.0
8244903ea8e51f88c010bbf6055ced6591e45c54ebfddb299a8b8e1d4b9f7e47,2025-01-10T15:46:53.903000+00:00,kaspa:qrj2qu6gglfkhev3f3vld3kqc49yrd5jweuumd8yrgf6a9menrzmj94r56lks,kaspa:pqphhtfe0f4g59uu6g263lvpznrrgspkwca30gc52kt3q7wll98920jzstck9,3.0001
8244903ea8e51f88c010bbf6055ced6591e45c54ebfddb299a8b8e1d4b9f7e47,2025-01-10T15:46:53.903000+00:00,kaspa:qrj2qu6gglfkhev3f3vld3kqc49yrd5jweuumd8yrgf6a9menrzmj94r56lks,kaspa:qrj2qu6gglfkhev3f3vld3kqc49yrd5jweuumd8yrgf6a9menrzmj94r56lks,6.99822836
feb35e468e3c2270f9c968b1f9fff9217c306a3cb8df9d6a7a77a2e459dc49b1,2025-01-10T15:46:31.393000+00:00,kaspa:prgy685w344eqere6787rg09u7x653esaz4e5ssp5vvcwnlvs3skyz64ncmfk,kaspa:qrj2qu6gglfkhev3f3vld3kqc49yrd5jweuumd8yrgf6a9menrzmj94r56lks,3.0
faa2d71d621aaf79b035a824bc28b6983bfc3a33bf0c4a3db9401be182a3ff11,2025-01-10T15:46:27.416000+00:00,kaspa:qrj2qu6gglfkhev3f3vld3kqc49yrd5jweuumd8yrgf6a9menrzmj94r56lks,kaspa:prgy685w344eqere6787rg09u7x653esaz4e5ssp5vvcwnlvs3skyz64ncmfk,3.0001
faa2d71d621aaf79b035a824bc28b6983bfc3a33bf0c4a3db9401be182a3ff11,2025-01-10T15:46:27.416000+00:00,kaspa:qrj2qu6gglfkhev3f3vld3kqc49yrd5jweuumd8yrgf6a9menrzmj94r56lks,kaspa:qrj2qu6gglfkhev3f3vld3kqc49yrd5jweuumd8yrgf6a9menrzmj94r56lks,6.99836001
7d4aa5d08afe583334fd9fd92e28813e565a221d68ebe4131770b9b6bb41fcab,2025-01-10T15:46:06.620000+00:00,kaspa:ppva3xf5eagdmwqakadn9jnvxjlwjxr9z7zeqhdj576l6yhu7aepk2pfklu9d,kaspa:qrj2qu6gglfkhev3f3vld3kqc49yrd5jweuumd8yrgf6a9menrzmj94r56lks,3.0
67f4883a367e559a9f28c3d80a8ad61d07a5cf6f74301ca96fb45a3ad61619c6,2025-01-10T15:46:02.183000+00:00,kaspa:qrj2qu6gglfkhev3f3vld3kqc49yrd5jweuumd8yrgf6a9menrzmj94r56lks,kaspa:ppva3xf5eagdmwqakadn9jnvxjlwjxr9z7zeqhdj576l6yhu7aepk2pfklu9d,3.0001
67f4883a367e559a9f28c3d80a8ad61d07a5cf6f74301ca96fb45a3ad61619c6,2025-01-10T15:46:02.183000+00:00,kaspa:qrj2qu6gglfkhev3f3vld3kqc49yrd5jweuumd8yrgf6a9menrzmj94r56lks,kaspa:qrj2qu6gglfkhev3f3vld3kqc49yrd5jweuumd8yrgf6a9menrzmj94r56lks,6.99849166
656c6afd3e67ec3e2873baec8cf4fa8033023b9b44583556b5d942227eb578ad,2025-01-10T15:45:32.843000+00:00,kaspa:prfc7dscpvg2kj7nhm0pnhul8zs9smuqg3ag92j07w0h2kz9mma87hxaargp8,kaspa:qrj2qu6gglfkhev3f3vld3kqc49yrd5jweuumd8yrgf6a9menrzmj94r56lks,3.0
e54b55deae87b524239735c65c5bfc2b2020741b7f3274b45975a3ed4877c2a5,2025-01-10T15:45:29.491000+00:00,kaspa:qrj2qu6gglfkhev3f3vld3kqc49yrd5jweuumd8yrgf6a9menrzmj94r56lks,kaspa:prfc7dscpvg2kj7nhm0pnhul8zs9smuqg3ag92j07w0h2kz9mma87hxaargp8,3.0001
e54b55deae87b524239735c65c5bfc2b2020741b7f3274b45975a3ed4877c2a5,2025-01-10T15:45:29.491000+00:00,kaspa:qrj2qu6gglfkhev3f3vld3kqc49yrd5jweuumd8yrgf6a9menrzmj94r56lks,kaspa:qrj2qu6gglfkhev3f3vld3kqc49yrd5jweuumd8yrgf6a9menrzmj94r56lks,6.99862331
5fea22cd280b1169272ba6e1ef60e0a94cd92feb3cc176b541a96374098c372a,2025-01-10T15:42:42.555000+00:00,kaspa:prw22dha5v44v7q3pjtfkyt73gft0asqtkfm32uk04t7v065yeztcxh3rw2q7,kaspa:qrj2qu6gglfkhev3f3vld3kqc49yrd5jweuumd8yrgf6a9menrzmj94r56lks,3.0
d6bef980e494a4d7316364b4fbccbcd1bfa580f184516ce8e157b683b41a7d4f,2025-01-10T15:42:39.728000+00:00,kaspa:qrj2qu6gglfkhev3f3vld3kqc49yrd5jweuumd8yrgf6a9menrzmj94r56lks,kaspa:prw22dha5v44v7q3pjtfkyt73gft0asqtkfm32uk04t7v065yeztcxh3rw2q7,3.0001
d6bef980e494a4d7316364b4fbccbcd1bfa580f184516ce8e157b683b41a7d4f,2025-01-10T15:42:39.728000+00:00,kaspa:qrj2qu6gglfkhev3f3vld3kqc49yrd5jweuumd8yrgf6a9menrzmj94r56lks,kaspa:qrj2qu6gglfkhev3f3vld3kqc49yrd5jweuumd8yrgf6a9menrzmj94r56lks,6.99875496
79f0996bbd9c67cb258850b262c288744c003239e9d26d12fcc94e57a17545ff,2025-01-10T15:37:02.066000+00:00,kaspa:qrj2qu6gglfkhev3f3vld3kqc49yrd5jweuumd8yrgf6a9menrzmj94r56lks,kaspa:qyp9w9p60gwn570880cx3gc39anqh9ky4twh8raff2cj2w2sc2t8grcj2zn3ych,15.0
79f0996bbd9c67cb258850b262c288744c003239e9d26d12fcc94e57a17545ff,2025-01-10T15:37:02.066000+00:00,kaspa:qrj2qu6gglfkhev3f3vld3kqc49yrd5jweuumd8yrgf6a9menrzmj94r56lks,kaspa:qrj2qu6gglfkhev3f3vld3kqc49yrd5jweuumd8yrgf6a9menrzmj94r56lks,9.99889257
dd86e4dd32f2ff59687d70fce0ab8ff6425e4241b34c3dff61814fe23d28aa6e,2025-01-10T15:34:40.565000+00:00,kaspa:prw22dha5v44v7q3pjtfkyt73gft0asqtkfm32uk04t7v065yeztcxh3rw2q7,kaspa:qrj2qu6gglfkhev3f3vld3kqc49yrd5jweuumd8yrgf6a9menrzmj94r56lks,3.0
4754c733fe5b3cd5d9ab2a55c5b9bf3d292ab324b87685ed7a07afb46603695c,2025-01-10T15:34:38.060000+00:00,kaspa:qrj2qu6gglfkhev3f3vld3kqc49yrd5jweuumd8yrgf6a9menrzmj94r56lks,kaspa:prw22dha5v44v7q3pjtfkyt73gft0asqtkfm32uk04t7v065yeztcxh3rw2q7,3.0001
4754c733fe5b3cd5d9ab2a55c5b9bf3d292ab324b87685ed7a07afb46603695c,2025-01-10T15:34:38.060000+00:00,kaspa:qrj2qu6gglfkhev3f3vld3kqc49yrd5jweuumd8yrgf6a9menrzmj94r56lks,kaspa:qrj2qu6gglfkhev3f3vld3kqc49yrd5jweuumd8yrgf6a9menrzmj94r56lks,21.99892422
ffa0414026726f406efb3b2ba832ed8e8078d1c59e0ef91912b322ae84905b13,2024-12-14T08:02:55.235000+00:00,kaspa:qrj2qu6gglfkhev3f3vld3kqc49yrd5jweuumd8yrgf6a9menrzmj94r56lks,kaspa:qreq7ca3avjau6pg4h2375s63tcp5c5th2uqfmq3e0kv4uekz74jw6c24sanq,25.0
ffa0414026726f406efb3b2ba832ed8e8078d1c59e0ef91912b322ae84905b13,2024-12-14T08:02:55.235000+00:00,kaspa:qrj2qu6gglfkhev3f3vld3kqc49yrd5jweuumd8yrgf6a9menrzmj94r56lks,kaspa:qrj2qu6gglfkhev3f3vld3kqc49yrd5jweuumd8yrgf6a9menrzmj94r56lks,24.99905809
5775c01b51546c350285eda2f36b3a0aadfbfd81afaec7c013facea10b51588d,2024-11-20T12:55:09.274000+00:00,kaspa:pqknmzrfepqwl6grnh5v89hd6uz96jtj5ksgtdg2nc7pcjlzfut6c35f8pr85,kaspa:qrj2qu6gglfkhev3f3vld3kqc49yrd5jweuumd8yrgf6a9menrzmj94r56lks,3.0
3c8aa47332f861fd7138aa43ecc3d9126055fcb7429a49e0f1ce733dc694eb9d,2024-11-20T12:55:06.265000+00:00,kaspa:qrj2qu6gglfkhev3f3vld3kqc49yrd5jweuumd8yrgf6a9menrzmj94r56lks,kaspa:pqknmzrfepqwl6grnh5v89hd6uz96jtj5ksgtdg2nc7pcjlzfut6c35f8pr85,3.0001
3c8aa47332f861fd7138aa43ecc3d9126055fcb7429a49e0f1ce733dc694eb9d,2024-11-20T12:55:06.265000+00:00,kaspa:qrj2qu6gglfkhev3f3vld3kqc49yrd5jweuumd8yrgf6a9menrzmj94r56lks,kaspa:qrj2qu6gglfkhev3f3vld3kqc49yrd5jweuumd8yrgf6a9menrzmj94r56lks,46.99908963
a60a0921436c6e1ea3b1704aa0df4118e0b102e4d3ac73a5fd6c1aaafda7474e,2024-11-20T12:53:10.524000+00:00,kaspa:pp4skyldymx8zntahz9dm8smt8u9ym4n9ju87xlxp7lrmlue9tf8cvpqs8r0f,kaspa:qrj2qu6gglfkhev3f3vld3kqc49yrd5jweuumd8yrgf6a9menrzmj94r56lks,3.0
9d1887ea1583c3c7b8726e51000a1654190d116675cdb989bceff86eabf46189,2024-11-20T12:53:07.136000+00:00,kaspa:qrj2qu6gglfkhev3f3vld3kqc49yrd5jweuumd8yrgf6a9menrzmj94r56lks,kaspa:pp4skyldymx8zntahz9dm8smt8u9ym4n9ju87xlxp7lrmlue9tf8cvpqs8r0f,3.0001
9d1887ea1583c3c7b8726e51000a1654190d116675cdb989bceff86eabf46189,2024-11-20T12:53:07.136000+00:00,kaspa:qrj2qu6gglfkhev3f3vld3kqc49yrd5jweuumd8yrgf6a9menrzmj94r56lks,kaspa:qrj2qu6gglfkhev3f3vld3kqc49yrd5jweuumd8yrgf6a9menrzmj94r56lks,46.99922128
b6c2fa1415ba9a2081d44e6985be701fcdabc667f707935f9e67d03cc2112212,2024-10-25T18:37:05.366000+00:00,kaspa:ppsp6k9myxd3tpduvkle8fhezzrug4hr3xcmt9zk6g3tvwk2ht9xu0zacxt7m,kaspa:qrj2qu6gglfkhev3f3vld3kqc49yrd5jweuumd8yrgf6a9menrzmj94r56lks,3.0
4f5be106c87d3f4ecedcaf0c40169316df6a9559b5a289fc737ebc4025ab5d42,2024-10-25T18:37:03.857000+00:00,kaspa:qrj2qu6gglfkhev3f3vld3kqc49yrd5jweuumd8yrgf6a9menrzmj94r56lks,kaspa:ppsp6k9myxd3tpduvkle8fhezzrug4hr3xcmt9zk6g3tvwk2ht9xu0zacxt7m,3.0001
4f5be106c87d3f4ecedcaf0c40169316df6a9559b5a289fc737ebc4025ab5d42,2024-10-25T18:37:03.857000+00:00,kaspa:qrj2qu6gglfkhev3f3vld3kqc49yrd5jweuumd8yrgf6a9menrzmj94r56lks,kaspa:qrj2qu6gglfkhev3f3vld3kqc49yrd5jweuumd8yrgf6a9menrzmj94r56lks,46.99935293
813ddea1813b59f960b051f027befab928ee1f04d865e73beb9448e0093b342b,2024-10-24T16:23:56.212000+00:00,kaspa:pzwx26aplug0alqmwd3n6q4l73mmemwrqukzsxvk6dvv2cv36yu3cc3s4r872,kaspa:qrj2qu6gglfkhev3f3vld3kqc49yrd5jweuumd8yrgf6a9menrzmj94r56lks,3.0
a18504bc97998ca0e9f0ac7bb958ab24da4d8c61d13fff8c5e3eefd9aa8e3ebb,2024-10-24T16:23:51.685000+00:00,kaspa:qrj2qu6gglfkhev3f3vld3kqc49yrd5jweuumd8yrgf6a9menrzmj94r56lks,kaspa:pzwx26aplug0alqmwd3n6q4l73mmemwrqukzsxvk6dvv2cv36yu3cc3s4r872,3.0001
a18504bc97998ca0e9f0ac7bb958ab24da4d8c61d13fff8c5e3eefd9aa8e3ebb,2024-10-24T16:23:51.685000+00:00,kaspa:qrj2qu6gglfkhev3f3vld3kqc49yrd5jweuumd8yrgf6a9menrzmj94r56lks,kaspa:qrj2qu6gglfkhev3f3vld3kqc49yrd5jweuumd8yrgf6a9menrzmj94r56lks,46.99948458
0e5845b91a12620256d007a52cf6a5d9310f3242a8afb4a4da83f14c17190655,2024-10-23T19:53:57.536000+00:00,kaspa:pq4976atp3ljyle8nehp2g6lkhw2zddm0m6euaulaaxeckp5hl2jklcn357ga,kaspa:qrj2qu6gglfkhev3f3vld3kqc49yrd5jweuumd8yrgf6a9menrzmj94r56lks,3.0
a67e7bc2b484d755ff46a22048f3afb3030df0a6489e059a2e4207d2bec8748c,2024-10-23T19:53:54.964000+00:00,kaspa:qrj2qu6gglfkhev3f3vld3kqc49yrd5jweuumd8yrgf6a9menrzmj94r56lks,kaspa:pq4976atp3ljyle8nehp2g6lkhw2zddm0m6euaulaaxeckp5hl2jklcn357ga,3.0001
a67e7bc2b484d755ff46a22048f3afb3030df0a6489e059a2e4207d2bec8748c,2024-10-23T19:53:54.964000+00:00,kaspa:qrj2qu6gglfkhev3f3vld3kqc49yrd5jweuumd8yrgf6a9menrzmj94r56lks,kaspa:qrj2qu6gglfkhev3f3vld3kqc49yrd5jweuumd8yrgf6a9menrzmj94r56lks,46.99961623
c1617fab168ed1f3bf6f87fa0f9ef5fbdd9d594f47a266dee8660584c0426d2f,2024-10-23T19:37:13.383000+00:00,kaspa:ppsp6k9myxd3tpduvkle8fhezzrug4hr3xcmt9zk6g3tvwk2ht9xu0zacxt7m,kaspa:qrj2qu6gglfkhev3f3vld3kqc49yrd5jweuumd8yrgf6a9menrzmj94r56lks,20.0
60e7a16f782e25d1c37cbd309508680adecdf20d524f30a23d4e806d2ddcfa0c,2024-10-23T19:37:08.539000+00:00,kaspa:qrj2qu6gglfkhev3f3vld3kqc49yrd5jweuumd8yrgf6a9menrzmj94r56lks,kaspa:ppsp6k9myxd3tpduvkle8fhezzrug4hr3xcmt9zk6g3tvwk2ht9xu0zacxt7m,20.0001
60e7a16f782e25d1c37cbd309508680adecdf20d524f30a23d4e806d2ddcfa0c,2024-10-23T19:37:08.539000+00:00,kaspa:qrj2qu6gglfkhev3f3vld3kqc49yrd5jweuumd8yrgf6a9menrzmj94r56lks,kaspa:qrj2qu6gglfkhev3f3vld3kqc49yrd5jweuumd8yrgf6a9menrzmj94r56lks,29.99974788
2055f3c2c3e31ff6d1a3200f732f8064ee2541a61975225d5b0f0c78cf260a7d,2024-10-23T06:47:44.405000+00:00,kaspa:pznmh9snuerd60c3q4r4tg8rxvya24p0cgc2ck7uvjqutk9gxrk65rg7kacug,kaspa:qrj2qu6gglfkhev3f3vld3kqc49yrd5jweuumd8yrgf6a9menrzmj94r56lks,20.0
8fb53350c331a1f23127d00b94340c5cf06093cb4f6caf48115f8a0738cecfe0,2024-10-23T06:47:42.526000+00:00,kaspa:qrj2qu6gglfkhev3f3vld3kqc49yrd5jweuumd8yrgf6a9menrzmj94r56lks,kaspa:pznmh9snuerd60c3q4r4tg8rxvya24p0cgc2ck7uvjqutk9gxrk65rg7kacug,20.0001
8fb53350c331a1f23127d00b94340c5cf06093cb4f6caf48115f8a0738cecfe0,2024-10-23T06:47:42.526000+00:00,kaspa:qrj2qu6gglfkhev3f3vld3kqc49yrd5jweuumd8yrgf6a9menrzmj94r56lks,kaspa:qrj2qu6gglfkhev3f3vld3kqc49yrd5jweuumd8yrgf6a9menrzmj94r56lks,29.99987953
e9fb9f0e242ffeae6b21af5e6c1b48394ba53d35c767a64f5eb83aa88347e7fe,2024-10-22T17:26:44.963000+00:00,kaspa:qreq7ca3avjau6pg4h2375s63tcp5c5th2uqfmq3e0kv4uekz74jw6c24sanq,kaspa:qrj2qu6gglfkhev3f3vld3kqc49yrd5jweuumd8yrgf6a9menrzmj94r56lks,50.0
