tx_id,timestamp,sender,recipient,amount_kas
0c8962bd691b1455046027fb570ef47bc3b5d2e9792b344f094a0286a1310f89,2025-09-02T03:32:51.041000+00:00,kaspa:pqxtvnu7pksh487jdjnqm029v93melwct0vneferz6pmuvjsx7k4uuc88lt4a,kaspa:qzglg3rl9k6fuc7capfp5zw3sjl3tj2q6jjdlhs8j70p2u98cvqhym20x9lmz,3.0
cacd93fc96279c453ad522b5b544b250c0e8516ab8edd34785385fe0454e6f04,2025-09-02T03:32:49.720000+00:00,kaspa:qzglg3rl9k6fuc7capfp5zw3sjl3tj2q6jjdlhs8j70p2u98cvqhym20x9lmz,kaspa:pqxtvnu7pksh487jdjnqm029v93melwct0vneferz6pmuvjsx7k4uuc88lt4a,3.0001
cacd93fc96279c453ad522b5b544b250c0e8516ab8edd34785385fe0454e6f04,2025-09-02T03:32:49.720000+00:00,kaspa:qzglg3rl9k6fuc7capfp5zw3sjl3tj2q6jjdlhs8j70p2u98cvqhym20x9lmz,kaspa:qzglg3rl9k6fuc7capfp5zw3sjl3tj2q6jjdlhs8j70p2u98cvqhym20x9lmz,1896.10264976
ed47650d961b7b92be6cca5ed3ce1f23f6834dc7376362b6fff5744b24ad2b13,2025-09-02T03:29:54.314000+00:00,kaspa:qzglg3rl9k6fuc7capfp5zw3sjl3tj2q6jjdlhs8j70p2u98cvqhym20x9lmz,kaspa:qrrxzrjz3sj4e7mg6ljw49h3l30erpa8vh9vle5356n9quwcsj8psgn6jxehq,1800.0
ed47650d961b7b92be6cca5ed3ce1f23f6834dc7376362b6fff5744b24ad2b13,2025-09-02T03:29:54.314000+00:00,kaspa:qzglg3rl9k6fuc7capfp5zw3sjl3tj2q6jjdlhs8j70p2u98cvqhym20x9lmz,kaspa:qzglg3rl9k6fuc7capfp5zw3sjl3tj2q6jjdlhs8j70p2u98cvqhym20x9lmz,1899.10278309
ecd6f2177820db2833aff993a1981e1c5b43a4aea1d13e7414fd952788a17198,2025-09-02T01:45:53.455000+00:00,kaspa:qzglg3rl9k6fuc7capfp5zw3sjl3tj2q6jjdlhs8j70p2u98cvqhym20x9lmz,kaspa:qzglg3rl9k6fuc7capfp5zw3sjl3tj2q6jjdlhs8j70p2u98cvqhym20x9lmz,3675.1028036336766
ecd6f2177820db2833aff993a1981e1c5b43a4aea1d13e7414fd952788a17198,2025-09-02T01:45:53.455000+00:00,kaspa:pzfmyr5rycjcp8va7dj5arvdwyqg4w9lg2zqmdzy63dez2x9c0jsv3kctmxn5,kaspa:qzglg3rl9k6fuc7capfp5zw3sjl3tj2q6jjdlhs8j70p2u98cvqhym20x9lmz,23.999999816323026
2ab5443370bd5d7b24e16f81ba6b19a02944a4ad0640911661330efd6766573e,2025-09-02T01:45:47.040000+00:00,kaspa:qzglg3rl9k6fuc7capfp5zw3sjl3tj2q6jjdlhs8j70p2u98cvqhym20x9lmz,kaspa:qzglg3rl9k6fuc7capfp5zw3sjl3tj2q6jjdlhs8j70p2u98cvqhym20x9lmz,3674.1028317677033
2ab5443370bd5d7b24e16f81ba6b19a02944a4ad0640911661330efd6766573e,2025-09-02T01:45:47.040000+00:00,kaspa:pzfmyr5rycjcp8va7dj5arvdwyqg4w9lg2zqmdzy63dez2x9c0jsv3kctmxn5,kaspa:qzglg3rl9k6fuc7capfp5zw3sjl3tj2q6jjdlhs8j70p2u98cvqhym20x9lmz,0.9999999922968141
e5572ee76ed3b3e027fad9c17de60283da3c328190c3d40241411e9f9d7d0d3d,2025-09-02T01:39:30.703000+00:00,kaspa:qzglg3rl9k6fuc7capfp5zw3sjl3tj2q6jjdlhs8j70p2u98cvqhym20x9lmz,kaspa:pzfmyr5rycjcp8va7dj5arvdwyqg4w9lg2zqmdzy63dez2x9c0jsv3kctmxn5,57.0
e5572ee76ed3b3e027fad9c17de60283da3c328190c3d40241411e9f9d7d0d3d,2025-09-02T01:39:30.703000+00:00,kaspa:qzglg3rl9k6fuc7capfp5zw3sjl3tj2q6jjdlhs8j70p2u98cvqhym20x9lmz,kaspa:qzglg3rl9k6fuc7capfp5zw3sjl3tj2q6jjdlhs8j70p2u98cvqhym20x9lmz,3674.10286007
1c9fc03c71a5560d14c87922b97b4cbd7158c7cfa3c9c3fb1b779b6c7ce2dcae,2025-09-02T01:35:28.876000+00:00,kaspa:qzglg3rl9k6fuc7capfp5zw3sjl3tj2q6jjdlhs8j70p2u98cvqhym20x9lmz,kaspa:pzfmyr5rycjcp8va7dj5arvdwyqg4w9lg2zqmdzy63dez2x9c0jsv3kctmxn5,114.0
1c9fc03c71a5560d14c87922b97b4cbd7158c7cfa3c9c3fb1b779b6c7ce2dcae,2025-09-02T01:35:28.876000+00:00,kaspa:qzglg3rl9k6fuc7capfp5zw3sjl3tj2q6jjdlhs8j70p2u98cvqhym20x9lmz,kaspa:qzglg3rl9k6fuc7capfp5zw3sjl3tj2q6jjdlhs8j70p2u98cvqhym20x9lmz,3731.20288054
a5e1c7fc97f0b2b6b4e60824d2e97f1ca68c02d23e819921c698bae0650d1d97,2025-09-01T23:07:28.646000+00:00,kaspa:pz7lprtrkmyjttyeum4akgxq3y9h3afasjw4mzmp2dghs7s5krr2kxm4w02jh,kaspa:qzglg3rl9k6fuc7capfp5zw3sjl3tj2q6jjdlhs8j70p2u98cvqhym20x9lmz,3.0
efdd7e8b9be85f1feccf69824d8fd7ca5b7b19d2894d2be1e40d5aecbe2ea4c3,2025-09-01T23:07:26.037000+00:00,kaspa:qzglg3rl9k6fuc7capfp5zw3sjl3tj2q6jjdlhs8j70p2u98cvqhym20x9lmz,kaspa:pz7lprtrkmyjttyeum4akgxq3y9h3afasjw4mzmp2dghs7s5krr2kxm4w02jh,3.0001
efdd7e8b9be85f1feccf69824d8fd7ca5b7b19d2894d2be1e40d5aecbe2ea4c3,2025-09-01T23:07:26.037000+00:00,kaspa:qzglg3rl9k6fuc7capfp5zw3sjl3tj2q6jjdlhs8j70p2u98cvqhym20x9lmz,kaspa:qzglg3rl9k6fuc7capfp5zw3sjl3tj2q6jjdlhs8j70p2u98cvqhym20x9lmz,3842.30291219
b0c59d575d7e2e967a547344a503f3e12b3419c544c3a2ffd69f06bf4d24dc21,2025-09-01T22:53:31.602000+00:00,kaspa:qzglg3rl9k6fuc7capfp5zw3sjl3tj2q6jjdlhs8j70p2u98cvqhym20x9lmz,kaspa:qzglg3rl9k6fuc7capfp5zw3sjl3tj2q6jjdlhs8j70p2u98cvqhym20x9lmz,3839.3030455642047
b0c59d575d7e2e967a547344a503f3e12b3419c544c3a2ffd69f06bf4d24dc21,2025-09-01T22:53:31.602000+00:00,kaspa:ppex2s2fj5nw7xw6hax300x5mtal3yznj5sh5zxp2xg720gae2ph6fa6h70rg,kaspa:qzglg3rl9k6fuc7capfp5zw3sjl3tj2q6jjdlhs8j70p2u98cvqhym20x9lmz,5.999999955795421
e1a3ab9bcb29ba9e905340064a0424a540a7e2c64ccabd64b59dc8e14670ab90,2025-09-01T22:49:04.891000+00:00,kaspa:qzglg3rl9k6fuc7capfp5zw3sjl3tj2q6jjdlhs8j70p2u98cvqhym20x9lmz,kaspa:ppex2s2fj5nw7xw6hax300x5mtal3yznj5sh5zxp2xg720gae2ph6fa6h70rg,136.0
e1a3ab9bcb29ba9e905340064a0424a540a7e2c64ccabd64b59dc8e14670ab90,2025-09-01T22:49:04.891000+00:00,kaspa:qzglg3rl9k6fuc7capfp5zw3sjl3tj2q6jjdlhs8j70p2u98cvqhym20x9lmz,kaspa:qzglg3rl9k6fuc7capfp5zw3sjl3tj2q6jjdlhs8j70p2u98cvqhym20x9lmz,3839.30307385
60d822bd0a077f7bd17cdf9b70e9c708d3fa8a9e61455051f0305b6c3dd97cb4,2025-09-01T13:29:59.154000+00:00,kaspa:qzglg3rl9k6fuc7capfp5zw3sjl3tj2q6jjdlhs8j70p2u98cvqhym20x9lmz,kaspa:qzglg3rl9k6fuc7capfp5zw3sjl3tj2q6jjdlhs8j70p2u98cvqhym20x9lmz,3931.403094633337
60d822bd0a077f7bd17cdf9b70e9c708d3fa8a9e61455051f0305b6c3dd97cb4,2025-09-01T13:29:59.154000+00:00,kaspa:ppxx78zc0u0kwpuu9nc5fapy09l73q3mksj4v5d2wd7a0rkln2nqcvyra4m2v,kaspa:qzglg3rl9k6fuc7capfp5zw3sjl3tj2q6jjdlhs8j70p2u98cvqhym20x9lmz,43.999999686663216
581bab449b014898df1ab976bca0ffee8132b07231d6a80e6c739092b652493e,2025-09-01T13:27:02.178000+00:00,kaspa:qzglg3rl9k6fuc7capfp5zw3sjl3tj2q6jjdlhs8j70p2u98cvqhym20x9lmz,kaspa:ppxx78zc0u0kwpuu9nc5fapy09l73q3mksj4v5d2wd7a0rkln2nqcvyra4m2v,114.0
581bab449b014898df1ab976bca0ffee8132b07231d6a80e6c739092b652493e,2025-09-01T13:27:02.178000+00:00,kaspa:qzglg3rl9k6fuc7capfp5zw3sjl3tj2q6jjdlhs8j70p2u98cvqhym20x9lmz,kaspa:qzglg3rl9k6fuc7capfp5zw3sjl3tj2q6jjdlhs8j70p2u98cvqhym20x9lmz,3931.40312263
f8625483b28bb12bf029a64c327c9e980b9c8890821e7d3935745eac3f34855c,2025-09-01T13:25:18.665000+00:00,kaspa:prxn5tzach2k8467pscj72gnma20rj5gdtn48770n9dy32k3v6ueye3hl4kjd,kaspa:qzglg3rl9k6fuc7capfp5zw3sjl3tj2q6jjdlhs8j70p2u98cvqhym20x9lmz,3.0
da98b92be63ef3a700c22fc162dafa6fe421ee263dfd4ff10b1b26de4b2a3500,2025-09-01T13:25:16.287000+00:00,kaspa:qzglg3rl9k6fuc7capfp5zw3sjl3tj2q6jjdlhs8j70p2u98cvqhym20x9lmz,kaspa:prxn5tzach2k8467pscj72gnma20rj5gdtn48770n9dy32k3v6ueye3hl4kjd,3.0001
da98b92be63ef3a700c22fc162dafa6fe421ee263dfd4ff10b1b26de4b2a3500,2025-09-01T13:25:16.287000+00:00,kaspa:qzglg3rl9k6fuc7capfp5zw3sjl3tj2q6jjdlhs8j70p2u98cvqhym20x9lmz,kaspa:qzglg3rl9k6fuc7capfp5zw3sjl3tj2q6jjdlhs8j70p2u98cvqhym20x9lmz,4042.50315428
14c11f4b4a74b01107ce1ae452045803ef3482871ce6210b77f63b9fb0dbe739,2025-09-01T13:17:55.265000+00:00,kaspa:qzglg3rl9k6fuc7capfp5zw3sjl3tj2q6jjdlhs8j70p2u98cvqhym20x9lmz,kaspa:qzglg3rl9k6fuc7capfp5zw3sjl3tj2q6jjdlhs8j70p2u98cvqhym20x9lmz,3943.5032883240374
14c11f4b4a74b01107ce1ae452045803ef3482871ce6210b77f63b9fb0dbe739,2025-09-01T13:17:55.265000+00:00,kaspa:pqhs3d2w6kc6w6xw0arvt7059lvpnq6u9cg3mer7jpu5dysnt47v73y6ujqmh,kaspa:qzglg3rl9k6fuc7capfp5zw3sjl3tj2q6jjdlhs8j70p2u98cvqhym20x9lmz,101.99999928596277
bd3400461b0a3731a7f41c3ca42d329237fcbfcff582c622a9f85500658f85e9,2025-09-01T13:03:41.496000+00:00,kaspa:qzglg3rl9k6fuc7capfp5zw3sjl3tj2q6jjdlhs8j70p2u98cvqhym20x9lmz,kaspa:qzglg3rl9k6fuc7capfp5zw3sjl3tj2q6jjdlhs8j70p2u98cvqhym20x9lmz,3943.50331593
5f23277a9fed54b9fc9e95e304b2382411ff3a9eed253c10a1c81203724a7dfc,2025-09-01T12:59:27.363000+00:00,kaspa:qzglg3rl9k6fuc7capfp5zw3sjl3tj2q6jjdlhs8j70p2u98cvqhym20x9lmz,kaspa:pqhs3d2w6kc6w6xw0arvt7059lvpnq6u9cg3mer7jpu5dysnt47v73y6ujqmh,114.0
5f23277a9fed54b9fc9e95e304b2382411ff3a9eed253c10a1c81203724a7dfc,2025-09-01T12:59:27.363000+00:00,kaspa:qzglg3rl9k6fuc7capfp5zw3sjl3tj2q6jjdlhs8j70p2u98cvqhym20x9lmz,kaspa:qzglg3rl9k6fuc7capfp5zw3sjl3tj2q6jjdlhs8j70p2u98cvqhym20x9lmz,767.69960136
8daf06d6437a757e5fc0cd668df7ddc783e14b265e72722b28b21f9dfcc5734b,2025-08-30T20:45:36.342000+00:00,kaspa:qzglg3rl9k6fuc7capfp5zw3sjl3tj2q6jjdlhs8j70p2u98cvqhym20x9lmz,kaspa:qzglg3rl9k6fuc7capfp5zw3sjl3tj2q6jjdlhs8j70p2u98cvqhym20x9lmz,2170.8037532351027
8daf06d6437a757e5fc0cd668df7ddc783e14b265e72722b28b21f9dfcc5734b,2025-08-30T20:45:36.342000+00:00,kaspa:pp7lsgtha9pwsg5qlhmpmkflmsd5vqas85amtq42kdzrqxk3q59gvcyyfjlj9,kaspa:qzglg3rl9k6fuc7capfp5zw3sjl3tj2q6jjdlhs8j70p2u98cvqhym20x9lmz,4.999999934897622
d78474a9a03dcaa7fe3481fc5ec7dbb47647ee343b223d571b9eb25982079196,2025-08-30T20:40:06.366000+00:00,kaspa:qzglg3rl9k6fuc7capfp5zw3sjl3tj2q6jjdlhs8j70p2u98cvqhym20x9lmz,kaspa:pp7lsgtha9pwsg5qlhmpmkflmsd5vqas85amtq42kdzrqxk3q59gvcyyfjlj9,114.0
d78474a9a03dcaa7fe3481fc5ec7dbb47647ee343b223d571b9eb25982079196,2025-08-30T20:40:06.366000+00:00,kaspa:qzglg3rl9k6fuc7capfp5zw3sjl3tj2q6jjdlhs8j70p2u98cvqhym20x9lmz,kaspa:qzglg3rl9k6fuc7capfp5zw3sjl3tj2q6jjdlhs8j70p2u98cvqhym20x9lmz,881.79962183
4d5b3a6614a69be8f95a46a1b36173b72591e494190928fb20871b6760de0420,2025-08-30T17:04:27.073000+00:00,kaspa:qqv6zsxk0k9c2580zualugf2xm85rstffts3u4wd3madcexul9d9gw6ea92pw,kaspa:qzglg3rl9k6fuc7capfp5zw3sjl3tj2q6jjdlhs8j70p2u98cvqhym20x9lmz,1000.0
4d5b3a6614a69be8f95a46a1b36173b72591e494190928fb20871b6760de0420,2025-08-30T17:04:27.073000+00:00,kaspa:qqv6zsxk0k9c2580zualugf2xm85rstffts3u4wd3madcexul9d9gw6ea92pw,kaspa:qqv6zsxk0k9c2580zualugf2xm85rstffts3u4wd3madcexul9d9gw6ea92pw,3510.35478183
9a2588d583397029440c16d33d529500fca8fa60e2b9300360d1e7fc2a2c8048,2025-08-30T15:34:55.854000+00:00,kaspa:pqzh8ptcnz8gvzkn5am4saj7xwhawwuc0gc37snsjvzhehymmtlr24hgqemxc,kaspa:qzglg3rl9k6fuc7capfp5zw3sjl3tj2q6jjdlhs8j70p2u98cvqhym20x9lmz,3.0
cda358a705b03025d49ae83ec9fe1e55addf8e72b192f829b8815ae8afc00d6d,2025-08-30T15:34:53.385000+00:00,kaspa:qzglg3rl9k6fuc7capfp5zw3sjl3tj2q6jjdlhs8j70p2u98cvqhym20x9lmz,kaspa:pqzh8ptcnz8gvzkn5am4saj7xwhawwuc0gc37snsjvzhehymmtlr24hgqemxc,3.0001
cda358a705b03025d49ae83ec9fe1e55addf8e72b192f829b8815ae8afc00d6d,2025-08-30T15:34:53.385000+00:00,kaspa:qzglg3rl9k6fuc7capfp5zw3sjl3tj2q6jjdlhs8j70p2u98cvqhym20x9lmz,kaspa:qzglg3rl9k6fuc7capfp5zw3sjl3tj2q6jjdlhs8j70p2u98cvqhym20x9lmz,992.89965348
2caf011a87d6c8a764bd6c2e39ca6285d9e0f7175a9823b08ac3a51c00f911ef,2025-08-30T15:19:43.602000+00:00,kaspa:qzglg3rl9k6fuc7capfp5zw3sjl3tj2q6jjdlhs8j70p2u98cvqhym20x9lmz,kaspa:qzglg3rl9k6fuc7capfp5zw3sjl3tj2q6jjdlhs8j70p2u98cvqhym20x9lmz,885.9997895590568
2caf011a87d6c8a764bd6c2e39ca6285d9e0f7175a9823b08ac3a51c00f911ef,2025-08-30T15:19:43.602000+00:00,kaspa:pqchdekdrktrj269qal02lhw7mpyqm98zspl6ghx99j2pv05nvc65r6krugy3,kaspa:qzglg3rl9k6fuc7capfp5zw3sjl3tj2q6jjdlhs8j70p2u98cvqhym20x9lmz,106.89999695094312
1809b9536b666b1345355e2a13b75c602087aa14eec0ec9285192a13c6424835,2025-08-30T15:19:13.606000+00:00,kaspa:qzglg3rl9k6fuc7capfp5zw3sjl3tj2q6jjdlhs8j70p2u98cvqhym20x9lmz,kaspa:pqchdekdrktrj269qal02lhw7mpyqm98zspl6ghx99j2pv05nvc65r6krugy3,112.9
1809b9536b666b1345355e2a13b75c602087aa14eec0ec9285192a13c6424835,2025-08-30T15:19:13.606000+00:00,kaspa:qzglg3rl9k6fuc7capfp5zw3sjl3tj2q6jjdlhs8j70p2u98cvqhym20x9lmz,kaspa:qzglg3rl9k6fuc7capfp5zw3sjl3tj2q6jjdlhs8j70p2u98cvqhym20x9lmz,885.99981483
f7f19fb8032f7ee3198b94d036b7bdac2da5d3df7707c1d514dde3e08292271c,2025-08-30T15:19:03.041000+00:00,kaspa:pqchdekdrktrj269qal02lhw7mpyqm98zspl6ghx99j2pv05nvc65r6krugy3,kaspa:qzglg3rl9k6fuc7capfp5zw3sjl3tj2q6jjdlhs8j70p2u98cvqhym20x9lmz,3.0
c450960403ad9553b81e00eec79e2754c627cef095021e242bc80f336d63ca2c,2025-08-30T15:19:00.970000+00:00,kaspa:qzglg3rl9k6fuc7capfp5zw3sjl3tj2q6jjdlhs8j70p2u98cvqhym20x9lmz,kaspa:pqchdekdrktrj269qal02lhw7mpyqm98zspl6ghx99j2pv05nvc65r6krugy3,4.0
c450960403ad9553b81e00eec79e2754c627cef095021e242bc80f336d63ca2c,2025-08-30T15:19:00.970000+00:00,kaspa:qzglg3rl9k6fuc7capfp5zw3sjl3tj2q6jjdlhs8j70p2u98cvqhym20x9lmz,kaspa:qzglg3rl9k6fuc7capfp5zw3sjl3tj2q6jjdlhs8j70p2u98cvqhym20x9lmz,998.9998353
8d2ff58833969f30cfd000ac6780c6a1441a60d0c7c31fb2812c7d185f0ed31e,2025-08-29T15:45:42.436000+00:00,kaspa:pqxtvnu7pksh487jdjnqm029v93melwct0vneferz6pmuvjsx7k4uuc88lt4a,kaspa:qzglg3rl9k6fuc7capfp5zw3sjl3tj2q6jjdlhs8j70p2u98cvqhym20x9lmz,3.0
e960756e8eb9c45b9df2821c2ac276f80d86262e1e063ce098e2aae07e442876,2025-08-29T15:45:40.428000+00:00,kaspa:qzglg3rl9k6fuc7capfp5zw3sjl3tj2q6jjdlhs8j70p2u98cvqhym20x9lmz,kaspa:pqxtvnu7pksh487jdjnqm029v93melwct0vneferz6pmuvjsx7k4uuc88lt4a,3.0001
e960756e8eb9c45b9df2821c2ac276f80d86262e1e063ce098e2aae07e442876,2025-08-29T15:45:40.428000+00:00,kaspa:qzglg3rl9k6fuc7capfp5zw3sjl3tj2q6jjdlhs8j70p2u98cvqhym20x9lmz,kaspa:qzglg3rl9k6fuc7capfp5zw3sjl3tj2q6jjdlhs8j70p2u98cvqhym20x9lmz,999.99986695
f411b499bb417f7af2694678d6b2396f0f071b29c31cdbf93c7e06dc06dc54ac,2025-08-28T22:50:25.425000+00:00,kaspa:qqv6zsxk0k9c2580zualugf2xm85rstffts3u4wd3madcexul9d9gw6ea92pw,kaspa:qzglg3rl9k6fuc7capfp5zw3sjl3tj2q6jjdlhs8j70p2u98cvqhym20x9lmz,1000.0
f411b499bb417f7af2694678d6b2396f0f071b29c31cdbf93c7e06dc06dc54ac,2025-08-28T22:50:25.425000+00:00,kaspa:qqv6zsxk0k9c2580zualugf2xm85rstffts3u4wd3madcexul9d9gw6ea92pw,kaspa:qqv6zsxk0k9c2580zualugf2xm85rstffts3u4wd3madcexul9d9gw6ea92pw,4011.85914956
bfc5ef3e86a8e411a0d919e9e64bbf576abd5af8f939dc71c5a32b668290b77f,2025-08-28T03:20:54.134000+00:00,kaspa:prfj2hgqlhwhe2vxeap62rgz9xkk6904fhn30l5hqqtfnc4zs78d7u9r38ax9,kaspa:qzglg3rl9k6fuc7capfp5zw3sjl3tj2q6jjdlhs8j70p2u98cvqhym20x9lmz,3.0
3b16389722735471680aa1c22b6ba9fb6c5fc632832f4a240a80d032a0d3455c,2025-08-28T03:20:52.261000+00:00,kaspa:qzglg3rl9k6fuc7capfp5zw3sjl3tj2q6jjdlhs8j70p2u98cvqhym20x9lmz,kaspa:prfj2hgqlhwhe2vxeap62rgz9xkk6904fhn30l5hqqtfnc4zs78d7u9r38ax9,3.0001
3b16389722735471680aa1c22b6ba9fb6c5fc632832f4a240a80d032a0d3455c,2025-08-28T03:20:52.261000+00:00,kaspa:qzglg3rl9k6fuc7capfp5zw3sjl3tj2q6jjdlhs8j70p2u98cvqhym20x9lmz,kaspa:qzglg3rl9k6fuc7capfp5zw3sjl3tj2q6jjdlhs8j70p2u98cvqhym20x9lmz,2170.8037815
078825b7b51b5bf55f296e8a89ffb13b371ab705199fe3d49a1d71f891acab70,2025-08-28T03:19:39.230000+00:00,kaspa:pz6q9h2mameajfrv034hc8svzmed0cuq959gr8gvtzls9qjzqgjujpeeja2aa,kaspa:qzglg3rl9k6fuc7capfp5zw3sjl3tj2q6jjdlhs8j70p2u98cvqhym20x9lmz,3.0
f6508528e6f1bc893c6bcee826644fc90d2e6e790df45df2aea8ff874d041b16,2025-08-28T03:19:36.312000+00:00,kaspa:qzglg3rl9k6fuc7capfp5zw3sjl3tj2q6jjdlhs8j70p2u98cvqhym20x9lmz,kaspa:pz6q9h2mameajfrv034hc8svzmed0cuq959gr8gvtzls9qjzqgjujpeeja2aa,3.0001
f6508528e6f1bc893c6bcee826644fc90d2e6e790df45df2aea8ff874d041b16,2025-08-28T03:19:36.312000+00:00,kaspa:qzglg3rl9k6fuc7capfp5zw3sjl3tj2q6jjdlhs8j70p2u98cvqhym20x9lmz,kaspa:qzglg3rl9k6fuc7capfp5zw3sjl3tj2q6jjdlhs8j70p2u98cvqhym20x9lmz,2170.80391469
4a19179d4ae6e545e88d1afbf38e38fcbf32d14a7dfafb2135cb26fc2f2f73de,2025-08-26T18:52:54.786000+00:00,kaspa:pz6q9h2mameajfrv034hc8svzmed0cuq959gr8gvtzls9qjzqgjujpeeja2aa,kaspa:qzglg3rl9k6fuc7capfp5zw3sjl3tj2q6jjdlhs8j70p2u98cvqhym20x9lmz,3.0
a7d831de8fc0909fb7d07ca8acdbe276a089931e6867faa708fe39d6204e73f7,2025-08-26T18:52:52.273000+00:00,kaspa:qzglg3rl9k6fuc7capfp5zw3sjl3tj2q6jjdlhs8j70p2u98cvqhym20x9lmz,kaspa:pz6q9h2mameajfrv034hc8svzmed0cuq959gr8gvtzls9qjzqgjujpeeja2aa,3.0001
a7d831de8fc0909fb7d07ca8acdbe276a089931e6867faa708fe39d6204e73f7,2025-08-26T18:52:52.273000+00:00,kaspa:qzglg3rl9k6fuc7capfp5zw3sjl3tj2q6jjdlhs8j70p2u98cvqhym20x9lmz,kaspa:qzglg3rl9k6fuc7capfp5zw3sjl3tj2q6jjdlhs8j70p2u98cvqhym20x9lmz,2170.80404788
2d8189f9d134e9a8d94a2e75eb9e95b86cba1e95a871adab69b941ef1b9486bb,2025-08-25T22:06:26.240000+00:00,kaspa:pqxtvnu7pksh487jdjnqm029v93melwct0vneferz6pmuvjsx7k4uuc88lt4a,kaspa:qzglg3rl9k6fuc7capfp5zw3sjl3tj2q6jjdlhs8j70p2u98cvqhym20x9lmz,3.0
74fa5fc59cab6dff62f4f7f16b843108c57bcf2b21f3df6c7733d7ed72737a39,2025-08-25T22:06:24.638000+00:00,kaspa:qzglg3rl9k6fuc7capfp5zw3sjl3tj2q6jjdlhs8j70p2u98cvqhym20x9lmz,kaspa:pqxtvnu7pksh487jdjnqm029v93melwct0vneferz6pmuvjsx7k4uuc88lt4a,3.0001
74fa5fc59cab6dff62f4f7f16b843108c57bcf2b21f3df6c7733d7ed72737a39,2025-08-25T22:06:24.638000+00:00,kaspa:qzglg3rl9k6fuc7capfp5zw3sjl3tj2q6jjdlhs8j70p2u98cvqhym20x9lmz,kaspa:qzglg3rl9k6fuc7capfp5zw3sjl3tj2q6jjdlhs8j70p2u98cvqhym20x9lmz,2170.80418107
1647b90238da2c43832260f65d876bf7f8555fd618a2212ec64f91e494c89cfd,2025-08-25T17:34:55.918000+00:00,kaspa:qzglg3rl9k6fuc7capfp5zw3sjl3tj2q6jjdlhs8j70p2u98cvqhym20x9lmz,kaspa:qzglg3rl9k6fuc7capfp5zw3sjl3tj2q6jjdlhs8j70p2u98cvqhym20x9lmz,2169.904314450808
1647b90238da2c43832260f65d876bf7f8555fd618a2212ec64f91e494c89cfd,2025-08-25T17:34:55.918000+00:00,kaspa:pq9tm0kl734aspanaslxlwj23lenfh075r0hky8zgy0k3nq8ef9lxtnzkaqxc,kaspa:qzglg3rl9k6fuc7capfp5zw3sjl3tj2q6jjdlhs8j70p2u98cvqhym20x9lmz,3.8999999491913795
a356ba63c8d2487579eed23ae6e8b2a60c3ea0ff19d399ba80c97477ab0f980f,2025-08-25T17:30:46.686000+00:00,kaspa:qzglg3rl9k6fuc7capfp5zw3sjl3tj2q6jjdlhs8j70p2u98cvqhym20x9lmz,kaspa:pq9tm0kl734aspanaslxlwj23lenfh075r0hky8zgy0k3nq8ef9lxtnzkaqxc,112.9
a356ba63c8d2487579eed23ae6e8b2a60c3ea0ff19d399ba80c97477ab0f980f,2025-08-25T17:30:46.686000+00:00,kaspa:qzglg3rl9k6fuc7capfp5zw3sjl3tj2q6jjdlhs8j70p2u98cvqhym20x9lmz,kaspa:qzglg3rl9k6fuc7capfp5zw3sjl3tj2q6jjdlhs8j70p2u98cvqhym20x9lmz,2169.90434272
a21c870b06e1f4e9da8b29f639eb9d5d11be1048f95f20bc855bdd43ee62f97f,2025-08-25T17:30:33.835000+00:00,kaspa:pq9tm0kl734aspanaslxlwj23lenfh075r0hky8zgy0k3nq8ef9lxtnzkaqxc,kaspa:qzglg3rl9k6fuc7capfp5zw3sjl3tj2q6jjdlhs8j70p2u98cvqhym20x9lmz,3.0
e3755b88ac8eaf33fe75a952ac0ee261c298bf2b33f58ea2dcbb3e7071e97f77,2025-08-25T17:30:32.602000+00:00,kaspa:qzglg3rl9k6fuc7capfp5zw3sjl3tj2q6jjdlhs8j70p2u98cvqhym20x9lmz,kaspa:pq9tm0kl734aspanaslxlwj23lenfh075r0hky8zgy0k3nq8ef9lxtnzkaqxc,4.0
e3755b88ac8eaf33fe75a952ac0ee261c298bf2b33f58ea2dcbb3e7071e97f77,2025-08-25T17:30:32.602000+00:00,kaspa:qzglg3rl9k6fuc7capfp5zw3sjl3tj2q6jjdlhs8j70p2u98cvqhym20x9lmz,kaspa:qzglg3rl9k6fuc7capfp5zw3sjl3tj2q6jjdlhs8j70p2u98cvqhym20x9lmz,2279.90437437
187f5c45e08dcbe9e8608e123233e444a06636f427cf1afa5db73189fa19294b,2025-08-23T08:32:11.167000+00:00,kaspa:qqv6zsxk0k9c2580zualugf2xm85rstffts3u4wd3madcexul9d9gw6ea92pw,kaspa:qzglg3rl9k6fuc7capfp5zw3sjl3tj2q6jjdlhs8j70p2u98cvqhym20x9lmz,1000.0
187f5c45e08dcbe9e8608e123233e444a06636f427cf1afa5db73189fa19294b,2025-08-23T08:32:11.167000+00:00,kaspa:qqv6zsxk0k9c2580zualugf2xm85rstffts3u4wd3madcexul9d9gw6ea92pw,kaspa:qqv6zsxk0k9c2580zualugf2xm85rstffts3u4wd3madcexul9d9gw6ea92pw,3797.06786752
8f120e043774b6949a4c63451725c59c5b3590b411e25defa28cc90e70eb44e6,2025-08-23T07:05:07.035000+00:00,kaspa:qzglg3rl9k6fuc7capfp5zw3sjl3tj2q6jjdlhs8j70p2u98cvqhym20x9lmz,kaspa:qzglg3rl9k6fuc7capfp5zw3sjl3tj2q6jjdlhs8j70p2u98cvqhym20x9lmz,1283.90440602
143c1f75e05dce5a048cf2e4106a469e6be2639d68e699aca1d92e7ecd4453f7,2025-08-23T05:09:42.670000+00:00,kaspa:qzglg3rl9k6fuc7capfp5zw3sjl3tj2q6jjdlhs8j70p2u98cvqhym20x9lmz,kaspa:qzglg3rl9k6fuc7capfp5zw3sjl3tj2q6jjdlhs8j70p2u98cvqhym20x9lmz,280.90443373936125
143c1f75e05dce5a048cf2e4106a469e6be2639d68e699aca1d92e7ecd4453f7,2025-08-23T05:09:42.670000+00:00,kaspa:pr7u37auf8r0le8crxyd9q0d25qmycnxatpuacjpvfdmv9kcusgfjlr0dmd2h,kaspa:qzglg3rl9k6fuc7capfp5zw3sjl3tj2q6jjdlhs8j70p2u98cvqhym20x9lmz,2.9999997006387304
3de5d929eb3b6ca699427373dab17c917dbe20859a9c017d2f3cb219023434f3,2025-08-23T05:05:46.348000+00:00,kaspa:qzglg3rl9k6fuc7capfp5zw3sjl3tj2q6jjdlhs8j70p2u98cvqhym20x9lmz,kaspa:pr7u37auf8r0le8crxyd9q0d25qmycnxatpuacjpvfdmv9kcusgfjlr0dmd2h,70.0
3de5d929eb3b6ca699427373dab17c917dbe20859a9c017d2f3cb219023434f3,2025-08-23T05:05:46.348000+00:00,kaspa:qzglg3rl9k6fuc7capfp5zw3sjl3tj2q6jjdlhs8j70p2u98cvqhym20x9lmz,kaspa:qzglg3rl9k6fuc7capfp5zw3sjl3tj2q6jjdlhs8j70p2u98cvqhym20x9lmz,280.90446177
9a42e765a990a70ce4784dd5e0a84af4e3eaf01ab3a5ff834c1ac142acb82e46,2025-08-22T22:25:02.140000+00:00,kaspa:qqv6zsxk0k9c2580zualugf2xm85rstffts3u4wd3madcexul9d9gw6ea92pw,kaspa:qzglg3rl9k6fuc7capfp5zw3sjl3tj2q6jjdlhs8j70p2u98cvqhym20x9lmz,1000.0
9a42e765a990a70ce4784dd5e0a84af4e3eaf01ab3a5ff834c1ac142acb82e46,2025-08-22T22:25:02.140000+00:00,kaspa:qqv6zsxk0k9c2580zualugf2xm85rstffts3u4wd3madcexul9d9gw6ea92pw,kaspa:qqv6zsxk0k9c2580zualugf2xm85rstffts3u4wd3madcexul9d9gw6ea92pw,4811.82022778
9b1d2dfdf0dba0b4194dc2000c99391f304d30eae6d2e6c40205d9cf9d279fbc,2025-08-21T20:13:34.667000+00:00,kaspa:qzglg3rl9k6fuc7capfp5zw3sjl3tj2q6jjdlhs8j70p2u98cvqhym20x9lmz,kaspa:qzglg3rl9k6fuc7capfp5zw3sjl3tj2q6jjdlhs8j70p2u98cvqhym20x9lmz,347.0044825626169
9b1d2dfdf0dba0b4194dc2000c99391f304d30eae6d2e6c40205d9cf9d279fbc,2025-08-21T20:13:34.667000+00:00,kaspa:pznnpq2fmvffsfmv0ym0fquq8jfygt2sqztazd90c0mg7km5crnqwsv60jck2,kaspa:qzglg3rl9k6fuc7capfp5zw3sjl3tj2q6jjdlhs8j70p2u98cvqhym20x9lmz,3.999999677383063
ec1c2a506b849804f3241ceb5ebc24e22e52ce9ebd7e32878418be1752cacf37,2025-08-21T20:09:32.605000+00:00,kaspa:qzglg3rl9k6fuc7capfp5zw3sjl3tj2q6jjdlhs8j70p2u98cvqhym20x9lmz,kaspa:pznnpq2fmvffsfmv0ym0fquq8jfygt2sqztazd90c0mg7km5crnqwsv60jck2,114.0
ec1c2a506b849804f3241ceb5ebc24e22e52ce9ebd7e32878418be1752cacf37,2025-08-21T20:09:32.605000+00:00,kaspa:qzglg3rl9k6fuc7capfp5zw3sjl3tj2q6jjdlhs8j70p2u98cvqhym20x9lmz,kaspa:qzglg3rl9k6fuc7capfp5zw3sjl3tj2q6jjdlhs8j70p2u98cvqhym20x9lmz,347.00451055
55dab041ea4fd75583aad9d5bf3b2ef032010165236bf0a23690bccf738de8fd,2025-08-19T07:57:45.859000+00:00,kaspa:qzglg3rl9k6fuc7capfp5zw3sjl3tj2q6jjdlhs8j70p2u98cvqhym20x9lmz,kaspa:qrrxzrjz3sj4e7mg6ljw49h3l30erpa8vh9vle5356n9quwcsj8psgn6jxehq,800.0
55dab041ea4fd75583aad9d5bf3b2ef032010165236bf0a23690bccf738de8fd,2025-08-19T07:57:45.859000+00:00,kaspa:qzglg3rl9k6fuc7capfp5zw3sjl3tj2q6jjdlhs8j70p2u98cvqhym20x9lmz,kaspa:qzglg3rl9k6fuc7capfp5zw3sjl3tj2q6jjdlhs8j70p2u98cvqhym20x9lmz,461.10453102
cb315761b882f4c6fa37e00693b814d2a5c428bdb10e13d21a56b1ec8efac94d,2025-07-31T22:36:24.390000+00:00,kaspa:qqv6zsxk0k9c2580zualugf2xm85rstffts3u4wd3madcexul9d9gw6ea92pw,kaspa:qzglg3rl9k6fuc7capfp5zw3sjl3tj2q6jjdlhs8j70p2u98cvqhym20x9lmz,200.0
cb315761b882f4c6fa37e00693b814d2a5c428bdb10e13d21a56b1ec8efac94d,2025-07-31T22:36:24.390000+00:00,kaspa:qqv6zsxk0k9c2580zualugf2xm85rstffts3u4wd3madcexul9d9gw6ea92pw,kaspa:qqv6zsxk0k9c2580zualugf2xm85rstffts3u4wd3madcexul9d9gw6ea92pw,770.68176546
6144dae6459f116fb302f64b7834e5e96c9b6dae2d89c16dab1fdabaaf1fe196,2025-06-17T16:50:55.271000+00:00,kaspa:qzglg3rl9k6fuc7capfp5zw3sjl3tj2q6jjdlhs8j70p2u98cvqhym20x9lmz,kaspa:qrrxzrjz3sj4e7mg6ljw49h3l30erpa8vh9vle5356n9quwcsj8psgn6jxehq,200.0
6144dae6459f116fb302f64b7834e5e96c9b6dae2d89c16dab1fdabaaf1fe196,2025-06-17T16:50:55.271000+00:00,kaspa:qzglg3rl9k6fuc7capfp5zw3sjl3tj2q6jjdlhs8j70p2u98cvqhym20x9lmz,kaspa:qzglg3rl9k6fuc7capfp5zw3sjl3tj2q6jjdlhs8j70p2u98cvqhym20x9lmz,1061.10456256
97dbe34f28588c0135c95dc887f4d0df719f89b38f313536f5e99a51909d2f78,2025-06-11T18:26:06.496000+00:00,kaspa:qzglg3rl9k6fuc7capfp5zw3sjl3tj2q6jjdlhs8j70p2u98cvqhym20x9lmz,kaspa:qrrxzrjz3sj4e7mg6ljw49h3l30erpa8vh9vle5356n9quwcsj8psgn6jxehq,500.0
97dbe34f28588c0135c95dc887f4d0df719f89b38f313536f5e99a51909d2f78,2025-06-11T18:26:06.496000+00:00,kaspa:qzglg3rl9k6fuc7capfp5zw3sjl3tj2q6jjdlhs8j70p2u98cvqhym20x9lmz,kaspa:qzglg3rl9k6fuc7capfp5zw3sjl3tj2q6jjdlhs8j70p2u98cvqhym20x9lmz,1261.10458292
923d43841eee4adb8076a3d2bfafaa075993ccb614d232af40f414d0c76669b9,2025-06-08T16:54:56.337000+00:00,kaspa:qqv6zsxk0k9c2580zualugf2xm85rstffts3u4wd3madcexul9d9gw6ea92pw,kaspa:qzglg3rl9k6fuc7capfp5zw3sjl3tj2q6jjdlhs8j70p2u98cvqhym20x9lmz,100.0
923d43841eee4adb8076a3d2bfafaa075993ccb614d232af40f414d0c76669b9,2025-06-08T16:54:56.337000+00:00,kaspa:qqv6zsxk0k9c2580zualugf2xm85rstffts3u4wd3madcexul9d9gw6ea92pw,kaspa:qqv6zsxk0k9c2580zualugf2xm85rstffts3u4wd3madcexul9d9gw6ea92pw,1457.5882083
6ad08741d96e445f88afea0863cb01ee81656cf2d5253f4810a534ac9f073d73,2025-06-02T15:19:48.447000+00:00,kaspa:qzglg3rl9k6fuc7capfp5zw3sjl3tj2q6jjdlhs8j70p2u98cvqhym20x9lmz,kaspa:qzglg3rl9k6fuc7capfp5zw3sjl3tj2q6jjdlhs8j70p2u98cvqhym20x9lmz,1661.10461446
32332147cc0450c1c32512b91a5b51442f62097500b35e32b1176ae8dd45583d,2025-05-28T10:30:23.411000+00:00,kaspa:qqv6zsxk0k9c2580zualugf2xm85rstffts3u4wd3madcexul9d9gw6ea92pw,kaspa:qzglg3rl9k6fuc7capfp5zw3sjl3tj2q6jjdlhs8j70p2u98cvqhym20x9lmz,200.0
32332147cc0450c1c32512b91a5b51442f62097500b35e32b1176ae8dd45583d,2025-05-28T10:30:23.411000+00:00,kaspa:qqv6zsxk0k9c2580zualugf2xm85rstffts3u4wd3madcexul9d9gw6ea92pw,kaspa:qqv6zsxk0k9c2580zualugf2xm85rstffts3u4wd3madcexul9d9gw6ea92pw,1434.44225652
7e4e3bd5dafc5059f46b763f2b48ab0e62e4a6021f270b78140e6e1d1650f75a,2025-05-28T07:40:04.488000+00:00,kaspa:qqv6zsxk0k9c2580zualugf2xm85rstffts3u4wd3madcexul9d9gw6ea92pw,kaspa:qzglg3rl9k6fuc7capfp5zw3sjl3tj2q6jjdlhs8j70p2u98cvqhym20x9lmz,100.0
7e4e3bd5dafc5059f46b763f2b48ab0e62e4a6021f270b78140e6e1d1650f75a,2025-05-28T07:40:04.488000+00:00,kaspa:qqv6zsxk0k9c2580zualugf2xm85rstffts3u4wd3madcexul9d9gw6ea92pw,kaspa:qqv6zsxk0k9c2580zualugf2xm85rstffts3u4wd3madcexul9d9gw6ea92pw,882.98802748
e01aa41c7e4cf2c79a4522dba700777e16b2831e4bb59d2ed2d4a6204b184657,2025-05-23T07:12:11.020000+00:00,kaspa:qqv6zsxk0k9c2580zualugf2xm85rstffts3u4wd3madcexul9d9gw6ea92pw,kaspa:qzglg3rl9k6fuc7capfp5zw3sjl3tj2q6jjdlhs8j70p2u98cvqhym20x9lmz,100.0
e01aa41c7e4cf2c79a4522dba700777e16b2831e4bb59d2ed2d4a6204b184657,2025-05-23T07:12:11.020000+00:00,kaspa:qqv6zsxk0k9c2580zualugf2xm85rstffts3u4wd3madcexul9d9gw6ea92pw,kaspa:qqv6zsxk0k9c2580zualugf2xm85rstffts3u4wd3madcexul9d9gw6ea92pw,854.45567888
7fe76270093ce3fcbcc72fa26938bf62053c0f8c08653899cafe6061480cf310,2025-05-21T14:34:21.754000+00:00,kaspa:qqv6zsxk0k9c2580zualugf2xm85rstffts3u4wd3madcexul9d9gw6ea92pw,kaspa:qzglg3rl9k6fuc7capfp5zw3sjl3tj2q6jjdlhs8j70p2u98cvqhym20x9lmz,100.0
7fe76270093ce3fcbcc72fa26938bf62053c0f8c08653899cafe6061480cf310,2025-05-21T14:34:21.754000+00:00,kaspa:qqv6zsxk0k9c2580zualugf2xm85rstffts3u4wd3madcexul9d9gw6ea92pw,kaspa:qqv6zsxk0k9c2580zualugf2xm85rstffts3u4wd3madcexul9d9gw6ea92pw,815.80699838
a0a0b16b72d53c846c52d305f98ad1e35dda5a6cd0ab75b2ba76088a3e16f62b,2025-05-04T20:13:06.038000+00:00,kaspa:qqv6zsxk0k9c2580zualugf2xm85rstffts3u4wd3madcexul9d9gw6ea92pw,kaspa:qzglg3rl9k6fuc7capfp5zw3sjl3tj2q6jjdlhs8j70p2u98cvqhym20x9lmz,100.0
a0a0b16b72d53c846c52d305f98ad1e35dda5a6cd0ab75b2ba76088a3e16f62b,2025-05-04T20:13:06.038000+00:00,kaspa:qqv6zsxk0k9c2580zualugf2xm85rstffts3u4wd3madcexul9d9gw6ea92pw,kaspa:qqv6zsxk0k9c2580zualugf2xm85rstffts3u4wd3madcexul9d9gw6ea92pw,1278.55834639
1be7ccdd36b67f9212e37236e40e894f66180bc37a474198fbebda0b6e10082d,2025-03-13T17:53:38.939000+00:00,kaspa:qqv6zsxk0k9c2580zualugf2xm85rstffts3u4wd3madcexul9d9gw6ea92pw,kaspa:qzglg3rl9k6fuc7capfp5zw3sjl3tj2q6jjdlhs8j70p2u98cvqhym20x9lmz,200.0
1be7ccdd36b67f9212e37236e40e894f66180bc37a474198fbebda0b6e10082d,2025-03-13T17:53:38.939000+00:00,kaspa:qqv6zsxk0k9c2580zualugf2xm85rstffts3u4wd3madcexul9d9gw6ea92pw,kaspa:qqv6zsxk0k9c2580zualugf2xm85rstffts3u4wd3madcexul9d9gw6ea92pw,2662.4631581
51fb42ce663835b39308753260ae1a4b6b2cb498a5daf17073718651b66693d7,2025-01-15T04:01:12.056000+00:00,kaspa:qzglg3rl9k6fuc7capfp5zw3sjl3tj2q6jjdlhs8j70p2u98cvqhym20x9lmz,kaspa:qyp74q4uts4dy8py6zmz8yskcescn5mxxzjvv3vf93ydpqeujfldt0c35d2g2te,500.0
51fb42ce663835b39308753260ae1a4b6b2cb498a5daf17073718651b66693d7,2025-01-15T04:01:12.056000+00:00,kaspa:qzglg3rl9k6fuc7capfp5zw3sjl3tj2q6jjdlhs8j70p2u98cvqhym20x9lmz,kaspa:qzglg3rl9k6fuc7capfp5zw3sjl3tj2q6jjdlhs8j70p2u98cvqhym20x9lmz,302.99993681
6d27bdb9415ec4e8214087a5bbc0b4934627fb83570d202878e2e1c1ded79180,2024-12-28T10:36:10.841000+00:00,kaspa:qzglg3rl9k6fuc7capfp5zw3sjl3tj2q6jjdlhs8j70p2u98cvqhym20x9lmz,kaspa:qp6aldplckjarmld9wgfqzpwsrxpavz5ev97rhwlr2st98wdgtc8g7cwvkuyk,200.0
6d27bdb9415ec4e8214087a5bbc0b4934627fb83570d202878e2e1c1ded79180,2024-12-28T10:36:10.841000+00:00,kaspa:qzglg3rl9k6fuc7capfp5zw3sjl3tj2q6jjdlhs8j70p2u98cvqhym20x9lmz,kaspa:qzglg3rl9k6fuc7capfp5zw3sjl3tj2q6jjdlhs8j70p2u98cvqhym20x9lmz,302.99996846
0d71a9b286f31dd4b74c1203fcef9bb38df28deb614f35f609c431f8892b888c,2024-12-25T03:48:00.880000+00:00,kaspa:qqv6zsxk0k9c2580zualugf2xm85rstffts3u4wd3madcexul9d9gw6ea92pw,kaspa:qzglg3rl9k6fuc7capfp5zw3sjl3tj2q6jjdlhs8j70p2u98cvqhym20x9lmz,500.0
0d71a9b286f31dd4b74c1203fcef9bb38df28deb614f35f609c431f8892b888c,2024-12-25T03:48:00.880000+00:00,kaspa:qqv6zsxk0k9c2580zualugf2xm85rstffts3u4wd3madcexul9d9gw6ea92pw,kaspa:qqv6zsxk0k9c2580zualugf2xm85rstffts3u4wd3madcexul9d9gw6ea92pw,2755.14953596
dd487aaf3b6ccecf2cd7b74ca611c0c23a183cc5b0a9d8bb25d62b0d4e58b186,2024-12-23T02:44:15.689000+00:00,kaspa:qqv6zsxk0k9c2580zualugf2xm85rstffts3u4wd3madcexul9d9gw6ea92pw,kaspa:qzglg3rl9k6fuc7capfp5zw3sjl3tj2q6jjdlhs8j70p2u98cvqhym20x9lmz,500.0
dd487aaf3b6ccecf2cd7b74ca611c0c23a183cc5b0a9d8bb25d62b0d4e58b186,2024-12-23T02:44:15.689000+00:00,kaspa:qqv6zsxk0k9c2580zualugf2xm85rstffts3u4wd3madcexul9d9gw6ea92pw,kaspa:qqv6zsxk0k9c2580zualugf2xm85rstffts3u4wd3madcexul9d9gw6ea92pw,5229.93050398
e1c75ab519ccf98ce8c47dcf4b799c95e827b6b6fca80ac97e30bf3668d8eb42,2024-12-18T23:14:26.710000+00:00,kaspa:prr8nk7y7n8nq2lehc79wtzy43tcjqm2q36sxqsahc047dez2qd8za658qfqj,kaspa:qzglg3rl9k6fuc7capfp5zw3sjl3tj2q6jjdlhs8j70p2u98cvqhym20x9lmz,3.0
9c3d280df13318260ea4376ccc01890205569793fb4eadcd5ed2bc5bcf55f071,2024-12-18T23:14:24.913000+00:00,kaspa:qzglg3rl9k6fuc7capfp5zw3sjl3tj2q6jjdlhs8j70p2u98cvqhym20x9lmz,kaspa:prr8nk7y7n8nq2lehc79wtzy43tcjqm2q36sxqsahc047dez2qd8za658qfqj,3.0001
9c3d280df13318260ea4376ccc01890205569793fb4eadcd5ed2bc5bcf55f071,2024-12-18T23:14:24.913000+00:00,kaspa:qzglg3rl9k6fuc7capfp5zw3sjl3tj2q6jjdlhs8j70p2u98cvqhym20x9lmz,kaspa:qzglg3rl9k6fuc7capfp5zw3sjl3tj2q6jjdlhs8j70p2u98cvqhym20x9lmz,558.10477215
b44ca91ddad90434a32b8fefbe2a137fdf2cd59c1144ac93d8c02926e34f999f,2024-12-16T08:00:33.419000+00:00,kaspa:qzglg3rl9k6fuc7capfp5zw3sjl3tj2q6jjdlhs8j70p2u98cvqhym20x9lmz,kaspa:qzfu7zn2ey9vhwspuphycd0xk4nsmp6kf2pvsd7jxywav2qlr762k2zlnl47r,400.0
b44ca91ddad90434a32b8fefbe2a137fdf2cd59c1144ac93d8c02926e34f999f,2024-12-16T08:00:33.419000+00:00,kaspa:qzglg3rl9k6fuc7capfp5zw3sjl3tj2q6jjdlhs8j70p2u98cvqhym20x9lmz,kaspa:qzglg3rl9k6fuc7capfp5zw3sjl3tj2q6jjdlhs8j70p2u98cvqhym20x9lmz,561.10490548
aeffd39e6862fde3570764249bd24885a4fd02de2c4d0ced4d4c60ebc44059fa,2024-12-16T07:17:52.779000+00:00,kaspa:qqv6zsxk0k9c2580zualugf2xm85rstffts3u4wd3madcexul9d9gw6ea92pw,kaspa:qzglg3rl9k6fuc7capfp5zw3sjl3tj2q6jjdlhs8j70p2u98cvqhym20x9lmz,400.0
aeffd39e6862fde3570764249bd24885a4fd02de2c4d0ced4d4c60ebc44059fa,2024-12-16T07:17:52.779000+00:00,kaspa:qqv6zsxk0k9c2580zualugf2xm85rstffts3u4wd3madcexul9d9gw6ea92pw,kaspa:qqv6zsxk0k9c2580zualugf2xm85rstffts3u4wd3madcexul9d9gw6ea92pw,346.70813657
757dfda6b421e9755b11758a5165c0e5f62f70295ec27b1b7be8aacde0ae85e3,2024-12-09T20:36:33.957000+00:00,kaspa:qzglg3rl9k6fuc7capfp5zw3sjl3tj2q6jjdlhs8j70p2u98cvqhym20x9lmz,kaspa:qrrxzrjz3sj4e7mg6ljw49h3l30erpa8vh9vle5356n9quwcsj8psgn6jxehq,300.0
757dfda6b421e9755b11758a5165c0e5f62f70295ec27b1b7be8aacde0ae85e3,2024-12-09T20:36:33.957000+00:00,kaspa:qzglg3rl9k6fuc7capfp5zw3sjl3tj2q6jjdlhs8j70p2u98cvqhym20x9lmz,kaspa:qzglg3rl9k6fuc7capfp5zw3sjl3tj2q6jjdlhs8j70p2u98cvqhym20x9lmz,561.10493702
d7f0da70cb2f62540f039ba666b71c2de59f1ee764a027ccda7ac56fdd755718,2024-12-09T19:59:35.976000+00:00,kaspa:qzglg3rl9k6fuc7capfp5zw3sjl3tj2q6jjdlhs8j70p2u98cvqhym20x9lmz,kaspa:qrrxzrjz3sj4e7mg6ljw49h3l30erpa8vh9vle5356n9quwcsj8psgn6jxehq,200.0
d7f0da70cb2f62540f039ba666b71c2de59f1ee764a027ccda7ac56fdd755718,2024-12-09T19:59:35.976000+00:00,kaspa:qzglg3rl9k6fuc7capfp5zw3sjl3tj2q6jjdlhs8j70p2u98cvqhym20x9lmz,kaspa:qzglg3rl9k6fuc7capfp5zw3sjl3tj2q6jjdlhs8j70p2u98cvqhym20x9lmz,861.10495738
f41a7c99af9e639b8ae7d34c09d9aa5c409e6a57330a14e6ef06a4c501f60f10,2024-12-09T19:01:46.093000+00:00,kaspa:qzglg3rl9k6fuc7capfp5zw3sjl3tj2q6jjdlhs8j70p2u98cvqhym20x9lmz,kaspa:qqv6zsxk0k9c2580zualugf2xm85rstffts3u4wd3madcexul9d9gw6ea92pw,300.0
f41a7c99af9e639b8ae7d34c09d9aa5c409e6a57330a14e6ef06a4c501f60f10,2024-12-09T19:01:46.093000+00:00,kaspa:qzglg3rl9k6fuc7capfp5zw3sjl3tj2q6jjdlhs8j70p2u98cvqhym20x9lmz,kaspa:qzglg3rl9k6fuc7capfp5zw3sjl3tj2q6jjdlhs8j70p2u98cvqhym20x9lmz,1061.10497774
3d6a29a1645801d0e70013e6615585a9eba80cf45857996a1a13f5b52b467bff,2024-12-09T18:53:44.895000+00:00,kaspa:qzglg3rl9k6fuc7capfp5zw3sjl3tj2q6jjdlhs8j70p2u98cvqhym20x9lmz,kaspa:qqv6zsxk0k9c2580zualugf2xm85rstffts3u4wd3madcexul9d9gw6ea92pw,500.0
3d6a29a1645801d0e70013e6615585a9eba80cf45857996a1a13f5b52b467bff,2024-12-09T18:53:44.895000+00:00,kaspa:qzglg3rl9k6fuc7capfp5zw3sjl3tj2q6jjdlhs8j70p2u98cvqhym20x9lmz,kaspa:qzglg3rl9k6fuc7capfp5zw3sjl3tj2q6jjdlhs8j70p2u98cvqhym20x9lmz,1361.1049981
b2cf3bfc383aac6f6a850ebb5ea52a756f8dc85d9da51f31004266d515d8bf35,2024-12-09T17:00:46.341000+00:00,kaspa:qzglg3rl9k6fuc7capfp5zw3sjl3tj2q6jjdlhs8j70p2u98cvqhym20x9lmz,kaspa:qqv6zsxk0k9c2580zualugf2xm85rstffts3u4wd3madcexul9d9gw6ea92pw,200.0
b2cf3bfc383aac6f6a850ebb5ea52a756f8dc85d9da51f31004266d515d8bf35,2024-12-09T17:00:46.341000+00:00,kaspa:qzglg3rl9k6fuc7capfp5zw3sjl3tj2q6jjdlhs8j70p2u98cvqhym20x9lmz,kaspa:qzglg3rl9k6fuc7capfp5zw3sjl3tj2q6jjdlhs8j70p2u98cvqhym20x9lmz,1861.10503363
e0c4ea5cb25e320d5eceaec051b1c55bceca883ce8526a9049e83354c5fcd11d,2024-12-08T12:51:42.525000+00:00,kaspa:pq7yctzzn4hw0sq8yatnqrmu6n9kdgst08ywxtdy6teh2ytg8f3aqkumf05d5,kaspa:qzglg3rl9k6fuc7capfp5zw3sjl3tj2q6jjdlhs8j70p2u98cvqhym20x9lmz,3.0
b88652fab7f8bd9ada02014db639c1e6777307108f4fd28147afd575660745ec,2024-12-08T12:51:38.355000+00:00,kaspa:qzglg3rl9k6fuc7capfp5zw3sjl3tj2q6jjdlhs8j70p2u98cvqhym20x9lmz,kaspa:pq7yctzzn4hw0sq8yatnqrmu6n9kdgst08ywxtdy6teh2ytg8f3aqkumf05d5,3.0001
b88652fab7f8bd9ada02014db639c1e6777307108f4fd28147afd575660745ec,2024-12-08T12:51:38.355000+00:00,kaspa:qzglg3rl9k6fuc7capfp5zw3sjl3tj2q6jjdlhs8j70p2u98cvqhym20x9lmz,kaspa:qzglg3rl9k6fuc7capfp5zw3sjl3tj2q6jjdlhs8j70p2u98cvqhym20x9lmz,2058.10506517
7e137c3dd086c33b496b22a525f68cc7a8d9cf7c00856ad664f4468bb85c1ca1,2024-12-05T18:23:18.950000+00:00,kaspa:qqv6zsxk0k9c2580zualugf2xm85rstffts3u4wd3madcexul9d9gw6ea92pw,kaspa:qzglg3rl9k6fuc7capfp5zw3sjl3tj2q6jjdlhs8j70p2u98cvqhym20x9lmz,2000.0
7e137c3dd086c33b496b22a525f68cc7a8d9cf7c00856ad664f4468bb85c1ca1,2024-12-05T18:23:18.950000+00:00,kaspa:qqv6zsxk0k9c2580zualugf2xm85rstffts3u4wd3madcexul9d9gw6ea92pw,kaspa:qqv6zsxk0k9c2580zualugf2xm85rstffts3u4wd3madcexul9d9gw6ea92pw,8284.46614208
5a3152400e4e0a9e22c7a9fb8f17a720fff13d87fb9f4f6645a1c1186191ffbe,2024-12-04T16:51:34.193000+00:00,kaspa:qzglg3rl9k6fuc7capfp5zw3sjl3tj2q6jjdlhs8j70p2u98cvqhym20x9lmz,kaspa:qqu8l46r46u48u5rfa697naklxdgcx0c4a9x0vm8zkjez5rf20r42wyfeq78f,150.0
5a3152400e4e0a9e22c7a9fb8f17a720fff13d87fb9f4f6645a1c1186191ffbe,2024-12-04T16:51:34.193000+00:00,kaspa:qzglg3rl9k6fuc7capfp5zw3sjl3tj2q6jjdlhs8j70p2u98cvqhym20x9lmz,kaspa:qzglg3rl9k6fuc7capfp5zw3sjl3tj2q6jjdlhs8j70p2u98cvqhym20x9lmz,61.10519836
9ab38281d3e5be9f2c1ff001e332b0aaa460080bf1f73bf316755f0d788c650b,2024-12-02T21:43:48.260000+00:00,kaspa:qzglg3rl9k6fuc7capfp5zw3sjl3tj2q6jjdlhs8j70p2u98cvqhym20x9lmz,kaspa:qr5xrst7gphsjy0hn9x8fvg04skjqahna0x7jrqc9t8ju5caqvpuzn57ssz8h,50.0
9ab38281d3e5be9f2c1ff001e332b0aaa460080bf1f73bf316755f0d788c650b,2024-12-02T21:43:48.260000+00:00,kaspa:qzglg3rl9k6fuc7capfp5zw3sjl3tj2q6jjdlhs8j70p2u98cvqhym20x9lmz,kaspa:qzglg3rl9k6fuc7capfp5zw3sjl3tj2q6jjdlhs8j70p2u98cvqhym20x9lmz,211.10521872
4238ab21f9eddf134625d238411daf0487e5b2e2ab80f5aea2da06087937bafd,2024-12-02T21:19:41.070000+00:00,kaspa:qzglg3rl9k6fuc7capfp5zw3sjl3tj2q6jjdlhs8j70p2u98cvqhym20x9lmz,kaspa:qr5xrst7gphsjy0hn9x8fvg04skjqahna0x7jrqc9t8ju5caqvpuzn57ssz8h,100.0
4238ab21f9eddf134625d238411daf0487e5b2e2ab80f5aea2da06087937bafd,2024-12-02T21:19:41.070000+00:00,kaspa:qzglg3rl9k6fuc7capfp5zw3sjl3tj2q6jjdlhs8j70p2u98cvqhym20x9lmz,kaspa:qzglg3rl9k6fuc7capfp5zw3sjl3tj2q6jjdlhs8j70p2u98cvqhym20x9lmz,261.10523908
7df84551aa11537e984033b454b510862c7d2bae7109d97241ef00338aea7926,2024-12-02T21:15:46.947000+00:00,kaspa:qzglg3rl9k6fuc7capfp5zw3sjl3tj2q6jjdlhs8j70p2u98cvqhym20x9lmz,kaspa:qr5xrst7gphsjy0hn9x8fvg04skjqahna0x7jrqc9t8ju5caqvpuzn57ssz8h,50.0
7df84551aa11537e984033b454b510862c7d2bae7109d97241ef00338aea7926,2024-12-02T21:15:46.947000+00:00,kaspa:qzglg3rl9k6fuc7capfp5zw3sjl3tj2q6jjdlhs8j70p2u98cvqhym20x9lmz,kaspa:qzglg3rl9k6fuc7capfp5zw3sjl3tj2q6jjdlhs8j70p2u98cvqhym20x9lmz,61.10527062
c94b5e0c5f4dda448373eebf6176a540a341a0c912d9ea5a0bbb5fce0dfee4bf,2024-12-02T21:11:44.784000+00:00,kaspa:qzglg3rl9k6fuc7capfp5zw3sjl3tj2q6jjdlhs8j70p2u98cvqhym20x9lmz,kaspa:qr5xrst7gphsjy0hn9x8fvg04skjqahna0x7jrqc9t8ju5caqvpuzn57ssz8h,200.0
c94b5e0c5f4dda448373eebf6176a540a341a0c912d9ea5a0bbb5fce0dfee4bf,2024-12-02T21:11:44.784000+00:00,kaspa:qzglg3rl9k6fuc7capfp5zw3sjl3tj2q6jjdlhs8j70p2u98cvqhym20x9lmz,kaspa:qzglg3rl9k6fuc7capfp5zw3sjl3tj2q6jjdlhs8j70p2u98cvqhym20x9lmz,111.10529098
3408d7e5b67dcfa430cf655fe96a3bc6cd2a8ec7c53afb3b29954c4a0bc45c10,2024-11-30T23:18:42.575000+00:00,kaspa:qqv6zsxk0k9c2580zualugf2xm85rstffts3u4wd3madcexul9d9gw6ea92pw,kaspa:qzglg3rl9k6fuc7capfp5zw3sjl3tj2q6jjdlhs8j70p2u98cvqhym20x9lmz,100.0
3408d7e5b67dcfa430cf655fe96a3bc6cd2a8ec7c53afb3b29954c4a0bc45c10,2024-11-30T23:18:42.575000+00:00,kaspa:qqv6zsxk0k9c2580zualugf2xm85rstffts3u4wd3madcexul9d9gw6ea92pw,kaspa:qqv6zsxk0k9c2580zualugf2xm85rstffts3u4wd3madcexul9d9gw6ea92pw,1830.51247869
1ac18346b28c794a8f33e57a0e47318f6be6d67967c7d391c46ed8fed1b306e5,2024-11-28T21:47:33.551000+00:00,kaspa:qqv6zsxk0k9c2580zualugf2xm85rstffts3u4wd3madcexul9d9gw6ea92pw,kaspa:qzglg3rl9k6fuc7capfp5zw3sjl3tj2q6jjdlhs8j70p2u98cvqhym20x9lmz,100.0
1ac18346b28c794a8f33e57a0e47318f6be6d67967c7d391c46ed8fed1b306e5,2024-11-28T21:47:33.551000+00:00,kaspa:qqv6zsxk0k9c2580zualugf2xm85rstffts3u4wd3madcexul9d9gw6ea92pw,kaspa:qqv6zsxk0k9c2580zualugf2xm85rstffts3u4wd3madcexul9d9gw6ea92pw,394.75103765
72c1d515d6ff1b657190d272151698d8f741b82ae163e24a9b5ce9be625b684d,2024-11-23T20:15:42.235000+00:00,kaspa:qqv6zsxk0k9c2580zualugf2xm85rstffts3u4wd3madcexul9d9gw6ea92pw,kaspa:qzglg3rl9k6fuc7capfp5zw3sjl3tj2q6jjdlhs8j70p2u98cvqhym20x9lmz,300.0
72c1d515d6ff1b657190d272151698d8f741b82ae163e24a9b5ce9be625b684d,2024-11-23T20:15:42.235000+00:00,kaspa:qqv6zsxk0k9c2580zualugf2xm85rstffts3u4wd3madcexul9d9gw6ea92pw,kaspa:qqv6zsxk0k9c2580zualugf2xm85rstffts3u4wd3madcexul9d9gw6ea92pw,2204.17517489
50b22e555c6df13e00d706cfc111bf5883702cd0feee696ee192d783030b169c,2024-09-17T02:37:37.233000+00:00,kaspa:qzglg3rl9k6fuc7capfp5zw3sjl3tj2q6jjdlhs8j70p2u98cvqhym20x9lmz,kaspa:qzglg3rl9k6fuc7capfp5zw3sjl3tj2q6jjdlhs8j70p2u98cvqhym20x9lmz,111.1053337
5fe517cda1de313f1ff571148a892d04375c41eb73dd56a0347d687ce911f6cf,2024-09-17T02:35:04.518000+00:00,kaspa:pqe8smd7yey4fw5xzeqkfn24ux58tmqnqkapdx3cvjt4dhjtu6ep6srdpkerj,kaspa:qzglg3rl9k6fuc7capfp5zw3sjl3tj2q6jjdlhs8j70p2u98cvqhym20x9lmz,25.99993835
f464457d2679a653bdb9f9d18ecf4b543855556c6981b6fcea3cd9bd9daf8e94,2024-09-17T02:35:04.518000+00:00,kaspa:pzmyy9ckkuces5nqcqlleprpec5yg5wm3hcts39f9f6dammec3edktc5044qe,kaspa:qzglg3rl9k6fuc7capfp5zw3sjl3tj2q6jjdlhs8j70p2u98cvqhym20x9lmz,25.99993835
1306fb5c6e119794855877f50f90dd2273019df2fe58a083fcebbe686eafc91b,2024-09-17T02:35:02.522000+00:00,kaspa:pzgjfyxm6ef8eh9myc3sgpezgfrmyaq32mpzxufhhhhwhsp0wg9sseyyap4a2,kaspa:qzglg3rl9k6fuc7capfp5zw3sjl3tj2q6jjdlhs8j70p2u98cvqhym20x9lmz,25.99993835
56d8f8408fab82ec78dc83eea3525099d5cfa50c9946538fb148dd3a79d3cfb9,2024-09-17T02:35:02.522000+00:00,kaspa:pqc7jys30l5src6xnzw575lp0k0jy4qha03tughu7zq4yexe3a7c29tzm4n9n,kaspa:qzglg3rl9k6fuc7capfp5zw3sjl3tj2q6jjdlhs8j70p2u98cvqhym20x9lmz,25.99992717
c31f13cc63269e71db435d36fb62b0af524f6f897561481d7c51af2f48047f84,2024-09-16T21:18:24.576000+00:00,kaspa:qzglg3rl9k6fuc7capfp5zw3sjl3tj2q6jjdlhs8j70p2u98cvqhym20x9lmz,kaspa:qqv6zsxk0k9c2580zualugf2xm85rstffts3u4wd3madcexul9d9gw6ea92pw,120.0
c31f13cc63269e71db435d36fb62b0af524f6f897561481d7c51af2f48047f84,2024-09-16T21:18:24.576000+00:00,kaspa:qzglg3rl9k6fuc7capfp5zw3sjl3tj2q6jjdlhs8j70p2u98cvqhym20x9lmz,kaspa:qzglg3rl9k6fuc7capfp5zw3sjl3tj2q6jjdlhs8j70p2u98cvqhym20x9lmz,7.10565244
cacad57268dd9b9571b0a914bc7b3d136c1dac5faac94fad755b9a0ee9646eeb,2024-09-16T21:09:00.898000+00:00,kaspa:pzyp43a83caytpyy8r44tfc0jfpv6e5x3f8dfhanxchtav5k69w3y6g0dgngj,kaspa:qzglg3rl9k6fuc7capfp5zw3sjl3tj2q6jjdlhs8j70p2u98cvqhym20x9lmz,24.99996835
89b0e015e743adbbb0d34fd0bfc3a0dddaa0683aca00da89f3a777a259096d20,2024-09-16T21:08:57.262000+00:00,kaspa:qzglg3rl9k6fuc7capfp5zw3sjl3tj2q6jjdlhs8j70p2u98cvqhym20x9lmz,kaspa:pzyp43a83caytpyy8r44tfc0jfpv6e5x3f8dfhanxchtav5k69w3y6g0dgngj,25.00006835
89b0e015e743adbbb0d34fd0bfc3a0dddaa0683aca00da89f3a777a259096d20,2024-09-16T21:08:57.262000+00:00,kaspa:qzglg3rl9k6fuc7capfp5zw3sjl3tj2q6jjdlhs8j70p2u98cvqhym20x9lmz,kaspa:qzglg3rl9k6fuc7capfp5zw3sjl3tj2q6jjdlhs8j70p2u98cvqhym20x9lmz,24.99885798
b009b0ebc66fcff085310658c15d185f1af32026ab74f0523c57bb6465932abb,2024-09-16T21:08:13.219000+00:00,kaspa:prst9fs4yzk58uksadsaln9v6gqh4nzfzetv6zsx38ka0sl0d5pgc5mzrqvle,kaspa:qzglg3rl9k6fuc7capfp5zw3sjl3tj2q6jjdlhs8j70p2u98cvqhym20x9lmz,24.99996835
1390c8ed6c1021ea34a99723dbb071baefd06d5339659e7b88f23369d7fe0125,2024-09-16T21:08:10.523000+00:00,kaspa:qzglg3rl9k6fuc7capfp5zw3sjl3tj2q6jjdlhs8j70p2u98cvqhym20x9lmz,kaspa:prst9fs4yzk58uksadsaln9v6gqh4nzfzetv6zsx38ka0sl0d5pgc5mzrqvle,25.00006835
1390c8ed6c1021ea34a99723dbb071baefd06d5339659e7b88f23369d7fe0125,2024-09-16T21:08:10.523000+00:00,kaspa:qzglg3rl9k6fuc7capfp5zw3sjl3tj2q6jjdlhs8j70p2u98cvqhym20x9lmz,kaspa:qzglg3rl9k6fuc7capfp5zw3sjl3tj2q6jjdlhs8j70p2u98cvqhym20x9lmz,24.99898963
2d50c5561ecda162951caae3dee8139911ac47ae68d815563d7845eaf4636318,2024-09-16T21:07:39.692000+00:00,kaspa:ppc2zpxy9fcwa8sev96wx8rrk4wpajka8lg7c0zfthj25xy9ygg7yeezuend9,kaspa:qzglg3rl9k6fuc7capfp5zw3sjl3tj2q6jjdlhs8j70p2u98cvqhym20x9lmz,24.99996835
dc879c7db21ec9dd5806058e073c1938995dd56b2f839a9175c2d82b556373cd,2024-09-16T21:07:35.925000+00:00,kaspa:qzglg3rl9k6fuc7capfp5zw3sjl3tj2q6jjdlhs8j70p2u98cvqhym20x9lmz,kaspa:ppc2zpxy9fcwa8sev96wx8rrk4wpajka8lg7c0zfthj25xy9ygg7yeezuend9,25.00006835
dc879c7db21ec9dd5806058e073c1938995dd56b2f839a9175c2d82b556373cd,2024-09-16T21:07:35.925000+00:00,kaspa:qzglg3rl9k6fuc7capfp5zw3sjl3tj2q6jjdlhs8j70p2u98cvqhym20x9lmz,kaspa:qzglg3rl9k6fuc7capfp5zw3sjl3tj2q6jjdlhs8j70p2u98cvqhym20x9lmz,24.99912128
44c1178a88497a577b9dcdcfefc6c44259b9ec23e5c6f2bf226c5d4ef95de09d,2024-09-16T21:06:29.739000+00:00,kaspa:ppcuedxcwetj04k9rw0xqk5dmhxfpmj6yqf00nsk2t9mnc8s78gwzd9kg6wsl,kaspa:qzglg3rl9k6fuc7capfp5zw3sjl3tj2q6jjdlhs8j70p2u98cvqhym20x9lmz,24.99996835
eb09595e4d5cca2edf20f740b2535e9c8ab1484f63c2cdf1d259a89b00541b5e,2024-09-16T21:06:27.330000+00:00,kaspa:qzglg3rl9k6fuc7capfp5zw3sjl3tj2q6jjdlhs8j70p2u98cvqhym20x9lmz,kaspa:ppcuedxcwetj04k9rw0xqk5dmhxfpmj6yqf00nsk2t9mnc8s78gwzd9kg6wsl,25.00006835
eb09595e4d5cca2edf20f740b2535e9c8ab1484f63c2cdf1d259a89b00541b5e,2024-09-16T21:06:27.330000+00:00,kaspa:qzglg3rl9k6fuc7capfp5zw3sjl3tj2q6jjdlhs8j70p2u98cvqhym20x9lmz,kaspa:qzglg3rl9k6fuc7capfp5zw3sjl3tj2q6jjdlhs8j70p2u98cvqhym20x9lmz,24.99925293
de431f6204e1ff299f15d5656c6bd74d48410c5690e9ce9fae925837cc5fe338,2024-09-16T21:03:44.168000+00:00,kaspa:pqhmqlqv8dwgyh4r3yccet5cdmvgd2ajjl8fxradya7w227g0843qdrr3ydl2,kaspa:qzglg3rl9k6fuc7capfp5zw3sjl3tj2q6jjdlhs8j70p2u98cvqhym20x9lmz,24.99996835
9a3b88ae312187eb72c94a1444e39ffa1f17446cfb60c85e834b849d6b348bc5,2024-09-16T21:03:41.685000+00:00,kaspa:qzglg3rl9k6fuc7capfp5zw3sjl3tj2q6jjdlhs8j70p2u98cvqhym20x9lmz,kaspa:pqhmqlqv8dwgyh4r3yccet5cdmvgd2ajjl8fxradya7w227g0843qdrr3ydl2,25.00006835
9a3b88ae312187eb72c94a1444e39ffa1f17446cfb60c85e834b849d6b348bc5,2024-09-16T21:03:41.685000+00:00,kaspa:qzglg3rl9k6fuc7capfp5zw3sjl3tj2q6jjdlhs8j70p2u98cvqhym20x9lmz,kaspa:qzglg3rl9k6fuc7capfp5zw3sjl3tj2q6jjdlhs8j70p2u98cvqhym20x9lmz,24.99938458
46c9d2ec96baf423b19aaac149dca96ed99678eeda0fa17230308694aa4ae306,2024-09-16T21:02:36.150000+00:00,kaspa:ppyahc4gecqjhnaulsc5uweas0juf77ead7ae5qwsghyry4qmfjh24mhqpf5w,kaspa:qzglg3rl9k6fuc7capfp5zw3sjl3tj2q6jjdlhs8j70p2u98cvqhym20x9lmz,24.99996835
01d6728da502e370cc5f33e5b05d0bcbcc3de1a15b455bd12c86b6979537c2fb,2024-09-16T21:02:29.737000+00:00,kaspa:qzglg3rl9k6fuc7capfp5zw3sjl3tj2q6jjdlhs8j70p2u98cvqhym20x9lmz,kaspa:ppyahc4gecqjhnaulsc5uweas0juf77ead7ae5qwsghyry4qmfjh24mhqpf5w,25.00006835
01d6728da502e370cc5f33e5b05d0bcbcc3de1a15b455bd12c86b6979537c2fb,2024-09-16T21:02:29.737000+00:00,kaspa:qzglg3rl9k6fuc7capfp5zw3sjl3tj2q6jjdlhs8j70p2u98cvqhym20x9lmz,kaspa:qzglg3rl9k6fuc7capfp5zw3sjl3tj2q6jjdlhs8j70p2u98cvqhym20x9lmz,24.99951623
febd2ccea4152b83d073e7470289092c6eca2297e26461b986cb9a8a657eef4f,2024-09-16T21:01:19.293000+00:00,kaspa:pzgxpy235y2kpuc4wq567v3te7fssghqtg2ysyhq0v75n3evp288ql2e2pywz,kaspa:qzglg3rl9k6fuc7capfp5zw3sjl3tj2q6jjdlhs8j70p2u98cvqhym20x9lmz,24.99996835
c5db61ac979697f8bca2e9e28c3ef67b9a2b27d102548bffd59d3e857b361990,2024-09-16T21:01:14.134000+00:00,kaspa:qzglg3rl9k6fuc7capfp5zw3sjl3tj2q6jjdlhs8j70p2u98cvqhym20x9lmz,kaspa:pzgxpy235y2kpuc4wq567v3te7fssghqtg2ysyhq0v75n3evp288ql2e2pywz,25.00006835
c5db61ac979697f8bca2e9e28c3ef67b9a2b27d102548bffd59d3e857b361990,2024-09-16T21:01:14.134000+00:00,kaspa:qzglg3rl9k6fuc7capfp5zw3sjl3tj2q6jjdlhs8j70p2u98cvqhym20x9lmz,kaspa:qzglg3rl9k6fuc7capfp5zw3sjl3tj2q6jjdlhs8j70p2u98cvqhym20x9lmz,24.99964788
eff2a9ebb7ed9d9e3ef7b77b5f3de3728432cdc8739442c67eaab5222085ee13,2024-09-16T20:59:08.076000+00:00,kaspa:ppzs840tesx8z4ttnhx47ztnunwm084flvggkj0cxqqmdvqkk0f6qtpc4a5as,kaspa:qzglg3rl9k6fuc7capfp5zw3sjl3tj2q6jjdlhs8j70p2u98cvqhym20x9lmz,24.99996835
5c59cd5fe2ecff30d8b7a08321f97f223bfee993766b42eac27e3e8f449e29d9,2024-09-16T20:58:56.885000+00:00,kaspa:qzglg3rl9k6fuc7capfp5zw3sjl3tj2q6jjdlhs8j70p2u98cvqhym20x9lmz,kaspa:ppzs840tesx8z4ttnhx47ztnunwm084flvggkj0cxqqmdvqkk0f6qtpc4a5as,25.00006835
5c59cd5fe2ecff30d8b7a08321f97f223bfee993766b42eac27e3e8f449e29d9,2024-09-16T20:58:56.885000+00:00,kaspa:qzglg3rl9k6fuc7capfp5zw3sjl3tj2q6jjdlhs8j70p2u98cvqhym20x9lmz,kaspa:qzglg3rl9k6fuc7capfp5zw3sjl3tj2q6jjdlhs8j70p2u98cvqhym20x9lmz,24.99977953
a089ea97810727b7155e815e6825d0a1464f121d1c9834443f69c23a29e323cb,2024-09-16T20:53:44.767000+00:00,kaspa:ppy2aj4rx74ch79nykytp65ljvnhxw7amw366tlfkxavdf9gz62n6qumvmr38,kaspa:qzglg3rl9k6fuc7capfp5zw3sjl3tj2q6jjdlhs8j70p2u98cvqhym20x9lmz,24.99997953
94ff6027d4465a86e9f5408359e51b574b59b65cc474059ca027ee1a5ed3d930,2024-09-16T20:53:42.291000+00:00,kaspa:qzglg3rl9k6fuc7capfp5zw3sjl3tj2q6jjdlhs8j70p2u98cvqhym20x9lmz,kaspa:ppy2aj4rx74ch79nykytp65ljvnhxw7amw366tlfkxavdf9gz62n6qumvmr38,25.00007953
94ff6027d4465a86e9f5408359e51b574b59b65cc474059ca027ee1a5ed3d930,2024-09-16T20:53:42.291000+00:00,kaspa:qzglg3rl9k6fuc7capfp5zw3sjl3tj2q6jjdlhs8j70p2u98cvqhym20x9lmz,kaspa:qzglg3rl9k6fuc7capfp5zw3sjl3tj2q6jjdlhs8j70p2u98cvqhym20x9lmz,24.9999
1d85e1ec8d77707575088214c7a976b26d6d0da496efc0ac6de4cdfdf5e5859e,2024-09-16T07:56:26.211000+00:00,kaspa:qzglg3rl9k6fuc7capfp5zw3sjl3tj2q6jjdlhs8j70p2u98cvqhym20x9lmz,kaspa:qzglg3rl9k6fuc7capfp5zw3sjl3tj2q6jjdlhs8j70p2u98cvqhym20x9lmz,77.10686883
d65bda0d74b33a9adeffc37e5f0acc9418defb3d436c6b89cbb9870791339de2,2024-09-16T02:29:12.593000+00:00,kaspa:qqv6zsxk0k9c2580zualugf2xm85rstffts3u4wd3madcexul9d9gw6ea92pw,kaspa:qzglg3rl9k6fuc7capfp5zw3sjl3tj2q6jjdlhs8j70p2u98cvqhym20x9lmz,50.0
d65bda0d74b33a9adeffc37e5f0acc9418defb3d436c6b89cbb9870791339de2,2024-09-16T02:29:12.593000+00:00,kaspa:qqv6zsxk0k9c2580zualugf2xm85rstffts3u4wd3madcexul9d9gw6ea92pw,kaspa:qqv6zsxk0k9c2580zualugf2xm85rstffts3u4wd3madcexul9d9gw6ea92pw,268.6160707
861e28e22a3c3cbf6b8112c7bea7496fda84d112afae0c6b0546fecc0c9e5118,2024-09-15T21:31:11.950000+00:00,kaspa:pqe8smd7yey4fw5xzeqkfn24ux58tmqnqkapdx3cvjt4dhjtu6ep6srdpkerj,kaspa:qzglg3rl9k6fuc7capfp5zw3sjl3tj2q6jjdlhs8j70p2u98cvqhym20x9lmz,24.79694224
a5677242a2be58fa7532a0bb2973070d76a4695628b297579dfcd1514b5b5825,2024-09-15T21:30:58.360000+00:00,kaspa:pqe8smd7yey4fw5xzeqkfn24ux58tmqnqkapdx3cvjt4dhjtu6ep6srdpkerj,kaspa:qzglg3rl9k6fuc7capfp5zw3sjl3tj2q6jjdlhs8j70p2u98cvqhym20x9lmz,24.99997953
9788807fa0ef4add67328171da274ca1b1b9c5308bee6ab08e76fdb099b094ce,2024-09-15T21:30:58.349000+00:00,kaspa:qzglg3rl9k6fuc7capfp5zw3sjl3tj2q6jjdlhs8j70p2u98cvqhym20x9lmz,kaspa:pqe8smd7yey4fw5xzeqkfn24ux58tmqnqkapdx3cvjt4dhjtu6ep6srdpkerj,25.99996835
9788807fa0ef4add67328171da274ca1b1b9c5308bee6ab08e76fdb099b094ce,2024-09-15T21:30:58.349000+00:00,kaspa:qzglg3rl9k6fuc7capfp5zw3sjl3tj2q6jjdlhs8j70p2u98cvqhym20x9lmz,kaspa:qzglg3rl9k6fuc7capfp5zw3sjl3tj2q6jjdlhs8j70p2u98cvqhym20x9lmz,27.30998566
8150584d69ea11892dc823222979b28efb0b38b891eaa010017bd099d080083f,2024-09-15T21:30:01.757000+00:00,kaspa:qzglg3rl9k6fuc7capfp5zw3sjl3tj2q6jjdlhs8j70p2u98cvqhym20x9lmz,kaspa:pqe8smd7yey4fw5xzeqkfn24ux58tmqnqkapdx3cvjt4dhjtu6ep6srdpkerj,25.99997953
8150584d69ea11892dc823222979b28efb0b38b891eaa010017bd099d080083f,2024-09-15T21:30:01.757000+00:00,kaspa:qzglg3rl9k6fuc7capfp5zw3sjl3tj2q6jjdlhs8j70p2u98cvqhym20x9lmz,kaspa:qzglg3rl9k6fuc7capfp5zw3sjl3tj2q6jjdlhs8j70p2u98cvqhym20x9lmz,29.51303224
50589aec9d1650a00a395d652e4f110c15cf604ae72563539fe0b6fdf68a0c98,2024-09-15T21:29:27.437000+00:00,kaspa:pqe8smd7yey4fw5xzeqkfn24ux58tmqnqkapdx3cvjt4dhjtu6ep6srdpkerj,kaspa:qzglg3rl9k6fuc7capfp5zw3sjl3tj2q6jjdlhs8j70p2u98cvqhym20x9lmz,24.99997953
589041947949a75429ccdabb91ae642acec265783ff902933c4f407208ee2463,2024-09-15T21:29:01.644000+00:00,kaspa:qzglg3rl9k6fuc7capfp5zw3sjl3tj2q6jjdlhs8j70p2u98cvqhym20x9lmz,kaspa:pqe8smd7yey4fw5xzeqkfn24ux58tmqnqkapdx3cvjt4dhjtu6ep6srdpkerj,25.99997953
589041947949a75429ccdabb91ae642acec265783ff902933c4f407208ee2463,2024-09-15T21:29:01.644000+00:00,kaspa:qzglg3rl9k6fuc7capfp5zw3sjl3tj2q6jjdlhs8j70p2u98cvqhym20x9lmz,kaspa:qzglg3rl9k6fuc7capfp5zw3sjl3tj2q6jjdlhs8j70p2u98cvqhym20x9lmz,56.28962107
d94649e024e27b9a6be94ff8b73674b3cd7b78b6873846a48c55a27751a31a8d,2024-09-15T21:03:16.960000+00:00,kaspa:qzglg3rl9k6fuc7capfp5zw3sjl3tj2q6jjdlhs8j70p2u98cvqhym20x9lmz,kaspa:pqe8smd7yey4fw5xzeqkfn24ux58tmqnqkapdx3cvjt4dhjtu6ep6srdpkerj,25.99996835
d94649e024e27b9a6be94ff8b73674b3cd7b78b6873846a48c55a27751a31a8d,2024-09-15T21:03:16.960000+00:00,kaspa:qzglg3rl9k6fuc7capfp5zw3sjl3tj2q6jjdlhs8j70p2u98cvqhym20x9lmz,kaspa:qzglg3rl9k6fuc7capfp5zw3sjl3tj2q6jjdlhs8j70p2u98cvqhym20x9lmz,83.0662099
b7699d9ee550a622a361e5e59a9aa72f5dc754b1119faec2e650960d90c454c3,2024-09-15T20:57:05.671000+00:00,kaspa:pqe8smd7yey4fw5xzeqkfn24ux58tmqnqkapdx3cvjt4dhjtu6ep6srdpkerj,kaspa:qzglg3rl9k6fuc7capfp5zw3sjl3tj2q6jjdlhs8j70p2u98cvqhym20x9lmz,24.86290964
28f239a08d055aa363c79dd374d15adb3ec092061f38afcef6516ade82abb7ef,2024-09-15T20:56:28.147000+00:00,kaspa:qzglg3rl9k6fuc7capfp5zw3sjl3tj2q6jjdlhs8j70p2u98cvqhym20x9lmz,kaspa:pqe8smd7yey4fw5xzeqkfn24ux58tmqnqkapdx3cvjt4dhjtu6ep6srdpkerj,25.99996835
28f239a08d055aa363c79dd374d15adb3ec092061f38afcef6516ade82abb7ef,2024-09-15T20:56:28.147000+00:00,kaspa:qzglg3rl9k6fuc7capfp5zw3sjl3tj2q6jjdlhs8j70p2u98cvqhym20x9lmz,kaspa:qzglg3rl9k6fuc7capfp5zw3sjl3tj2q6jjdlhs8j70p2u98cvqhym20x9lmz,85.38908199
79b4a8c2fe3559c0e838696ffce62e76bf03dad504601141bf1cefc6bbde0c01,2024-09-15T20:29:11.724000+00:00,kaspa:pzgxpy235y2kpuc4wq567v3te7fssghqtg2ysyhq0v75n3evp288ql2e2pywz,kaspa:qzglg3rl9k6fuc7capfp5zw3sjl3tj2q6jjdlhs8j70p2u98cvqhym20x9lmz,18.08034237
2b1c37bccd65d8860257e75791ffaa9939ce89cf700e709a1b51f8b612b323fc,2024-09-15T20:29:05.594000+00:00,kaspa:qzglg3rl9k6fuc7capfp5zw3sjl3tj2q6jjdlhs8j70p2u98cvqhym20x9lmz,kaspa:pzgxpy235y2kpuc4wq567v3te7fssghqtg2ysyhq0v75n3evp288ql2e2pywz,26.31836385
2b1c37bccd65d8860257e75791ffaa9939ce89cf700e709a1b51f8b612b323fc,2024-09-15T20:29:05.594000+00:00,kaspa:qzglg3rl9k6fuc7capfp5zw3sjl3tj2q6jjdlhs8j70p2u98cvqhym20x9lmz,kaspa:qzglg3rl9k6fuc7capfp5zw3sjl3tj2q6jjdlhs8j70p2u98cvqhym20x9lmz,94.44579833
e034539dede1b172f0bf7c690ef017e9f6bfa7b4c79d19ffc2d3d136156ce01f,2024-09-15T20:27:57.576000+00:00,kaspa:qqv6zsxk0k9c2580zualugf2xm85rstffts3u4wd3madcexul9d9gw6ea92pw,kaspa:qzglg3rl9k6fuc7capfp5zw3sjl3tj2q6jjdlhs8j70p2u98cvqhym20x9lmz,100.0
e034539dede1b172f0bf7c690ef017e9f6bfa7b4c79d19ffc2d3d136156ce01f,2024-09-15T20:27:57.576000+00:00,kaspa:qqv6zsxk0k9c2580zualugf2xm85rstffts3u4wd3madcexul9d9gw6ea92pw,kaspa:qqv6zsxk0k9c2580zualugf2xm85rstffts3u4wd3madcexul9d9gw6ea92pw,134.77083444
9b29d31df6d01028e349b07ed855f5b0d4e63a4757abab412e0419d4ea81e494,2024-09-15T17:36:25.912000+00:00,kaspa:pqc7jys30l5src6xnzw575lp0k0jy4qha03tughu7zq4yexe3a7c29tzm4n9n,kaspa:qzglg3rl9k6fuc7capfp5zw3sjl3tj2q6jjdlhs8j70p2u98cvqhym20x9lmz,22.96150507
fa1503688f37c7cd8943f2cea6942c9f61c07a39cd2dfb0116a00ef82fac4864,2024-09-15T17:36:08.438000+00:00,kaspa:qzglg3rl9k6fuc7capfp5zw3sjl3tj2q6jjdlhs8j70p2u98cvqhym20x9lmz,kaspa:pqc7jys30l5src6xnzw575lp0k0jy4qha03tughu7zq4yexe3a7c29tzm4n9n,25.99996835
fa1503688f37c7cd8943f2cea6942c9f61c07a39cd2dfb0116a00ef82fac4864,2024-09-15T17:36:08.438000+00:00,kaspa:qzglg3rl9k6fuc7capfp5zw3sjl3tj2q6jjdlhs8j70p2u98cvqhym20x9lmz,kaspa:qzglg3rl9k6fuc7capfp5zw3sjl3tj2q6jjdlhs8j70p2u98cvqhym20x9lmz,4.72231474
bcd1ec1c3d71854c93184b70a93cf2f6d898ee16af09b28ad94500beb8501427,2024-09-15T17:34:16.615000+00:00,kaspa:pqc7jys30l5src6xnzw575lp0k0jy4qha03tughu7zq4yexe3a7c29tzm4n9n,kaspa:qzglg3rl9k6fuc7capfp5zw3sjl3tj2q6jjdlhs8j70p2u98cvqhym20x9lmz,22.98290009
d80048bbffdbc3f9cb8076dc1b8b117d509b854fc0818a3499da95ef1dd23548,2024-09-15T17:33:59.001000+00:00,kaspa:qzglg3rl9k6fuc7capfp5zw3sjl3tj2q6jjdlhs8j70p2u98cvqhym20x9lmz,kaspa:pqc7jys30l5src6xnzw575lp0k0jy4qha03tughu7zq4yexe3a7c29tzm4n9n,25.99996835
d80048bbffdbc3f9cb8076dc1b8b117d509b854fc0818a3499da95ef1dd23548,2024-09-15T17:33:59.001000+00:00,kaspa:qzglg3rl9k6fuc7capfp5zw3sjl3tj2q6jjdlhs8j70p2u98cvqhym20x9lmz,kaspa:qzglg3rl9k6fuc7capfp5zw3sjl3tj2q6jjdlhs8j70p2u98cvqhym20x9lmz,10.77787793
1d2d0c60e04c12d36cfcdae5670788a548eefcbf5df1d1305eba10d96472ff31,2024-09-15T17:28:35.710000+00:00,kaspa:pqc7jys30l5src6xnzw575lp0k0jy4qha03tughu7zq4yexe3a7c29tzm4n9n,kaspa:qzglg3rl9k6fuc7capfp5zw3sjl3tj2q6jjdlhs8j70p2u98cvqhym20x9lmz,24.08449083
3802f7a5c4d150bd313edc366ab8e0a3e9c266d61393f6bda90f6dbb5ae3bbdd,2024-09-15T17:28:11.197000+00:00,kaspa:qzglg3rl9k6fuc7capfp5zw3sjl3tj2q6jjdlhs8j70p2u98cvqhym20x9lmz,kaspa:pqc7jys30l5src6xnzw575lp0k0jy4qha03tughu7zq4yexe3a7c29tzm4n9n,25.99997953
3802f7a5c4d150bd313edc366ab8e0a3e9c266d61393f6bda90f6dbb5ae3bbdd,2024-09-15T17:28:11.197000+00:00,kaspa:qzglg3rl9k6fuc7capfp5zw3sjl3tj2q6jjdlhs8j70p2u98cvqhym20x9lmz,kaspa:qzglg3rl9k6fuc7capfp5zw3sjl3tj2q6jjdlhs8j70p2u98cvqhym20x9lmz,15.71045536
0cd4cb3a3d3a343325f8eec755035e723d1a0ec5100dafb4050b55922152d6ec,2024-09-15T17:16:09.892000+00:00,kaspa:qzglg3rl9k6fuc7capfp5zw3sjl3tj2q6jjdlhs8j70p2u98cvqhym20x9lmz,kaspa:pqc7jys30l5src6xnzw575lp0k0jy4qha03tughu7zq4yexe3a7c29tzm4n9n,25.99995717
0cd4cb3a3d3a343325f8eec755035e723d1a0ec5100dafb4050b55922152d6ec,2024-09-15T17:16:09.892000+00:00,kaspa:qzglg3rl9k6fuc7capfp5zw3sjl3tj2q6jjdlhs8j70p2u98cvqhym20x9lmz,kaspa:qzglg3rl9k6fuc7capfp5zw3sjl3tj2q6jjdlhs8j70p2u98cvqhym20x9lmz,43.62594406
d3677cb0866a71199edc0f262e7fa1e61aa69ec3cc1f75f344a1ab4e2f9febdd,2024-09-15T17:04:56.883000+00:00,kaspa:pqc7jys30l5src6xnzw575lp0k0jy4qha03tughu7zq4yexe3a7c29tzm4n9n,kaspa:qzglg3rl9k6fuc7capfp5zw3sjl3tj2q6jjdlhs8j70p2u98cvqhym20x9lmz,23.15787089
a5dc571ed0484b168b4bc733a54b5e1be32c72df600e66c3b88c77e823ea9d2a,2024-09-15T17:04:48.215000+00:00,kaspa:qzglg3rl9k6fuc7capfp5zw3sjl3tj2q6jjdlhs8j70p2u98cvqhym20x9lmz,kaspa:pqc7jys30l5src6xnzw575lp0k0jy4qha03tughu7zq4yexe3a7c29tzm4n9n,25.99996835
a5dc571ed0484b168b4bc733a54b5e1be32c72df600e66c3b88c77e823ea9d2a,2024-09-15T17:04:48.215000+00:00,kaspa:qzglg3rl9k6fuc7capfp5zw3sjl3tj2q6jjdlhs8j70p2u98cvqhym20x9lmz,kaspa:qzglg3rl9k6fuc7capfp5zw3sjl3tj2q6jjdlhs8j70p2u98cvqhym20x9lmz,2.77568956
bee3d92372491f5a20ca891d90be3fb641329c9554388bd0d1622b32e423ff57,2024-09-15T17:01:16.503000+00:00,kaspa:pqc7jys30l5src6xnzw575lp0k0jy4qha03tughu7zq4yexe3a7c29tzm4n9n,kaspa:qzglg3rl9k6fuc7capfp5zw3sjl3tj2q6jjdlhs8j70p2u98cvqhym20x9lmz,23.15787089
bee3d92372491f5a20ca891d90be3fb641329c9554388bd0d1622b32e423ff57,2024-09-15T17:01:16.503000+00:00,kaspa:pqc7jys30l5src6xnzw575lp0k0jy4qha03tughu7zq4yexe3a7c29tzm4n9n,kaspa:qz6tfeuywmsxcuq00h0ww2ulnyyxcstcl9pzp3v39kdd0ptyzpa9q0p79srnq,3.0
9724927f1a6cf71665b1ffa896bcff9bc09504b99f8d9e10ae08c934ce4da93c,2024-09-15T17:00:28.163000+00:00,kaspa:qzglg3rl9k6fuc7capfp5zw3sjl3tj2q6jjdlhs8j70p2u98cvqhym20x9lmz,kaspa:pqc7jys30l5src6xnzw575lp0k0jy4qha03tughu7zq4yexe3a7c29tzm4n9n,28.99996835
9724927f1a6cf71665b1ffa896bcff9bc09504b99f8d9e10ae08c934ce4da93c,2024-09-15T17:00:28.163000+00:00,kaspa:qzglg3rl9k6fuc7capfp5zw3sjl3tj2q6jjdlhs8j70p2u98cvqhym20x9lmz,kaspa:qzglg3rl9k6fuc7capfp5zw3sjl3tj2q6jjdlhs8j70p2u98cvqhym20x9lmz,8.45991613
9374c40efef736c6ece96b4c1f7718f2230a51e72df47daba756f79efb3ada8e,2024-09-15T16:55:37.955000+00:00,kaspa:pqc7jys30l5src6xnzw575lp0k0jy4qha03tughu7zq4yexe3a7c29tzm4n9n,kaspa:qzglg3rl9k6fuc7capfp5zw3sjl3tj2q6jjdlhs8j70p2u98cvqhym20x9lmz,23.3135613
f00300884184c86dae27e8274867ee58d3207f20eb21132fe14afddef2a3c271,2024-09-15T16:55:29.603000+00:00,kaspa:qzglg3rl9k6fuc7capfp5zw3sjl3tj2q6jjdlhs8j70p2u98cvqhym20x9lmz,kaspa:pqc7jys30l5src6xnzw575lp0k0jy4qha03tughu7zq4yexe3a7c29tzm4n9n,25.99996835
f00300884184c86dae27e8274867ee58d3207f20eb21132fe14afddef2a3c271,2024-09-15T16:55:29.603000+00:00,kaspa:qzglg3rl9k6fuc7capfp5zw3sjl3tj2q6jjdlhs8j70p2u98cvqhym20x9lmz,kaspa:qzglg3rl9k6fuc7capfp5zw3sjl3tj2q6jjdlhs8j70p2u98cvqhym20x9lmz,16.98845229
874b2f682bcf27b9d64c3614f0fce4e997ce905e8c20d1c912991d9db9089238,2024-09-15T16:52:58.565000+00:00,kaspa:pqc7jys30l5src6xnzw575lp0k0jy4qha03tughu7zq4yexe3a7c29tzm4n9n,kaspa:qzglg3rl9k6fuc7capfp5zw3sjl3tj2q6jjdlhs8j70p2u98cvqhym20x9lmz,23.3135613
42ae08f782e3fbae5b5792066c0fbfe6cde1bc88aa8c1270eab1f30e4497bdb9,2024-09-15T16:52:52.297000+00:00,kaspa:qzglg3rl9k6fuc7capfp5zw3sjl3tj2q6jjdlhs8j70p2u98cvqhym20x9lmz,kaspa:pqc7jys30l5src6xnzw575lp0k0jy4qha03tughu7zq4yexe3a7c29tzm4n9n,25.99996835
42ae08f782e3fbae5b5792066c0fbfe6cde1bc88aa8c1270eab1f30e4497bdb9,2024-09-15T16:52:52.297000+00:00,kaspa:qzglg3rl9k6fuc7capfp5zw3sjl3tj2q6jjdlhs8j70p2u98cvqhym20x9lmz,kaspa:qzglg3rl9k6fuc7capfp5zw3sjl3tj2q6jjdlhs8j70p2u98cvqhym20x9lmz,46.73793667
db8047ed5ef39560a75a7595301e4358ab160aacba2d806ce62899879136d37d,2024-09-15T16:52:20.614000+00:00,kaspa:pqc7jys30l5src6xnzw575lp0k0jy4qha03tughu7zq4yexe3a7c29tzm4n9n,kaspa:qzglg3rl9k6fuc7capfp5zw3sjl3tj2q6jjdlhs8j70p2u98cvqhym20x9lmz,22.36129804
8e4404c9167da1fac745fd9e07ef57135dd98e10bfb81206727177b151b32367,2024-09-15T16:52:16.116000+00:00,kaspa:qzglg3rl9k6fuc7capfp5zw3sjl3tj2q6jjdlhs8j70p2u98cvqhym20x9lmz,kaspa:pqc7jys30l5src6xnzw575lp0k0jy4qha03tughu7zq4yexe3a7c29tzm4n9n,25.99995717
8e4404c9167da1fac745fd9e07ef57135dd98e10bfb81206727177b151b32367,2024-09-15T16:52:16.116000+00:00,kaspa:qzglg3rl9k6fuc7capfp5zw3sjl3tj2q6jjdlhs8j70p2u98cvqhym20x9lmz,kaspa:qzglg3rl9k6fuc7capfp5zw3sjl3tj2q6jjdlhs8j70p2u98cvqhym20x9lmz,18.68348925
10bb484cbbed6b7e7fad19a7d8a7097f7c92eaaf813731c0162f45f2521d5c7c,2024-09-15T16:50:45.198000+00:00,kaspa:pqc7jys30l5src6xnzw575lp0k0jy4qha03tughu7zq4yexe3a7c29tzm4n9n,kaspa:qzglg3rl9k6fuc7capfp5zw3sjl3tj2q6jjdlhs8j70p2u98cvqhym20x9lmz,23.27341054
e418b555aa3f398b5f4a061075ba2d999e4019f762033378a47013a7f7d1ffba,2024-09-15T16:50:36.465000+00:00,kaspa:qzglg3rl9k6fuc7capfp5zw3sjl3tj2q6jjdlhs8j70p2u98cvqhym20x9lmz,kaspa:pqc7jys30l5src6xnzw575lp0k0jy4qha03tughu7zq4yexe3a7c29tzm4n9n,25.99991402
e418b555aa3f398b5f4a061075ba2d999e4019f762033378a47013a7f7d1ffba,2024-09-15T16:50:36.465000+00:00,kaspa:qzglg3rl9k6fuc7capfp5zw3sjl3tj2q6jjdlhs8j70p2u98cvqhym20x9lmz,kaspa:qzglg3rl9k6fuc7capfp5zw3sjl3tj2q6jjdlhs8j70p2u98cvqhym20x9lmz,1.04246165
45160daa31b41f997107baef0f419389a3787bf1735de617219d437769ab34d3,2024-09-15T15:37:20.685000+00:00,kaspa:pqkwkp9mlvm7mgcsdvzjm4r5lyg3dgwt5r2gtc2c2amfd27eyutfzhe25epw8,kaspa:qzglg3rl9k6fuc7capfp5zw3sjl3tj2q6jjdlhs8j70p2u98cvqhym20x9lmz,24.00627619
ceb38aa9bd753b39eff85e4d5782cc27f4064ae6f5fd4241e9974d30a34bf1f7,2024-09-15T15:36:36.701000+00:00,kaspa:qzglg3rl9k6fuc7capfp5zw3sjl3tj2q6jjdlhs8j70p2u98cvqhym20x9lmz,kaspa:pqkwkp9mlvm7mgcsdvzjm4r5lyg3dgwt5r2gtc2c2amfd27eyutfzhe25epw8,25.99997953
ceb38aa9bd753b39eff85e4d5782cc27f4064ae6f5fd4241e9974d30a34bf1f7,2024-09-15T15:36:36.701000+00:00,kaspa:qzglg3rl9k6fuc7capfp5zw3sjl3tj2q6jjdlhs8j70p2u98cvqhym20x9lmz,kaspa:qzglg3rl9k6fuc7capfp5zw3sjl3tj2q6jjdlhs8j70p2u98cvqhym20x9lmz,56.74085447
f8eb12621cedf0964585a51c15d40386f0d2b34b9879d8aa67a8b2faca616a7d,2024-09-15T15:34:38.478000+00:00,kaspa:pqkwkp9mlvm7mgcsdvzjm4r5lyg3dgwt5r2gtc2c2amfd27eyutfzhe25epw8,kaspa:qzglg3rl9k6fuc7capfp5zw3sjl3tj2q6jjdlhs8j70p2u98cvqhym20x9lmz,22.91149078
337dc4d9f3a922c6dc3107e08a98d5c67121a5dbb2da047c4e2f4db912367bdc,2024-09-15T15:34:28.118000+00:00,kaspa:qzglg3rl9k6fuc7capfp5zw3sjl3tj2q6jjdlhs8j70p2u98cvqhym20x9lmz,kaspa:pqkwkp9mlvm7mgcsdvzjm4r5lyg3dgwt5r2gtc2c2amfd27eyutfzhe25epw8,25.99996835
337dc4d9f3a922c6dc3107e08a98d5c67121a5dbb2da047c4e2f4db912367bdc,2024-09-15T15:34:28.118000+00:00,kaspa:qzglg3rl9k6fuc7capfp5zw3sjl3tj2q6jjdlhs8j70p2u98cvqhym20x9lmz,kaspa:qzglg3rl9k6fuc7capfp5zw3sjl3tj2q6jjdlhs8j70p2u98cvqhym20x9lmz,6.85747435
ce3435c20afadd93ebab60a4d57d72668dca0fbaedc5b5245e0267e83524c66b,2024-09-15T15:18:30.373000+00:00,kaspa:pqkwkp9mlvm7mgcsdvzjm4r5lyg3dgwt5r2gtc2c2amfd27eyutfzhe25epw8,kaspa:qzglg3rl9k6fuc7capfp5zw3sjl3tj2q6jjdlhs8j70p2u98cvqhym20x9lmz,22.93513078
482cb7c97ab7481ab91cf5b711ec560ac63b53b8dde7c5938458c2fb44255d04,2024-09-15T15:18:25.924000+00:00,kaspa:qzglg3rl9k6fuc7capfp5zw3sjl3tj2q6jjdlhs8j70p2u98cvqhym20x9lmz,kaspa:pqkwkp9mlvm7mgcsdvzjm4r5lyg3dgwt5r2gtc2c2amfd27eyutfzhe25epw8,25.99996835
482cb7c97ab7481ab91cf5b711ec560ac63b53b8dde7c5938458c2fb44255d04,2024-09-15T15:18:25.924000+00:00,kaspa:qzglg3rl9k6fuc7capfp5zw3sjl3tj2q6jjdlhs8j70p2u98cvqhym20x9lmz,kaspa:qzglg3rl9k6fuc7capfp5zw3sjl3tj2q6jjdlhs8j70p2u98cvqhym20x9lmz,13.01082114
e45dd8edf1887d02903171a3cc44cc9eddcd45b4f0f45eef52fa66a978ef29da,2024-09-15T15:16:55.518000+00:00,kaspa:pqc7jys30l5src6xnzw575lp0k0jy4qha03tughu7zq4yexe3a7c29tzm4n9n,kaspa:qzglg3rl9k6fuc7capfp5zw3sjl3tj2q6jjdlhs8j70p2u98cvqhym20x9lmz,23.09653329
af3a5371ae534b6828cafd815db17ee469cd22a2e2f36e542298d5a375fb1629,2024-09-15T15:16:37.640000+00:00,kaspa:qzglg3rl9k6fuc7capfp5zw3sjl3tj2q6jjdlhs8j70p2u98cvqhym20x9lmz,kaspa:pqc7jys30l5src6xnzw575lp0k0jy4qha03tughu7zq4yexe3a7c29tzm4n9n,25.99996835
af3a5371ae534b6828cafd815db17ee469cd22a2e2f36e542298d5a375fb1629,2024-09-15T15:16:37.640000+00:00,kaspa:qzglg3rl9k6fuc7capfp5zw3sjl3tj2q6jjdlhs8j70p2u98cvqhym20x9lmz,kaspa:qzglg3rl9k6fuc7capfp5zw3sjl3tj2q6jjdlhs8j70p2u98cvqhym20x9lmz,18.97912542
fd9522aed31f18229b6a80e66e93fd05bb5e52168a8fc0bbf101babb4f6780fe,2024-09-15T15:08:50.621000+00:00,kaspa:pqc7jys30l5src6xnzw575lp0k0jy4qha03tughu7zq4yexe3a7c29tzm4n9n,kaspa:qzglg3rl9k6fuc7capfp5zw3sjl3tj2q6jjdlhs8j70p2u98cvqhym20x9lmz,24.13908846
0e1c745d03724e44ac410f5ffb2b259204cb8914ba340e270387a350f46cc529,2024-09-15T15:08:37.730000+00:00,kaspa:qzglg3rl9k6fuc7capfp5zw3sjl3tj2q6jjdlhs8j70p2u98cvqhym20x9lmz,kaspa:pqc7jys30l5src6xnzw575lp0k0jy4qha03tughu7zq4yexe3a7c29tzm4n9n,25.99997953
0e1c745d03724e44ac410f5ffb2b259204cb8914ba340e270387a350f46cc529,2024-09-15T15:08:37.730000+00:00,kaspa:qzglg3rl9k6fuc7capfp5zw3sjl3tj2q6jjdlhs8j70p2u98cvqhym20x9lmz,kaspa:qzglg3rl9k6fuc7capfp5zw3sjl3tj2q6jjdlhs8j70p2u98cvqhym20x9lmz,84.73455781
5a2f88cdd9b65ee1d742d2121cfdc4dfbcc774ed0f12774eacff1133216361a6,2024-09-15T15:07:26.546000+00:00,kaspa:pqc7jys30l5src6xnzw575lp0k0jy4qha03tughu7zq4yexe3a7c29tzm4n9n,kaspa:qzglg3rl9k6fuc7capfp5zw3sjl3tj2q6jjdlhs8j70p2u98cvqhym20x9lmz,23.74347202
209c5f53d6d2f384b17eba531b6f6e5b212232806f5072f9be59d6e2a4538d8b,2024-09-15T15:07:19.776000+00:00,kaspa:qzglg3rl9k6fuc7capfp5zw3sjl3tj2q6jjdlhs8j70p2u98cvqhym20x9lmz,kaspa:pqc7jys30l5src6xnzw575lp0k0jy4qha03tughu7zq4yexe3a7c29tzm4n9n,25.99996835
209c5f53d6d2f384b17eba531b6f6e5b212232806f5072f9be59d6e2a4538d8b,2024-09-15T15:07:19.776000+00:00,kaspa:qzglg3rl9k6fuc7capfp5zw3sjl3tj2q6jjdlhs8j70p2u98cvqhym20x9lmz,kaspa:qzglg3rl9k6fuc7capfp5zw3sjl3tj2q6jjdlhs8j70p2u98cvqhym20x9lmz,112.59544888
3b66a9e999aa9ce50bb7cdb05aab6145e72c64aef7b8b3fd68cfef7919ad077b,2024-09-15T15:01:41.982000+00:00,kaspa:pqc7jys30l5src6xnzw575lp0k0jy4qha03tughu7zq4yexe3a7c29tzm4n9n,kaspa:qzglg3rl9k6fuc7capfp5zw3sjl3tj2q6jjdlhs8j70p2u98cvqhym20x9lmz,14.64692341
ac77ccf6398ee97a52bc02832f07fbe485cb92af520a37919e6cb171d3a6b96e,2024-09-15T15:01:34.230000+00:00,kaspa:qzglg3rl9k6fuc7capfp5zw3sjl3tj2q6jjdlhs8j70p2u98cvqhym20x9lmz,kaspa:pqc7jys30l5src6xnzw575lp0k0jy4qha03tughu7zq4yexe3a7c29tzm4n9n,26.15313236
ac77ccf6398ee97a52bc02832f07fbe485cb92af520a37919e6cb171d3a6b96e,2024-09-15T15:01:34.230000+00:00,kaspa:qzglg3rl9k6fuc7capfp5zw3sjl3tj2q6jjdlhs8j70p2u98cvqhym20x9lmz,kaspa:qzglg3rl9k6fuc7capfp5zw3sjl3tj2q6jjdlhs8j70p2u98cvqhym20x9lmz,126.2050218
ea1ce37ca87f11ad58184ac08745f3444b697a2b84e2f054a7884492241c2499,2024-09-15T15:00:42.408000+00:00,kaspa:pqc7jys30l5src6xnzw575lp0k0jy4qha03tughu7zq4yexe3a7c29tzm4n9n,kaspa:qzglg3rl9k6fuc7capfp5zw3sjl3tj2q6jjdlhs8j70p2u98cvqhym20x9lmz,24.22734856
5436d01b91d6370074447519d3bc1ae04b563bcfc4934f5bc82cea06537f5ea5,2024-09-15T15:00:33.019000+00:00,kaspa:qzglg3rl9k6fuc7capfp5zw3sjl3tj2q6jjdlhs8j70p2u98cvqhym20x9lmz,kaspa:pqc7jys30l5src6xnzw575lp0k0jy4qha03tughu7zq4yexe3a7c29tzm4n9n,25.99993452
5436d01b91d6370074447519d3bc1ae04b563bcfc4934f5bc82cea06537f5ea5,2024-09-15T15:00:33.019000+00:00,kaspa:qzglg3rl9k6fuc7capfp5zw3sjl3tj2q6jjdlhs8j70p2u98cvqhym20x9lmz,kaspa:qzglg3rl9k6fuc7capfp5zw3sjl3tj2q6jjdlhs8j70p2u98cvqhym20x9lmz,1.32224256
23384ec8625b3e78343f4b723d360ae5ee5f23d41bf579edb41e56f264cce533,2024-09-15T14:55:29.719000+00:00,kaspa:pzmyy9ckkuces5nqcqlleprpec5yg5wm3hcts39f9f6dammec3edktc5044qe,kaspa:qzglg3rl9k6fuc7capfp5zw3sjl3tj2q6jjdlhs8j70p2u98cvqhym20x9lmz,24.19220914
c1ca3b561c8766d2812c7d1020a0adc9755a2dcb40a10e35536c87b4c9fd9eda,2024-09-15T14:55:12.545000+00:00,kaspa:qzglg3rl9k6fuc7capfp5zw3sjl3tj2q6jjdlhs8j70p2u98cvqhym20x9lmz,kaspa:pzmyy9ckkuces5nqcqlleprpec5yg5wm3hcts39f9f6dammec3edktc5044qe,25.99996835
c1ca3b561c8766d2812c7d1020a0adc9755a2dcb40a10e35536c87b4c9fd9eda,2024-09-15T14:55:12.545000+00:00,kaspa:qzglg3rl9k6fuc7capfp5zw3sjl3tj2q6jjdlhs8j70p2u98cvqhym20x9lmz,kaspa:qzglg3rl9k6fuc7capfp5zw3sjl3tj2q6jjdlhs8j70p2u98cvqhym20x9lmz,4.90261938
5dd453570ccd74644cef80e5e2cd036263f483ed218ce19962ef8f6c8125a481,2024-09-15T14:44:18.075000+00:00,kaspa:qzglg3rl9k6fuc7capfp5zw3sjl3tj2q6jjdlhs8j70p2u98cvqhym20x9lmz,kaspa:pzmyy9ckkuces5nqcqlleprpec5yg5wm3hcts39f9f6dammec3edktc5044qe,25.99996835
5dd453570ccd74644cef80e5e2cd036263f483ed218ce19962ef8f6c8125a481,2024-09-15T14:44:18.075000+00:00,kaspa:qzglg3rl9k6fuc7capfp5zw3sjl3tj2q6jjdlhs8j70p2u98cvqhym20x9lmz,kaspa:qzglg3rl9k6fuc7capfp5zw3sjl3tj2q6jjdlhs8j70p2u98cvqhym20x9lmz,8.52707626
d2cc9e021a323fc7ae8f5aa5c58cda029b8424bbd3a67ddba7bd942df7ab74a2,2024-09-15T14:43:43.123000+00:00,kaspa:pzmyy9ckkuces5nqcqlleprpec5yg5wm3hcts39f9f6dammec3edktc5044qe,kaspa:qzglg3rl9k6fuc7capfp5zw3sjl3tj2q6jjdlhs8j70p2u98cvqhym20x9lmz,24.18330233
eaa5585af708e71047d103c88e6b6d2c727057f08c32d3912d967b236e8b4401,2024-09-15T14:42:03.552000+00:00,kaspa:pqsea2qlnhzdhs207yfjlkvqpp4a2qlk6wl8ewn6wyhrffryqpwh2tqnc9vpk,kaspa:qzglg3rl9k6fuc7capfp5zw3sjl3tj2q6jjdlhs8j70p2u98cvqhym20x9lmz,24.23324854
6b23bc7b88d353dfe43ddb3549eb0984e65157f03309a65e30dab6af88129765,2024-09-15T14:42:00.027000+00:00,kaspa:qzglg3rl9k6fuc7capfp5zw3sjl3tj2q6jjdlhs8j70p2u98cvqhym20x9lmz,kaspa:pqsea2qlnhzdhs207yfjlkvqpp4a2qlk6wl8ewn6wyhrffryqpwh2tqnc9vpk,25.99996835
6b23bc7b88d353dfe43ddb3549eb0984e65157f03309a65e30dab6af88129765,2024-09-15T14:42:00.027000+00:00,kaspa:qzglg3rl9k6fuc7capfp5zw3sjl3tj2q6jjdlhs8j70p2u98cvqhym20x9lmz,kaspa:qzglg3rl9k6fuc7capfp5zw3sjl3tj2q6jjdlhs8j70p2u98cvqhym20x9lmz,12.11049374
f184294cf8407fc7e4ab5a2e597c038a57168285553f35394ac866c6dc1b6276,2024-09-15T14:05:32.685000+00:00,kaspa:pqsea2qlnhzdhs207yfjlkvqpp4a2qlk6wl8ewn6wyhrffryqpwh2tqnc9vpk,kaspa:qzglg3rl9k6fuc7capfp5zw3sjl3tj2q6jjdlhs8j70p2u98cvqhym20x9lmz,23.93276334
692729c39e37cb9e81256f2acf8c675ab014edf3caf611bbca0b5c0928f20894,2024-09-15T14:05:19.860000+00:00,kaspa:qzglg3rl9k6fuc7capfp5zw3sjl3tj2q6jjdlhs8j70p2u98cvqhym20x9lmz,kaspa:pqsea2qlnhzdhs207yfjlkvqpp4a2qlk6wl8ewn6wyhrffryqpwh2tqnc9vpk,25.99996835
692729c39e37cb9e81256f2acf8c675ab014edf3caf611bbca0b5c0928f20894,2024-09-15T14:05:19.860000+00:00,kaspa:qzglg3rl9k6fuc7capfp5zw3sjl3tj2q6jjdlhs8j70p2u98cvqhym20x9lmz,kaspa:qzglg3rl9k6fuc7capfp5zw3sjl3tj2q6jjdlhs8j70p2u98cvqhym20x9lmz,15.94445021
5891366159b4ade6f74c96baa3e09a1968fc66ccee03aeec73d0dc781ab196b6,2024-09-15T14:02:50.312000+00:00,kaspa:pptl3ywmmzchvkgx88c8km386wzrzha8pry0yukp98fajkclntjxuafzmt0v6,kaspa:qzglg3rl9k6fuc7capfp5zw3sjl3tj2q6jjdlhs8j70p2u98cvqhym20x9lmz,23.87298749
e018ec6c70630eb3a664caa693a0edf3fa3e1eb06c867d1f0d98a6924c9a3041,2024-09-15T14:02:44.769000+00:00,kaspa:qzglg3rl9k6fuc7capfp5zw3sjl3tj2q6jjdlhs8j70p2u98cvqhym20x9lmz,kaspa:pptl3ywmmzchvkgx88c8km386wzrzha8pry0yukp98fajkclntjxuafzmt0v6,25.99996835
e018ec6c70630eb3a664caa693a0edf3fa3e1eb06c867d1f0d98a6924c9a3041,2024-09-15T14:02:44.769000+00:00,kaspa:qzglg3rl9k6fuc7capfp5zw3sjl3tj2q6jjdlhs8j70p2u98cvqhym20x9lmz,kaspa:qzglg3rl9k6fuc7capfp5zw3sjl3tj2q6jjdlhs8j70p2u98cvqhym20x9lmz,20.13866773
2cd1826b3a3c532960364e609a92cb8e6c67a06108882bcc72679fca2807a096,2024-09-15T13:59:06.021000+00:00,kaspa:pzgjfyxm6ef8eh9myc3sgpezgfrmyaq32mpzxufhhhhwhsp0wg9sseyyap4a2,kaspa:qzglg3rl9k6fuc7capfp5zw3sjl3tj2q6jjdlhs8j70p2u98cvqhym20x9lmz,24.60343654
0b7b39e6399545e39eaaf370db58e92691b5355817f7d631646295c4a9edea03,2024-09-15T13:58:28.221000+00:00,kaspa:qzglg3rl9k6fuc7capfp5zw3sjl3tj2q6jjdlhs8j70p2u98cvqhym20x9lmz,kaspa:pzgjfyxm6ef8eh9myc3sgpezgfrmyaq32mpzxufhhhhwhsp0wg9sseyyap4a2,25.99997953
0b7b39e6399545e39eaaf370db58e92691b5355817f7d631646295c4a9edea03,2024-09-15T13:58:28.221000+00:00,kaspa:qzglg3rl9k6fuc7capfp5zw3sjl3tj2q6jjdlhs8j70p2u98cvqhym20x9lmz,kaspa:qzglg3rl9k6fuc7capfp5zw3sjl3tj2q6jjdlhs8j70p2u98cvqhym20x9lmz,138.16163963
5c1b988733c6cfc9423d57208514b36466ca4fb1a86d7e68213c0a586d6e3d35,2024-09-15T13:58:02.547000+00:00,kaspa:pzgjfyxm6ef8eh9myc3sgpezgfrmyaq32mpzxufhhhhwhsp0wg9sseyyap4a2,kaspa:qzglg3rl9k6fuc7capfp5zw3sjl3tj2q6jjdlhs8j70p2u98cvqhym20x9lmz,23.66221205
58aa6ea473f0ed8a05d34eb5874e9561962f4e62e5c02d9ff3088569cb2d09ca,2024-09-15T13:57:37.311000+00:00,kaspa:qzglg3rl9k6fuc7capfp5zw3sjl3tj2q6jjdlhs8j70p2u98cvqhym20x9lmz,kaspa:pzgjfyxm6ef8eh9myc3sgpezgfrmyaq32mpzxufhhhhwhsp0wg9sseyyap4a2,25.99996835
58aa6ea473f0ed8a05d34eb5874e9561962f4e62e5c02d9ff3088569cb2d09ca,2024-09-15T13:57:37.311000+00:00,kaspa:qzglg3rl9k6fuc7capfp5zw3sjl3tj2q6jjdlhs8j70p2u98cvqhym20x9lmz,kaspa:qzglg3rl9k6fuc7capfp5zw3sjl3tj2q6jjdlhs8j70p2u98cvqhym20x9lmz,165.55818262
6595f2edff60ae0ebce06b4ec9a75bfacb253a4536c3213a5f29e475ad6b708d,2024-09-15T13:56:35.296000+00:00,kaspa:pr9d42m7sg2njx2t2ssmavau27l9wpg0n60zg2pgkrjp69juva8l5jfa83tzf,kaspa:qzglg3rl9k6fuc7capfp5zw3sjl3tj2q6jjdlhs8j70p2u98cvqhym20x9lmz,23.52649974
714e35bd919673aca29df06775a30f55c79261f80ea8fba88156e3221ec3d786,2024-09-15T13:56:30.877000+00:00,kaspa:qzglg3rl9k6fuc7capfp5zw3sjl3tj2q6jjdlhs8j70p2u98cvqhym20x9lmz,kaspa:pr9d42m7sg2njx2t2ssmavau27l9wpg0n60zg2pgkrjp69juva8l5jfa83tzf,25.99996835
714e35bd919673aca29df06775a30f55c79261f80ea8fba88156e3221ec3d786,2024-09-15T13:56:30.877000+00:00,kaspa:qzglg3rl9k6fuc7capfp5zw3sjl3tj2q6jjdlhs8j70p2u98cvqhym20x9lmz,kaspa:qzglg3rl9k6fuc7capfp5zw3sjl3tj2q6jjdlhs8j70p2u98cvqhym20x9lmz,170.36943918
3e36995e80f6c5805a7e2d8cfb1275c2cc272b76cf83c755cc6e058f18c98257,2024-09-15T13:54:46.534000+00:00,kaspa:pr9d42m7sg2njx2t2ssmavau27l9wpg0n60zg2pgkrjp69juva8l5jfa83tzf,kaspa:qzglg3rl9k6fuc7capfp5zw3sjl3tj2q6jjdlhs8j70p2u98cvqhym20x9lmz,23.72521875
2072b2bfff37528bb8f21d7fce1174ad3abe96dfbffcf40c5a85883dde0c5ce0,2024-09-15T13:54:40.553000+00:00,kaspa:qzglg3rl9k6fuc7capfp5zw3sjl3tj2q6jjdlhs8j70p2u98cvqhym20x9lmz,kaspa:pr9d42m7sg2njx2t2ssmavau27l9wpg0n60zg2pgkrjp69juva8l5jfa83tzf,25.99996835
2072b2bfff37528bb8f21d7fce1174ad3abe96dfbffcf40c5a85883dde0c5ce0,2024-09-15T13:54:40.553000+00:00,kaspa:qzglg3rl9k6fuc7capfp5zw3sjl3tj2q6jjdlhs8j70p2u98cvqhym20x9lmz,kaspa:qzglg3rl9k6fuc7capfp5zw3sjl3tj2q6jjdlhs8j70p2u98cvqhym20x9lmz,175.11768904
e3e4ad7e57458cadaf8b9355962624c5515134fe00363ac7a822e44a266d261b,2024-09-15T13:51:58.021000+00:00,kaspa:pptl3ywmmzchvkgx88c8km386wzrzha8pry0yukp98fajkclntjxuafzmt0v6,kaspa:qzglg3rl9k6fuc7capfp5zw3sjl3tj2q6jjdlhs8j70p2u98cvqhym20x9lmz,23.30806339
6ae14cf97adcfb4abcccc43d9eafcb57256bc2e8388a99709096804bdbaa21ab,2024-09-15T13:51:51.882000+00:00,kaspa:qzglg3rl9k6fuc7capfp5zw3sjl3tj2q6jjdlhs8j70p2u98cvqhym20x9lmz,kaspa:pptl3ywmmzchvkgx88c8km386wzrzha8pry0yukp98fajkclntjxuafzmt0v6,25.99996835
6ae14cf97adcfb4abcccc43d9eafcb57256bc2e8388a99709096804bdbaa21ab,2024-09-15T13:51:51.882000+00:00,kaspa:qzglg3rl9k6fuc7capfp5zw3sjl3tj2q6jjdlhs8j70p2u98cvqhym20x9lmz,kaspa:qzglg3rl9k6fuc7capfp5zw3sjl3tj2q6jjdlhs8j70p2u98cvqhym20x9lmz,180.08437525
8f6c8c57dfa7c4540e01d7045229d485df244a29f63fe44d564ee6a09235b661,2024-09-15T13:50:54.488000+00:00,kaspa:pqamm0sudqga8zpfkmkhqah6u0mtxewezf9dtkymfcg7q85wumu36jj2d2ept,kaspa:qzglg3rl9k6fuc7capfp5zw3sjl3tj2q6jjdlhs8j70p2u98cvqhym20x9lmz,23.56345704
abe06d7e43b8a0f8100ff2f5fb92fd76526c289487c97f0dc1c3c283eaede127,2024-09-15T13:50:49.219000+00:00,kaspa:qzglg3rl9k6fuc7capfp5zw3sjl3tj2q6jjdlhs8j70p2u98cvqhym20x9lmz,kaspa:pqamm0sudqga8zpfkmkhqah6u0mtxewezf9dtkymfcg7q85wumu36jj2d2ept,25.99996835
abe06d7e43b8a0f8100ff2f5fb92fd76526c289487c97f0dc1c3c283eaede127,2024-09-15T13:50:49.219000+00:00,kaspa:qzglg3rl9k6fuc7capfp5zw3sjl3tj2q6jjdlhs8j70p2u98cvqhym20x9lmz,kaspa:qzglg3rl9k6fuc7capfp5zw3sjl3tj2q6jjdlhs8j70p2u98cvqhym20x9lmz,185.21282317
597d9e9d0dd4892610fc022bf76ded0851e3cc37e82f6df273d72a40267e9bfa,2024-09-15T13:14:25.154000+00:00,kaspa:pqg4dhs4qw2d38q54m52puca6d92h9s7qp3yc0s9pa08drxnn5795qytsw2ny,kaspa:qzglg3rl9k6fuc7capfp5zw3sjl3tj2q6jjdlhs8j70p2u98cvqhym20x9lmz,22.7375223
8c56bcab4aa0c3229136f99f17594cfb923ba07570fe66e4bfbb466ea1572695,2024-09-15T13:14:04.902000+00:00,kaspa:qzglg3rl9k6fuc7capfp5zw3sjl3tj2q6jjdlhs8j70p2u98cvqhym20x9lmz,kaspa:pqg4dhs4qw2d38q54m52puca6d92h9s7qp3yc0s9pa08drxnn5795qytsw2ny,25.99996835
8c56bcab4aa0c3229136f99f17594cfb923ba07570fe66e4bfbb466ea1572695,2024-09-15T13:14:04.902000+00:00,kaspa:qzglg3rl9k6fuc7capfp5zw3sjl3tj2q6jjdlhs8j70p2u98cvqhym20x9lmz,kaspa:qzglg3rl9k6fuc7capfp5zw3sjl3tj2q6jjdlhs8j70p2u98cvqhym20x9lmz,190.91181218
239f4473fa50fd78f917c835ed02576fd4f31c5e7984faf9e6d57dc441f8eba1,2024-09-15T13:11:04.833000+00:00,kaspa:pqc7jys30l5src6xnzw575lp0k0jy4qha03tughu7zq4yexe3a7c29tzm4n9n,kaspa:qzglg3rl9k6fuc7capfp5zw3sjl3tj2q6jjdlhs8j70p2u98cvqhym20x9lmz,22.21164089
1d368071046606f3dcf99b27d1d04a403e0ad33699ca66ae1a917ddd6357d03e,2024-09-15T13:11:00.417000+00:00,kaspa:qzglg3rl9k6fuc7capfp5zw3sjl3tj2q6jjdlhs8j70p2u98cvqhym20x9lmz,kaspa:pqc7jys30l5src6xnzw575lp0k0jy4qha03tughu7zq4yexe3a7c29tzm4n9n,25.99996835
1d368071046606f3dcf99b27d1d04a403e0ad33699ca66ae1a917ddd6357d03e,2024-09-15T13:11:00.417000+00:00,kaspa:qzglg3rl9k6fuc7capfp5zw3sjl3tj2q6jjdlhs8j70p2u98cvqhym20x9lmz,kaspa:qzglg3rl9k6fuc7capfp5zw3sjl3tj2q6jjdlhs8j70p2u98cvqhym20x9lmz,197.96261734
de4782a10e2bb78cf74c8eb7d21ae7a305e57d9a389a4e31d7810250f3eec82a,2024-09-15T13:10:45.793000+00:00,kaspa:pqc7jys30l5src6xnzw575lp0k0jy4qha03tughu7zq4yexe3a7c29tzm4n9n,kaspa:qzglg3rl9k6fuc7capfp5zw3sjl3tj2q6jjdlhs8j70p2u98cvqhym20x9lmz,22.60174069
afe023905c7a4d420e5219e104eb5eee30666810fee1992a712449b067cc76d3,2024-09-15T13:10:29.666000+00:00,kaspa:qzglg3rl9k6fuc7capfp5zw3sjl3tj2q6jjdlhs8j70p2u98cvqhym20x9lmz,kaspa:pqc7jys30l5src6xnzw575lp0k0jy4qha03tughu7zq4yexe3a7c29tzm4n9n,25.99996835
afe023905c7a4d420e5219e104eb5eee30666810fee1992a712449b067cc76d3,2024-09-15T13:10:29.666000+00:00,kaspa:qzglg3rl9k6fuc7capfp5zw3sjl3tj2q6jjdlhs8j70p2u98cvqhym20x9lmz,kaspa:qzglg3rl9k6fuc7capfp5zw3sjl3tj2q6jjdlhs8j70p2u98cvqhym20x9lmz,205.14920411
11e4ec4ae3473d0179f4e9203cc944111603757e898e54aba5320df0a3aad944,2024-09-15T13:04:20.397000+00:00,kaspa:pzgjfyxm6ef8eh9myc3sgpezgfrmyaq32mpzxufhhhhwhsp0wg9sseyyap4a2,kaspa:qzglg3rl9k6fuc7capfp5zw3sjl3tj2q6jjdlhs8j70p2u98cvqhym20x9lmz,22.7693837
a4487adc9a76737479397478aabb117e6e4cb010a3e0c96ffbecee64545d9473,2024-09-15T13:04:02.111000+00:00,kaspa:qzglg3rl9k6fuc7capfp5zw3sjl3tj2q6jjdlhs8j70p2u98cvqhym20x9lmz,kaspa:pzgjfyxm6ef8eh9myc3sgpezgfrmyaq32mpzxufhhhhwhsp0wg9sseyyap4a2,25.99996835
a4487adc9a76737479397478aabb117e6e4cb010a3e0c96ffbecee64545d9473,2024-09-15T13:04:02.111000+00:00,kaspa:qzglg3rl9k6fuc7capfp5zw3sjl3tj2q6jjdlhs8j70p2u98cvqhym20x9lmz,kaspa:qzglg3rl9k6fuc7capfp5zw3sjl3tj2q6jjdlhs8j70p2u98cvqhym20x9lmz,211.77804807
0b8b0ac172145b21af823cc60cb6e8aa66ce6b8a666da450fb834cf62c92ef7b,2024-09-15T13:00:16.100000+00:00,kaspa:pzgjfyxm6ef8eh9myc3sgpezgfrmyaq32mpzxufhhhhwhsp0wg9sseyyap4a2,kaspa:qzglg3rl9k6fuc7capfp5zw3sjl3tj2q6jjdlhs8j70p2u98cvqhym20x9lmz,23.42234535
0b8b0ac172145b21af823cc60cb6e8aa66ce6b8a666da450fb834cf62c92ef7b,2024-09-15T13:00:16.100000+00:00,kaspa:pzgjfyxm6ef8eh9myc3sgpezgfrmyaq32mpzxufhhhhwhsp0wg9sseyyap4a2,kaspa:qz6tfeuywmsxcuq00h0ww2ulnyyxcstcl9pzp3v39kdd0ptyzpa9q0p79srnq,3.0
ed83c8cbdba9a764712cf2b65260ee0e16b4610b2c80a0acf7961af4f25bf434,2024-09-15T12:58:58.259000+00:00,kaspa:qzglg3rl9k6fuc7capfp5zw3sjl3tj2q6jjdlhs8j70p2u98cvqhym20x9lmz,kaspa:pzgjfyxm6ef8eh9myc3sgpezgfrmyaq32mpzxufhhhhwhsp0wg9sseyyap4a2,28.99997953
ed83c8cbdba9a764712cf2b65260ee0e16b4610b2c80a0acf7961af4f25bf434,2024-09-15T12:58:58.259000+00:00,kaspa:qzglg3rl9k6fuc7capfp5zw3sjl3tj2q6jjdlhs8j70p2u98cvqhym20x9lmz,kaspa:qzglg3rl9k6fuc7capfp5zw3sjl3tj2q6jjdlhs8j70p2u98cvqhym20x9lmz,217.58628737
d92eb60d5e340e2f728410faad3be3d746effcaa6f7b79164d77a26d7b2bd5e0,2024-09-15T12:58:23.053000+00:00,kaspa:qzglg3rl9k6fuc7capfp5zw3sjl3tj2q6jjdlhs8j70p2u98cvqhym20x9lmz,kaspa:pzgjfyxm6ef8eh9myc3sgpezgfrmyaq32mpzxufhhhhwhsp0wg9sseyyap4a2,25.99996835
d92eb60d5e340e2f728410faad3be3d746effcaa6f7b79164d77a26d7b2bd5e0,2024-09-15T12:58:23.053000+00:00,kaspa:qzglg3rl9k6fuc7capfp5zw3sjl3tj2q6jjdlhs8j70p2u98cvqhym20x9lmz,kaspa:qzglg3rl9k6fuc7capfp5zw3sjl3tj2q6jjdlhs8j70p2u98cvqhym20x9lmz,249.16392155
e9b4b208be936dde1189288a0ccf399a6560322524c2fde06d7b7ef704db4546,2024-09-15T12:54:09.563000+00:00,kaspa:pzgjfyxm6ef8eh9myc3sgpezgfrmyaq32mpzxufhhhhwhsp0wg9sseyyap4a2,kaspa:qzglg3rl9k6fuc7capfp5zw3sjl3tj2q6jjdlhs8j70p2u98cvqhym20x9lmz,21.60341871
3b62092a6cd632b143d2d4713fd10adf45a5f629cc8ed9c46cb661df14871090,2024-09-15T12:53:54.245000+00:00,kaspa:qzglg3rl9k6fuc7capfp5zw3sjl3tj2q6jjdlhs8j70p2u98cvqhym20x9lmz,kaspa:pzgjfyxm6ef8eh9myc3sgpezgfrmyaq32mpzxufhhhhwhsp0wg9sseyyap4a2,25.99996835
3b62092a6cd632b143d2d4713fd10adf45a5f629cc8ed9c46cb661df14871090,2024-09-15T12:53:54.245000+00:00,kaspa:qzglg3rl9k6fuc7capfp5zw3sjl3tj2q6jjdlhs8j70p2u98cvqhym20x9lmz,kaspa:qzglg3rl9k6fuc7capfp5zw3sjl3tj2q6jjdlhs8j70p2u98cvqhym20x9lmz,257.69476517
99a188947823f7fa75124bdee6d990cd288603ad9779fde5e14dd6a64c50a812,2024-09-15T12:43:43.420000+00:00,kaspa:pqc7jys30l5src6xnzw575lp0k0jy4qha03tughu7zq4yexe3a7c29tzm4n9n,kaspa:qzglg3rl9k6fuc7capfp5zw3sjl3tj2q6jjdlhs8j70p2u98cvqhym20x9lmz,21.04191708
a28248cfba975a3c027085473af258bcafdb7a98c2672b03e18e8ed6cb1e84bb,2024-09-15T12:43:27.704000+00:00,kaspa:qzglg3rl9k6fuc7capfp5zw3sjl3tj2q6jjdlhs8j70p2u98cvqhym20x9lmz,kaspa:pqc7jys30l5src6xnzw575lp0k0jy4qha03tughu7zq4yexe3a7c29tzm4n9n,25.99996835
a28248cfba975a3c027085473af258bcafdb7a98c2672b03e18e8ed6cb1e84bb,2024-09-15T12:43:27.704000+00:00,kaspa:qzglg3rl9k6fuc7capfp5zw3sjl3tj2q6jjdlhs8j70p2u98cvqhym20x9lmz,kaspa:qzglg3rl9k6fuc7capfp5zw3sjl3tj2q6jjdlhs8j70p2u98cvqhym20x9lmz,267.04939773
a736122adebbb64bf0233e6ab2aa10e8b44ab42a75d594fffb001c351d03068f,2024-09-15T12:40:58.739000+00:00,kaspa:pzmyy9ckkuces5nqcqlleprpec5yg5wm3hcts39f9f6dammec3edktc5044qe,kaspa:qzglg3rl9k6fuc7capfp5zw3sjl3tj2q6jjdlhs8j70p2u98cvqhym20x9lmz,21.2916599
17e74a46672c268c1702a5e627faf154ec98bcb5aa5907bfd1dbf4503e16e4d7,2024-09-15T12:40:46.451000+00:00,kaspa:qzglg3rl9k6fuc7capfp5zw3sjl3tj2q6jjdlhs8j70p2u98cvqhym20x9lmz,kaspa:pzmyy9ckkuces5nqcqlleprpec5yg5wm3hcts39f9f6dammec3edktc5044qe,25.99996835
17e74a46672c268c1702a5e627faf154ec98bcb5aa5907bfd1dbf4503e16e4d7,2024-09-15T12:40:46.451000+00:00,kaspa:qzglg3rl9k6fuc7capfp5zw3sjl3tj2q6jjdlhs8j70p2u98cvqhym20x9lmz,kaspa:qzglg3rl9k6fuc7capfp5zw3sjl3tj2q6jjdlhs8j70p2u98cvqhym20x9lmz,276.7157891
ed6c4c9682bd94c73ad2c05d16a57322ccf469762d38ee62da2b38632da0ebb9,2024-09-15T12:38:10.100000+00:00,kaspa:pzmyy9ckkuces5nqcqlleprpec5yg5wm3hcts39f9f6dammec3edktc5044qe,kaspa:qzglg3rl9k6fuc7capfp5zw3sjl3tj2q6jjdlhs8j70p2u98cvqhym20x9lmz,20.71612239
5e3aa2365e05de2333531b316551c9c08472f1bbf76126a764177a2156d0a545,2024-09-15T12:37:44.416000+00:00,kaspa:qzglg3rl9k6fuc7capfp5zw3sjl3tj2q6jjdlhs8j70p2u98cvqhym20x9lmz,kaspa:pzmyy9ckkuces5nqcqlleprpec5yg5wm3hcts39f9f6dammec3edktc5044qe,25.99996835
5e3aa2365e05de2333531b316551c9c08472f1bbf76126a764177a2156d0a545,2024-09-15T12:37:44.416000+00:00,kaspa:qzglg3rl9k6fuc7capfp5zw3sjl3tj2q6jjdlhs8j70p2u98cvqhym20x9lmz,kaspa:qzglg3rl9k6fuc7capfp5zw3sjl3tj2q6jjdlhs8j70p2u98cvqhym20x9lmz,286.70797516
1c66a6788669f54a8851065207fed127eaab136675ffbf481be86d72317e4890,2024-09-15T12:36:48.602000+00:00,kaspa:pzmyy9ckkuces5nqcqlleprpec5yg5wm3hcts39f9f6dammec3edktc5044qe,kaspa:qzglg3rl9k6fuc7capfp5zw3sjl3tj2q6jjdlhs8j70p2u98cvqhym20x9lmz,20.3880129
721ef3c7124a3f0a246463e65d4195990adfb1392715978b7b9fdb36bfaf5d74,2024-09-15T12:36:19.296000+00:00,kaspa:qzglg3rl9k6fuc7capfp5zw3sjl3tj2q6jjdlhs8j70p2u98cvqhym20x9lmz,kaspa:pzmyy9ckkuces5nqcqlleprpec5yg5wm3hcts39f9f6dammec3edktc5044qe,25.99996835
721ef3c7124a3f0a246463e65d4195990adfb1392715978b7b9fdb36bfaf5d74,2024-09-15T12:36:19.296000+00:00,kaspa:qzglg3rl9k6fuc7capfp5zw3sjl3tj2q6jjdlhs8j70p2u98cvqhym20x9lmz,kaspa:qzglg3rl9k6fuc7capfp5zw3sjl3tj2q6jjdlhs8j70p2u98cvqhym20x9lmz,297.60380822
f5994c7b3ac34f2b4293c3280fd20732d08e6dd93ffbfc5c7717720515ba6c1f,2024-09-15T12:35:03.651000+00:00,kaspa:pzmyy9ckkuces5nqcqlleprpec5yg5wm3hcts39f9f6dammec3edktc5044qe,kaspa:qzglg3rl9k6fuc7capfp5zw3sjl3tj2q6jjdlhs8j70p2u98cvqhym20x9lmz,22.25339855
7636d906d232325d33f4f7d33c55c1f3b9da80358c9217e8f714a4eb9b384bf3,2024-09-15T12:34:42.751000+00:00,kaspa:qzglg3rl9k6fuc7capfp5zw3sjl3tj2q6jjdlhs8j70p2u98cvqhym20x9lmz,kaspa:pzmyy9ckkuces5nqcqlleprpec5yg5wm3hcts39f9f6dammec3edktc5044qe,25.99997953
7636d906d232325d33f4f7d33c55c1f3b9da80358c9217e8f714a4eb9b384bf3,2024-09-15T12:34:42.751000+00:00,kaspa:qzglg3rl9k6fuc7capfp5zw3sjl3tj2q6jjdlhs8j70p2u98cvqhym20x9lmz,kaspa:qzglg3rl9k6fuc7capfp5zw3sjl3tj2q6jjdlhs8j70p2u98cvqhym20x9lmz,306.96236512
55ccedea10b17dbb1d4b21589dd3f618e5b9be7985611c7bf73b788c0f7d0106,2024-09-15T12:32:16.746000+00:00,kaspa:qzglg3rl9k6fuc7capfp5zw3sjl3tj2q6jjdlhs8j70p2u98cvqhym20x9lmz,kaspa:pzmyy9ckkuces5nqcqlleprpec5yg5wm3hcts39f9f6dammec3edktc5044qe,25.99996835
55ccedea10b17dbb1d4b21589dd3f618e5b9be7985611c7bf73b788c0f7d0106,2024-09-15T12:32:16.746000+00:00,kaspa:qzglg3rl9k6fuc7capfp5zw3sjl3tj2q6jjdlhs8j70p2u98cvqhym20x9lmz,kaspa:qzglg3rl9k6fuc7capfp5zw3sjl3tj2q6jjdlhs8j70p2u98cvqhym20x9lmz,336.7089461
fe94344b716aa179a58d54a70e2235f730a553a5a9d256942eed5c5b1ac375c8,2024-09-15T12:28:59.067000+00:00,kaspa:pzmyy9ckkuces5nqcqlleprpec5yg5wm3hcts39f9f6dammec3edktc5044qe,kaspa:qzglg3rl9k6fuc7capfp5zw3sjl3tj2q6jjdlhs8j70p2u98cvqhym20x9lmz,22.19157957
bde89b8c2dbef81996a86b232df0997c0bfd7f5007de1eda988458cd29659d18,2024-09-15T12:28:55.353000+00:00,kaspa:qzglg3rl9k6fuc7capfp5zw3sjl3tj2q6jjdlhs8j70p2u98cvqhym20x9lmz,kaspa:pzmyy9ckkuces5nqcqlleprpec5yg5wm3hcts39f9f6dammec3edktc5044qe,25.99997953
bde89b8c2dbef81996a86b232df0997c0bfd7f5007de1eda988458cd29659d18,2024-09-15T12:28:55.353000+00:00,kaspa:qzglg3rl9k6fuc7capfp5zw3sjl3tj2q6jjdlhs8j70p2u98cvqhym20x9lmz,kaspa:qzglg3rl9k6fuc7capfp5zw3sjl3tj2q6jjdlhs8j70p2u98cvqhym20x9lmz,347.1913256
66524364800d3d301e30028eb4f34e61d9432e677951e565558717d7ef764c07,2024-09-15T04:24:18.694000+00:00,kaspa:qzglg3rl9k6fuc7capfp5zw3sjl3tj2q6jjdlhs8j70p2u98cvqhym20x9lmz,kaspa:qqv6zsxk0k9c2580zualugf2xm85rstffts3u4wd3madcexul9d9gw6ea92pw,350.0
66524364800d3d301e30028eb4f34e61d9432e677951e565558717d7ef764c07,2024-09-15T04:24:18.694000+00:00,kaspa:qzglg3rl9k6fuc7capfp5zw3sjl3tj2q6jjdlhs8j70p2u98cvqhym20x9lmz,kaspa:qzglg3rl9k6fuc7capfp5zw3sjl3tj2q6jjdlhs8j70p2u98cvqhym20x9lmz,376.99972556
4d55cbb116f93242ca44197393cdb0efc21a6254c69e3edf2396999a408e5133,2024-09-15T04:08:29.219000+00:00,kaspa:pzmyy9ckkuces5nqcqlleprpec5yg5wm3hcts39f9f6dammec3edktc5044qe,kaspa:qzglg3rl9k6fuc7capfp5zw3sjl3tj2q6jjdlhs8j70p2u98cvqhym20x9lmz,24.99997953
7bf61e7ca3ed5976316fb8df8a435ffebf1ac12788818a8eefc550335e7b07d1,2024-09-15T04:08:29.219000+00:00,kaspa:pzmyy9ckkuces5nqcqlleprpec5yg5wm3hcts39f9f6dammec3edktc5044qe,kaspa:qzglg3rl9k6fuc7capfp5zw3sjl3tj2q6jjdlhs8j70p2u98cvqhym20x9lmz,24.99996835
6f51750d5bd483c1a6821664e6ec0c548ddda1a765acf7a61d439b9339a78c8c,2024-09-15T04:08:25.685000+00:00,kaspa:qzglg3rl9k6fuc7capfp5zw3sjl3tj2q6jjdlhs8j70p2u98cvqhym20x9lmz,kaspa:pzmyy9ckkuces5nqcqlleprpec5yg5wm3hcts39f9f6dammec3edktc5044qe,25.99996835
6f51750d5bd483c1a6821664e6ec0c548ddda1a765acf7a61d439b9339a78c8c,2024-09-15T04:08:25.685000+00:00,kaspa:qzglg3rl9k6fuc7capfp5zw3sjl3tj2q6jjdlhs8j70p2u98cvqhym20x9lmz,kaspa:qzglg3rl9k6fuc7capfp5zw3sjl3tj2q6jjdlhs8j70p2u98cvqhym20x9lmz,676.9998204
b38ab947bef3d83db40d9367a1dd889c05144dfed5cc9f2a5237b03b539fd547,2024-09-15T04:08:22.214000+00:00,kaspa:pzmyy9ckkuces5nqcqlleprpec5yg5wm3hcts39f9f6dammec3edktc5044qe,kaspa:qzglg3rl9k6fuc7capfp5zw3sjl3tj2q6jjdlhs8j70p2u98cvqhym20x9lmz,24.99996835
8bfe504c2c67c6e8607412d4c34446fd812e583d2e664480a2e3942556e545c5,2024-09-15T04:08:17.502000+00:00,kaspa:qzglg3rl9k6fuc7capfp5zw3sjl3tj2q6jjdlhs8j70p2u98cvqhym20x9lmz,kaspa:pzmyy9ckkuces5nqcqlleprpec5yg5wm3hcts39f9f6dammec3edktc5044qe,25.99997953
8bfe504c2c67c6e8607412d4c34446fd812e583d2e664480a2e3942556e545c5,2024-09-15T04:08:17.502000+00:00,kaspa:qzglg3rl9k6fuc7capfp5zw3sjl3tj2q6jjdlhs8j70p2u98cvqhym20x9lmz,kaspa:qzglg3rl9k6fuc7capfp5zw3sjl3tj2q6jjdlhs8j70p2u98cvqhym20x9lmz,677.99985205
9622679ad04a456b2113ba3fb2dc44a0a79d9d2bec0b3c9bb5f05ea4c2c5e9f4,2024-09-15T04:07:59.748000+00:00,kaspa:qzglg3rl9k6fuc7capfp5zw3sjl3tj2q6jjdlhs8j70p2u98cvqhym20x9lmz,kaspa:pzmyy9ckkuces5nqcqlleprpec5yg5wm3hcts39f9f6dammec3edktc5044qe,25.99996835
9622679ad04a456b2113ba3fb2dc44a0a79d9d2bec0b3c9bb5f05ea4c2c5e9f4,2024-09-15T04:07:59.748000+00:00,kaspa:qzglg3rl9k6fuc7capfp5zw3sjl3tj2q6jjdlhs8j70p2u98cvqhym20x9lmz,kaspa:qzglg3rl9k6fuc7capfp5zw3sjl3tj2q6jjdlhs8j70p2u98cvqhym20x9lmz,703.99985205
0761906a6a634059ce03335840dad330a3b029c2c28c950a03b5855a79eefa98,2024-09-15T04:07:55.603000+00:00,kaspa:pzmyy9ckkuces5nqcqlleprpec5yg5wm3hcts39f9f6dammec3edktc5044qe,kaspa:qzglg3rl9k6fuc7capfp5zw3sjl3tj2q6jjdlhs8j70p2u98cvqhym20x9lmz,24.99996835
59afdb0c78539eb08f78c9438e8affae82748a0047d1d2e55e8799299f10b4f3,2024-09-15T04:07:52.038000+00:00,kaspa:qzglg3rl9k6fuc7capfp5zw3sjl3tj2q6jjdlhs8j70p2u98cvqhym20x9lmz,kaspa:pzmyy9ckkuces5nqcqlleprpec5yg5wm3hcts39f9f6dammec3edktc5044qe,25.99996835
59afdb0c78539eb08f78c9438e8affae82748a0047d1d2e55e8799299f10b4f3,2024-09-15T04:07:52.038000+00:00,kaspa:qzglg3rl9k6fuc7capfp5zw3sjl3tj2q6jjdlhs8j70p2u98cvqhym20x9lmz,kaspa:qzglg3rl9k6fuc7capfp5zw3sjl3tj2q6jjdlhs8j70p2u98cvqhym20x9lmz,704.9998837
16b6035598ec8c825a73941127a9925d7c37d57c7dd3c3ecec58ad19668fe299,2024-09-15T04:07:30.471000+00:00,kaspa:pzmyy9ckkuces5nqcqlleprpec5yg5wm3hcts39f9f6dammec3edktc5044qe,kaspa:qzglg3rl9k6fuc7capfp5zw3sjl3tj2q6jjdlhs8j70p2u98cvqhym20x9lmz,25.99996835
4bb5a16edd8f7872d667379b1fdf407d27d50a3d6b16fee3ca824c182b013009,2024-09-15T04:07:22.966000+00:00,kaspa:qzglg3rl9k6fuc7capfp5zw3sjl3tj2q6jjdlhs8j70p2u98cvqhym20x9lmz,kaspa:pzmyy9ckkuces5nqcqlleprpec5yg5wm3hcts39f9f6dammec3edktc5044qe,27.49993681
4bb5a16edd8f7872d667379b1fdf407d27d50a3d6b16fee3ca824c182b013009,2024-09-15T04:07:22.966000+00:00,kaspa:qzglg3rl9k6fuc7capfp5zw3sjl3tj2q6jjdlhs8j70p2u98cvqhym20x9lmz,kaspa:qzglg3rl9k6fuc7capfp5zw3sjl3tj2q6jjdlhs8j70p2u98cvqhym20x9lmz,704.99991535
9371017724a5eb01bb0f666e49a7044e0b38e15cefee5aa60e8111f2fa827bc3,2024-09-15T04:07:20.613000+00:00,kaspa:pzmyy9ckkuces5nqcqlleprpec5yg5wm3hcts39f9f6dammec3edktc5044qe,kaspa:qzglg3rl9k6fuc7capfp5zw3sjl3tj2q6jjdlhs8j70p2u98cvqhym20x9lmz,25.99996835
205fc7d4f37b1718286e1650bdde841676145f3bfabd8d635b24143f6c8a87f3,2024-09-15T04:07:16.567000+00:00,kaspa:qzglg3rl9k6fuc7capfp5zw3sjl3tj2q6jjdlhs8j70p2u98cvqhym20x9lmz,kaspa:pzmyy9ckkuces5nqcqlleprpec5yg5wm3hcts39f9f6dammec3edktc5044qe,27.49993681
205fc7d4f37b1718286e1650bdde841676145f3bfabd8d635b24143f6c8a87f3,2024-09-15T04:07:16.567000+00:00,kaspa:qzglg3rl9k6fuc7capfp5zw3sjl3tj2q6jjdlhs8j70p2u98cvqhym20x9lmz,kaspa:qzglg3rl9k6fuc7capfp5zw3sjl3tj2q6jjdlhs8j70p2u98cvqhym20x9lmz,706.49991546
1dd2bcf78ca5ee622f6572f98912120974d41908baa536731f61139832841b85,2024-09-15T03:51:06.401000+00:00,kaspa:pqc7jys30l5src6xnzw575lp0k0jy4qha03tughu7zq4yexe3a7c29tzm4n9n,kaspa:qzglg3rl9k6fuc7capfp5zw3sjl3tj2q6jjdlhs8j70p2u98cvqhym20x9lmz,25.99996835
a1836eb91ca94579ed458b6e10138d7b779475ea27dc7bf23c236072ddb08f7e,2024-09-15T03:51:01.073000+00:00,kaspa:qzglg3rl9k6fuc7capfp5zw3sjl3tj2q6jjdlhs8j70p2u98cvqhym20x9lmz,kaspa:pqc7jys30l5src6xnzw575lp0k0jy4qha03tughu7zq4yexe3a7c29tzm4n9n,27.49993681
a1836eb91ca94579ed458b6e10138d7b779475ea27dc7bf23c236072ddb08f7e,2024-09-15T03:51:01.073000+00:00,kaspa:qzglg3rl9k6fuc7capfp5zw3sjl3tj2q6jjdlhs8j70p2u98cvqhym20x9lmz,kaspa:qzglg3rl9k6fuc7capfp5zw3sjl3tj2q6jjdlhs8j70p2u98cvqhym20x9lmz,707.99991557
d964bdd6d98ad4f04d4dec479d8467c3ac49d62592e8737af8c79435eb7fcf63,2024-09-15T03:50:57.684000+00:00,kaspa:pqc7jys30l5src6xnzw575lp0k0jy4qha03tughu7zq4yexe3a7c29tzm4n9n,kaspa:qzglg3rl9k6fuc7capfp5zw3sjl3tj2q6jjdlhs8j70p2u98cvqhym20x9lmz,25.99996835
a3e71feac0e97781420f5dc93d9767e55f853093e8dfa7f0d169cf7f1f87a8fd,2024-09-15T03:50:52.998000+00:00,kaspa:qzglg3rl9k6fuc7capfp5zw3sjl3tj2q6jjdlhs8j70p2u98cvqhym20x9lmz,kaspa:pqc7jys30l5src6xnzw575lp0k0jy4qha03tughu7zq4yexe3a7c29tzm4n9n,27.49993681
a3e71feac0e97781420f5dc93d9767e55f853093e8dfa7f0d169cf7f1f87a8fd,2024-09-15T03:50:52.998000+00:00,kaspa:qzglg3rl9k6fuc7capfp5zw3sjl3tj2q6jjdlhs8j70p2u98cvqhym20x9lmz,kaspa:qzglg3rl9k6fuc7capfp5zw3sjl3tj2q6jjdlhs8j70p2u98cvqhym20x9lmz,709.49991568
ce4ccb7f231ecec273b43101a5041c8f8478cf8fe1237afd768f3735486c39df,2024-09-15T03:50:10.351000+00:00,kaspa:prfyka0s23ehed9dlx8t0v25etp4v8zgww2letvj8c0my9z6cu09vv4klgp8u,kaspa:qzglg3rl9k6fuc7capfp5zw3sjl3tj2q6jjdlhs8j70p2u98cvqhym20x9lmz,25.99996835
88a7887166f31262ef5fdb8e26a6883773ebbab2f80537db3c601edd279b76d4,2024-09-15T03:50:05.734000+00:00,kaspa:qzglg3rl9k6fuc7capfp5zw3sjl3tj2q6jjdlhs8j70p2u98cvqhym20x9lmz,kaspa:prfyka0s23ehed9dlx8t0v25etp4v8zgww2letvj8c0my9z6cu09vv4klgp8u,27.49993681
88a7887166f31262ef5fdb8e26a6883773ebbab2f80537db3c601edd279b76d4,2024-09-15T03:50:05.734000+00:00,kaspa:qzglg3rl9k6fuc7capfp5zw3sjl3tj2q6jjdlhs8j70p2u98cvqhym20x9lmz,kaspa:qzglg3rl9k6fuc7capfp5zw3sjl3tj2q6jjdlhs8j70p2u98cvqhym20x9lmz,710.99991579
4c5f578da2d6ec90adc1e1a861a9b9723561cac2e4c1460e859d7ed94dea6ef2,2024-09-15T03:50:05.293000+00:00,kaspa:qzglg3rl9k6fuc7capfp5zw3sjl3tj2q6jjdlhs8j70p2u98cvqhym20x9lmz,kaspa:prfyka0s23ehed9dlx8t0v25etp4v8zgww2letvj8c0my9z6cu09vv4klgp8u,27.49993681
4c5f578da2d6ec90adc1e1a861a9b9723561cac2e4c1460e859d7ed94dea6ef2,2024-09-15T03:50:05.293000+00:00,kaspa:qzglg3rl9k6fuc7capfp5zw3sjl3tj2q6jjdlhs8j70p2u98cvqhym20x9lmz,kaspa:qzglg3rl9k6fuc7capfp5zw3sjl3tj2q6jjdlhs8j70p2u98cvqhym20x9lmz,712.4999159
ce5ddf4d1fa62e2a5b07bfeb248aad902f861117cb482e5e12e3f4dc9aaa01d2,2024-09-15T03:50:02.297000+00:00,kaspa:prfyka0s23ehed9dlx8t0v25etp4v8zgww2letvj8c0my9z6cu09vv4klgp8u,kaspa:qzglg3rl9k6fuc7capfp5zw3sjl3tj2q6jjdlhs8j70p2u98cvqhym20x9lmz,25.99996835
fca7df4cc5afc71da836caaceb79fe5cd4e06e9ec7956877801c1eed2e771590,2024-09-15T03:45:44.439000+00:00,kaspa:pzmyy9ckkuces5nqcqlleprpec5yg5wm3hcts39f9f6dammec3edktc5044qe,kaspa:qzglg3rl9k6fuc7capfp5zw3sjl3tj2q6jjdlhs8j70p2u98cvqhym20x9lmz,25.99996835
c900b5e2ff126fdb839af079ef730f74638f70cb504faebf7c312d0f2c4ccb5e,2024-09-15T03:45:40.693000+00:00,kaspa:qzglg3rl9k6fuc7capfp5zw3sjl3tj2q6jjdlhs8j70p2u98cvqhym20x9lmz,kaspa:pzmyy9ckkuces5nqcqlleprpec5yg5wm3hcts39f9f6dammec3edktc5044qe,27.49993681
c900b5e2ff126fdb839af079ef730f74638f70cb504faebf7c312d0f2c4ccb5e,2024-09-15T03:45:40.693000+00:00,kaspa:qzglg3rl9k6fuc7capfp5zw3sjl3tj2q6jjdlhs8j70p2u98cvqhym20x9lmz,kaspa:qzglg3rl9k6fuc7capfp5zw3sjl3tj2q6jjdlhs8j70p2u98cvqhym20x9lmz,713.99991601
99c9a4b8aa8db913ae1fb1770476466bdd34ed1745c98979b5b142398020260d,2024-09-15T03:45:35.822000+00:00,kaspa:pzmyy9ckkuces5nqcqlleprpec5yg5wm3hcts39f9f6dammec3edktc5044qe,kaspa:qzglg3rl9k6fuc7capfp5zw3sjl3tj2q6jjdlhs8j70p2u98cvqhym20x9lmz,25.99996835
ec7bc6e50625b1e1752550a2ae0d46f4d29ec1cccf718e015cbd77f96baf206a,2024-09-15T03:45:32.397000+00:00,kaspa:qzglg3rl9k6fuc7capfp5zw3sjl3tj2q6jjdlhs8j70p2u98cvqhym20x9lmz,kaspa:pzmyy9ckkuces5nqcqlleprpec5yg5wm3hcts39f9f6dammec3edktc5044qe,27.49993681
ec7bc6e50625b1e1752550a2ae0d46f4d29ec1cccf718e015cbd77f96baf206a,2024-09-15T03:45:32.397000+00:00,kaspa:qzglg3rl9k6fuc7capfp5zw3sjl3tj2q6jjdlhs8j70p2u98cvqhym20x9lmz,kaspa:qzglg3rl9k6fuc7capfp5zw3sjl3tj2q6jjdlhs8j70p2u98cvqhym20x9lmz,715.49991612
d0c141e57caafe7c8b90895ed556ae55ab5c20f648417da4733fd7dfe66847b7,2024-09-15T03:43:27.344000+00:00,kaspa:pzmyy9ckkuces5nqcqlleprpec5yg5wm3hcts39f9f6dammec3edktc5044qe,kaspa:qzglg3rl9k6fuc7capfp5zw3sjl3tj2q6jjdlhs8j70p2u98cvqhym20x9lmz,24.99996835
25054cd6e84530158a2f920267285a534a64149df5a50348ed666cd71d3e48f0,2024-09-15T03:43:23.685000+00:00,kaspa:qzglg3rl9k6fuc7capfp5zw3sjl3tj2q6jjdlhs8j70p2u98cvqhym20x9lmz,kaspa:pzmyy9ckkuces5nqcqlleprpec5yg5wm3hcts39f9f6dammec3edktc5044qe,25.99996835
25054cd6e84530158a2f920267285a534a64149df5a50348ed666cd71d3e48f0,2024-09-15T03:43:23.685000+00:00,kaspa:qzglg3rl9k6fuc7capfp5zw3sjl3tj2q6jjdlhs8j70p2u98cvqhym20x9lmz,kaspa:qzglg3rl9k6fuc7capfp5zw3sjl3tj2q6jjdlhs8j70p2u98cvqhym20x9lmz,717.99991623
c972cf72ec311341f9e901bdcea7c0fc9f72f8423140128a042a3f53cccb40e3,2024-09-15T03:43:18.711000+00:00,kaspa:pzmyy9ckkuces5nqcqlleprpec5yg5wm3hcts39f9f6dammec3edktc5044qe,kaspa:qzglg3rl9k6fuc7capfp5zw3sjl3tj2q6jjdlhs8j70p2u98cvqhym20x9lmz,24.99996835
589fa68e26a4921ec80509d00e3e46a63324406577955aca646b0776cb51506a,2024-09-15T03:43:14.780000+00:00,kaspa:qzglg3rl9k6fuc7capfp5zw3sjl3tj2q6jjdlhs8j70p2u98cvqhym20x9lmz,kaspa:pzmyy9ckkuces5nqcqlleprpec5yg5wm3hcts39f9f6dammec3edktc5044qe,25.99996835
589fa68e26a4921ec80509d00e3e46a63324406577955aca646b0776cb51506a,2024-09-15T03:43:14.780000+00:00,kaspa:qzglg3rl9k6fuc7capfp5zw3sjl3tj2q6jjdlhs8j70p2u98cvqhym20x9lmz,kaspa:qzglg3rl9k6fuc7capfp5zw3sjl3tj2q6jjdlhs8j70p2u98cvqhym20x9lmz,718.99994788
e01a81bafeab5cc6b02dfb6e9fb5696ae0393516d0fab3720f02461c86158591,2024-09-15T00:41:19.425000+00:00,kaspa:pzmyy9ckkuces5nqcqlleprpec5yg5wm3hcts39f9f6dammec3edktc5044qe,kaspa:qzglg3rl9k6fuc7capfp5zw3sjl3tj2q6jjdlhs8j70p2u98cvqhym20x9lmz,24.99996835
adab9fb0e2e7b178125d86f993345eb3798f128c8bb30b322711ad4c214bf297,2024-09-15T00:41:15.623000+00:00,kaspa:qzglg3rl9k6fuc7capfp5zw3sjl3tj2q6jjdlhs8j70p2u98cvqhym20x9lmz,kaspa:pzmyy9ckkuces5nqcqlleprpec5yg5wm3hcts39f9f6dammec3edktc5044qe,25.99996835
adab9fb0e2e7b178125d86f993345eb3798f128c8bb30b322711ad4c214bf297,2024-09-15T00:41:15.623000+00:00,kaspa:qzglg3rl9k6fuc7capfp5zw3sjl3tj2q6jjdlhs8j70p2u98cvqhym20x9lmz,kaspa:qzglg3rl9k6fuc7capfp5zw3sjl3tj2q6jjdlhs8j70p2u98cvqhym20x9lmz,719.99997953
41037e749e7b091e9be01f39b650f801c321f77da4301d95d80f83a21ce85fa2,2024-09-15T00:38:16.523000+00:00,kaspa:pqe8smd7yey4fw5xzeqkfn24ux58tmqnqkapdx3cvjt4dhjtu6ep6srdpkerj,kaspa:qzglg3rl9k6fuc7capfp5zw3sjl3tj2q6jjdlhs8j70p2u98cvqhym20x9lmz,24.99997953
41037e749e7b091e9be01f39b650f801c321f77da4301d95d80f83a21ce85fa2,2024-09-15T00:38:16.523000+00:00,kaspa:pqe8smd7yey4fw5xzeqkfn24ux58tmqnqkapdx3cvjt4dhjtu6ep6srdpkerj,kaspa:qz6tfeuywmsxcuq00h0ww2ulnyyxcstcl9pzp3v39kdd0ptyzpa9q0p79srnq,3.0
564686bcf7ee2df67059bd4ab7da3cdd08e5098f41442c1e40fcb141800264c3,2024-09-15T00:38:12.266000+00:00,kaspa:qzglg3rl9k6fuc7capfp5zw3sjl3tj2q6jjdlhs8j70p2u98cvqhym20x9lmz,kaspa:pqe8smd7yey4fw5xzeqkfn24ux58tmqnqkapdx3cvjt4dhjtu6ep6srdpkerj,28.99997953
564686bcf7ee2df67059bd4ab7da3cdd08e5098f41442c1e40fcb141800264c3,2024-09-15T00:38:12.266000+00:00,kaspa:qzglg3rl9k6fuc7capfp5zw3sjl3tj2q6jjdlhs8j70p2u98cvqhym20x9lmz,kaspa:qzglg3rl9k6fuc7capfp5zw3sjl3tj2q6jjdlhs8j70p2u98cvqhym20x9lmz,721.0
ac5390093665924941378a0f5c456edbf79b02bdd16d77827782a518b8e32a5b,2024-07-01T03:42:45.781000+00:00,kaspa:qpnp473u4k8pef9kwgsup2wkxhfxwh0pqmxwu56zafw67msmfw3g7fxnueev2,kaspa:qzglg3rl9k6fuc7capfp5zw3sjl3tj2q6jjdlhs8j70p2u98cvqhym20x9lmz,750.0
ac5390093665924941378a0f5c456edbf79b02bdd16d77827782a518b8e32a5b,2024-07-01T03:42:45.781000+00:00,kaspa:qpnp473u4k8pef9kwgsup2wkxhfxwh0pqmxwu56zafw67msmfw3g7fxnueev2,kaspa:qrcf7evm73g965jnk5prh3kyy8lmn5kej5zec76hh2uy8p4lxevukacpm2smc,216.08816934
