tx_id,timestamp,sender,recipient,amount_kas
a063547537ef82114cd81292ffae4d6c71150224b18b55a92ce73963186110cf,2025-08-27T21:20:30.635000+00:00,kaspa:precwph2y0qw8vs9fnw75l226rntfjkvtnau7zxw8y9k9q4ya5m9k9qhrrfqk,kaspa:qzkaphk6hvz860gvr4jdlfjn3q60umfw9vlq5mnhfqypjjw24qnm20s4wutc6,5.0
14b0958e2c350cf4559f5090db175e023b455637536b7a00d4229cf170f4e693,2025-08-27T21:20:29.129000+00:00,kaspa:qzkaphk6hvz860gvr4jdlfjn3q60umfw9vlq5mnhfqypjjw24qnm20s4wutc6,kaspa:precwph2y0qw8vs9fnw75l226rntfjkvtnau7zxw8y9k9q4ya5m9k9qhrrfqk,5.00003
14b0958e2c350cf4559f5090db175e023b455637536b7a00d4229cf170f4e693,2025-08-27T21:20:29.129000+00:00,kaspa:qzkaphk6hvz860gvr4jdlfjn3q60umfw9vlq5mnhfqypjjw24qnm20s4wutc6,kaspa:qzkaphk6hvz860gvr4jdlfjn3q60umfw9vlq5mnhfqypjjw24qnm20s4wutc6,40.26796947
4889160208406c6c8682f639ff47d2ba77b51393f6a3a3f8b9db6c62105ca882,2025-08-27T21:20:01.959000+00:00,kaspa:pp0zf086znlww6nmk875xhudcwhulkymqfg64wqv9g285utknklhymzx5tpnw,kaspa:qzkaphk6hvz860gvr4jdlfjn3q60umfw9vlq5mnhfqypjjw24qnm20s4wutc6,5.0
fb61a2c5f5cfba6201c6d7cbf5905fd4acac0c33534a11fdab281ec2b9e4e33a,2025-08-27T21:20:00.763000+00:00,kaspa:qzkaphk6hvz860gvr4jdlfjn3q60umfw9vlq5mnhfqypjjw24qnm20s4wutc6,kaspa:pp0zf086znlww6nmk875xhudcwhulkymqfg64wqv9g285utknklhymzx5tpnw,5.00003
fb61a2c5f5cfba6201c6d7cbf5905fd4acac0c33534a11fdab281ec2b9e4e33a,2025-08-27T21:20:00.763000+00:00,kaspa:qzkaphk6hvz860gvr4jdlfjn3q60umfw9vlq5mnhfqypjjw24qnm20s4wutc6,kaspa:qzkaphk6hvz860gvr4jdlfjn3q60umfw9vlq5mnhfqypjjw24qnm20s4wutc6,40.26804695
5364c3b12b22911cb544730d462dbd9ff526a390be0af7e8d818239567cdc328,2025-08-26T11:23:45.043000+00:00,kaspa:qzkaphk6hvz860gvr4jdlfjn3q60umfw9vlq5mnhfqypjjw24qnm20s4wutc6,kaspa:qypqq2ny33475vvzxnsxuwcpqlq9eexfp5k7zxgdyzqz8h4kspsfqfs3scv2rk2,3050.0
5364c3b12b22911cb544730d462dbd9ff526a390be0af7e8d818239567cdc328,2025-08-26T11:23:45.043000+00:00,kaspa:qzkaphk6hvz860gvr4jdlfjn3q60umfw9vlq5mnhfqypjjw24qnm20s4wutc6,kaspa:qzkaphk6hvz860gvr4jdlfjn3q60umfw9vlq5mnhfqypjjw24qnm20s4wutc6,45.26810766
27e3dfb1251fc930db0b17009d08e8996ec820e339710190c66d61d84be35656,2025-08-26T08:15:33.231000+00:00,kaspa:pzr4s9lvge0zpqmnuksvzvp97nl593q64j00ydf8kv2hxjsr0g65ut5q43d90,kaspa:qzkaphk6hvz860gvr4jdlfjn3q60umfw9vlq5mnhfqypjjw24qnm20s4wutc6,5.0
dce81b8f57ae76822f98d9383beb63a29e6ba452084745bc7bd8dee7552c5d29,2025-08-26T08:15:32.224000+00:00,kaspa:qzkaphk6hvz860gvr4jdlfjn3q60umfw9vlq5mnhfqypjjw24qnm20s4wutc6,kaspa:pzr4s9lvge0zpqmnuksvzvp97nl593q64j00ydf8kv2hxjsr0g65ut5q43d90,5.00003
dce81b8f57ae76822f98d9383beb63a29e6ba452084745bc7bd8dee7552c5d29,2025-08-26T08:15:32.224000+00:00,kaspa:qzkaphk6hvz860gvr4jdlfjn3q60umfw9vlq5mnhfqypjjw24qnm20s4wutc6,kaspa:qzkaphk6hvz860gvr4jdlfjn3q60umfw9vlq5mnhfqypjjw24qnm20s4wutc6,3090.26815497
32aeafd7f36ecea287d46ee278cbe98c900f1b2f3f031168c39de8490bea7f6a,2025-08-26T08:15:11.393000+00:00,kaspa:ppa3qy77u0ju4ugcz0ld4380stgn7dt682nd4vejkzfjcq9tntx7uc9uyv4g0,kaspa:qzkaphk6hvz860gvr4jdlfjn3q60umfw9vlq5mnhfqypjjw24qnm20s4wutc6,5.0
32d86503ec7f48d1fd1b271b42d4ee7f9a7868ea246ae27a5b68e209b58e1f0e,2025-08-26T08:15:10.304000+00:00,kaspa:qzkaphk6hvz860gvr4jdlfjn3q60umfw9vlq5mnhfqypjjw24qnm20s4wutc6,kaspa:ppa3qy77u0ju4ugcz0ld4380stgn7dt682nd4vejkzfjcq9tntx7uc9uyv4g0,5.00003
32d86503ec7f48d1fd1b271b42d4ee7f9a7868ea246ae27a5b68e209b58e1f0e,2025-08-26T08:15:10.304000+00:00,kaspa:qzkaphk6hvz860gvr4jdlfjn3q60umfw9vlq5mnhfqypjjw24qnm20s4wutc6,kaspa:qzkaphk6hvz860gvr4jdlfjn3q60umfw9vlq5mnhfqypjjw24qnm20s4wutc6,3090.26823245
61b744fa6e4d434238405894bb2e28695a9676feb3058800382dfcddad209d2a,2025-08-26T07:34:59.401000+00:00,kaspa:qzkaphk6hvz860gvr4jdlfjn3q60umfw9vlq5mnhfqypjjw24qnm20s4wutc6,kaspa:qzkaphk6hvz860gvr4jdlfjn3q60umfw9vlq5mnhfqypjjw24qnm20s4wutc6,3095.26829316
d8641438dd3ec9419450ede8a4fd3f08f1a37e77cc6f8164b5a9857e80c64b3c,2025-08-26T05:51:10.334000+00:00,kaspa:qq60e308ne2534ulnrz8hrqzkj72pua0y20xftyexs9r6xzg389zjzfn62z5x,kaspa:qzkaphk6hvz860gvr4jdlfjn3q60umfw9vlq5mnhfqypjjw24qnm20s4wutc6,332.5
9cbf8661633315926621b5c97cf39e7061948ad236f4fa9f4d5179a2add7ceb7,2025-08-26T05:04:04.135000+00:00,kaspa:qqlcsnsyjcjnveu8hfpuq77j76v4u8hu60veg8wwtq7nc95dsz585gwj4yhlw,kaspa:qzkaphk6hvz860gvr4jdlfjn3q60umfw9vlq5mnhfqypjjw24qnm20s4wutc6,313.5
a3993f36799292e9c19606a17558a2b32d66982df09a077148e20cb16e677182,2025-08-26T04:58:50.596000+00:00,kaspa:qrf27xtysfdpn68refu4de7zqustu4v7gq4sx7w53v4gp2g84gssg4cwg7jtr,kaspa:qzkaphk6hvz860gvr4jdlfjn3q60umfw9vlq5mnhfqypjjw24qnm20s4wutc6,308.75
264282b85eb3d1eca0c3fde288bafd4887612e3120a91e783fc851c918602aa9,2025-08-25T23:20:40.347000+00:00,kaspa:ppchnh2xj9wgcsatq54pzulchyw47ax6yr0u5zpwkf4xtfxuqsrukdv0p7uqk,kaspa:qzkaphk6hvz860gvr4jdlfjn3q60umfw9vlq5mnhfqypjjw24qnm20s4wutc6,5.0
3b52578080fd31180cd222c6b455d8cb9df3f535976f60e21d8349247f17e3d4,2025-08-25T23:20:38.154000+00:00,kaspa:qzkaphk6hvz860gvr4jdlfjn3q60umfw9vlq5mnhfqypjjw24qnm20s4wutc6,kaspa:ppchnh2xj9wgcsatq54pzulchyw47ax6yr0u5zpwkf4xtfxuqsrukdv0p7uqk,5.00003
3b52578080fd31180cd222c6b455d8cb9df3f535976f60e21d8349247f17e3d4,2025-08-25T23:20:38.154000+00:00,kaspa:qzkaphk6hvz860gvr4jdlfjn3q60umfw9vlq5mnhfqypjjw24qnm20s4wutc6,kaspa:qzkaphk6hvz860gvr4jdlfjn3q60umfw9vlq5mnhfqypjjw24qnm20s4wutc6,2135.5183846
c6960329d2f2020a13c5f9374e360777b4889a336fd88f4b0a854ca49e893086,2025-08-25T23:19:44.701000+00:00,kaspa:pphlnwmd35ep3m9ndlq9h532lsd76ypzcf3ck58g6pm6tu2tczhyqpdhm9rhc,kaspa:qzkaphk6hvz860gvr4jdlfjn3q60umfw9vlq5mnhfqypjjw24qnm20s4wutc6,5.0
33f643023ccdc5d43ea4905b85bc41b571a3f451dd3467b4ddd7c0bc08b3f0fe,2025-08-25T23:19:43.583000+00:00,kaspa:qzkaphk6hvz860gvr4jdlfjn3q60umfw9vlq5mnhfqypjjw24qnm20s4wutc6,kaspa:pphlnwmd35ep3m9ndlq9h532lsd76ypzcf3ck58g6pm6tu2tczhyqpdhm9rhc,5.00003
33f643023ccdc5d43ea4905b85bc41b571a3f451dd3467b4ddd7c0bc08b3f0fe,2025-08-25T23:19:43.583000+00:00,kaspa:qzkaphk6hvz860gvr4jdlfjn3q60umfw9vlq5mnhfqypjjw24qnm20s4wutc6,kaspa:qzkaphk6hvz860gvr4jdlfjn3q60umfw9vlq5mnhfqypjjw24qnm20s4wutc6,2135.51846208
0d7392d76bc61828de918de4bf2b2da17e48715faa77af4660c97cb9b1f04a08,2025-08-25T23:19:14.298000+00:00,kaspa:ppxpmegqg2qcla8t76de4wjy9weu4897jupeh32nt2s85gt29pdvg7y23whld,kaspa:qzkaphk6hvz860gvr4jdlfjn3q60umfw9vlq5mnhfqypjjw24qnm20s4wutc6,5.0
c8f174333a05b32d818e06f9beac86f13c437bfbb0a0ea940305f1cf53271e74,2025-08-25T23:19:13.073000+00:00,kaspa:qzkaphk6hvz860gvr4jdlfjn3q60umfw9vlq5mnhfqypjjw24qnm20s4wutc6,kaspa:ppxpmegqg2qcla8t76de4wjy9weu4897jupeh32nt2s85gt29pdvg7y23whld,5.00003
c8f174333a05b32d818e06f9beac86f13c437bfbb0a0ea940305f1cf53271e74,2025-08-25T23:19:13.073000+00:00,kaspa:qzkaphk6hvz860gvr4jdlfjn3q60umfw9vlq5mnhfqypjjw24qnm20s4wutc6,kaspa:qzkaphk6hvz860gvr4jdlfjn3q60umfw9vlq5mnhfqypjjw24qnm20s4wutc6,2135.51853956
e608f2432e57f99ef0ce4e8e3335bbce518760d40aefbeb504902ee783f865b8,2025-08-25T23:18:38.320000+00:00,kaspa:qzkaphk6hvz860gvr4jdlfjn3q60umfw9vlq5mnhfqypjjw24qnm20s4wutc6,kaspa:qzkaphk6hvz860gvr4jdlfjn3q60umfw9vlq5mnhfqypjjw24qnm20s4wutc6,2140.51860027
a5ac8a0c8d0fb6271a31d3203e0880968f088072acb0b5c883f611ef5c0bf838,2025-08-25T21:59:54.358000+00:00,kaspa:qqmq6cn0cjqq9hglk98mzlk2mr06x3wy9anhm30u92y6gedh4mqeckk54czm6,kaspa:qzkaphk6hvz860gvr4jdlfjn3q60umfw9vlq5mnhfqypjjw24qnm20s4wutc6,446.5
8ac990a93a838506dbc28eee5ad002eb93d2fd135c44d191958d486d3ce4f4ee,2025-08-25T21:54:23.448000+00:00,kaspa:qpmemdqp7racpyya29c0ya5g4mpx5ja5nqjqeknwcufyh94h37lng7fsf75g3,kaspa:qzkaphk6hvz860gvr4jdlfjn3q60umfw9vlq5mnhfqypjjw24qnm20s4wutc6,437.0
4cb20135358c4eda094556b1afdc64bba8f964c6998381217c51f921479b26e2,2025-08-25T21:08:15.975000+00:00,kaspa:ppp5m0hvn20flzf4x3aanadrdxcdwk0j0py4de8ulqwxjsf3a70tu0lkssrua,kaspa:qzkaphk6hvz860gvr4jdlfjn3q60umfw9vlq5mnhfqypjjw24qnm20s4wutc6,5.0
fe28327f66ee5f5330450db089f78584f1dd0ab7e140faf9b630be06abb5483f,2025-08-25T21:08:13.309000+00:00,kaspa:qzkaphk6hvz860gvr4jdlfjn3q60umfw9vlq5mnhfqypjjw24qnm20s4wutc6,kaspa:ppp5m0hvn20flzf4x3aanadrdxcdwk0j0py4de8ulqwxjsf3a70tu0lkssrua,5.00003
fe28327f66ee5f5330450db089f78584f1dd0ab7e140faf9b630be06abb5483f,2025-08-25T21:08:13.309000+00:00,kaspa:qzkaphk6hvz860gvr4jdlfjn3q60umfw9vlq5mnhfqypjjw24qnm20s4wutc6,kaspa:qzkaphk6hvz860gvr4jdlfjn3q60umfw9vlq5mnhfqypjjw24qnm20s4wutc6,1252.01867494
f9cbdbf3a3c72cd33a0da269d33a636ca8be81b47c5a7d4020646dcc2d5cbc3c,2025-08-25T21:07:30.507000+00:00,kaspa:prmvgj9rsmudmvkl80kpnep3ykh36qwxhcqch8xl96cdstlv9asdzawf3np29,kaspa:qzkaphk6hvz860gvr4jdlfjn3q60umfw9vlq5mnhfqypjjw24qnm20s4wutc6,5.0
511313348c26dac0775c20b39110c003be727e719de5ac87179905a59e109aa7,2025-08-25T21:07:28.843000+00:00,kaspa:qzkaphk6hvz860gvr4jdlfjn3q60umfw9vlq5mnhfqypjjw24qnm20s4wutc6,kaspa:prmvgj9rsmudmvkl80kpnep3ykh36qwxhcqch8xl96cdstlv9asdzawf3np29,5.00003
511313348c26dac0775c20b39110c003be727e719de5ac87179905a59e109aa7,2025-08-25T21:07:28.843000+00:00,kaspa:qzkaphk6hvz860gvr4jdlfjn3q60umfw9vlq5mnhfqypjjw24qnm20s4wutc6,kaspa:qzkaphk6hvz860gvr4jdlfjn3q60umfw9vlq5mnhfqypjjw24qnm20s4wutc6,1252.01875242
d6a5e02ec2bf8713b11996302060cc9fdaff020e10c39dc1217169252054644a,2025-08-25T19:06:23.179000+00:00,kaspa:qzkaphk6hvz860gvr4jdlfjn3q60umfw9vlq5mnhfqypjjw24qnm20s4wutc6,kaspa:qzkaphk6hvz860gvr4jdlfjn3q60umfw9vlq5mnhfqypjjw24qnm20s4wutc6,1257.01881313
328db4a5b64c0fedffc09e747b94610c1baee72c3cd94d94b4c73475d2a94f38,2025-08-25T17:05:03.543000+00:00,kaspa:qrwjct4la8mgpqxca6kwggy3mj5prjmymnf6ultk360s5zwmpwp87waad0hs9,kaspa:qzkaphk6hvz860gvr4jdlfjn3q60umfw9vlq5mnhfqypjjw24qnm20s4wutc6,418.0
daea8a5cf6374a824d500b7c02d67e958570d21603f832b8ae8520092d97aea8,2025-08-25T17:03:57.606000+00:00,kaspa:qrammtkqvxxjg0v4qevrzypz5dua83vz252uepku229gmvdp4afv644caq5ag,kaspa:qzkaphk6hvz860gvr4jdlfjn3q60umfw9vlq5mnhfqypjjw24qnm20s4wutc6,418.0
827ff8731eff194add3a9b80e2b448d01bab6ac64e10647c4060d821ab4a8d10,2025-08-25T17:03:31.622000+00:00,kaspa:qzhhwjpxx4erpshctkysczfaz7m92te5uzjgf96mwnx6wvmcs5vpg33x86f8p,kaspa:qzkaphk6hvz860gvr4jdlfjn3q60umfw9vlq5mnhfqypjjw24qnm20s4wutc6,418.0
f70641857f9efb5a93270273fce7893acbb246069e628111b38e532b5fc4e9ee,2025-08-24T12:54:51.294000+00:00,kaspa:qzkaphk6hvz860gvr4jdlfjn3q60umfw9vlq5mnhfqypjjw24qnm20s4wutc6,kaspa:qpflu9ljwgeape8tyyglde0sluh32k0227gffqcnhty3hal0lsjlz07lk6537,640.0
f70641857f9efb5a93270273fce7893acbb246069e628111b38e532b5fc4e9ee,2025-08-24T12:54:51.294000+00:00,kaspa:qzkaphk6hvz860gvr4jdlfjn3q60umfw9vlq5mnhfqypjjw24qnm20s4wutc6,kaspa:qzkaphk6hvz860gvr4jdlfjn3q60umfw9vlq5mnhfqypjjw24qnm20s4wutc6,3.0188878
b685ecf910bb887598e767b81558530ba2c2a371314d862c27148fd52305d96c,2025-08-24T12:52:59.694000+00:00,kaspa:qzkaphk6hvz860gvr4jdlfjn3q60umfw9vlq5mnhfqypjjw24qnm20s4wutc6,kaspa:qpflu9ljwgeape8tyyglde0sluh32k0227gffqcnhty3hal0lsjlz07lk6537,100.0
b685ecf910bb887598e767b81558530ba2c2a371314d862c27148fd52305d96c,2025-08-24T12:52:59.694000+00:00,kaspa:qzkaphk6hvz860gvr4jdlfjn3q60umfw9vlq5mnhfqypjjw24qnm20s4wutc6,kaspa:qzkaphk6hvz860gvr4jdlfjn3q60umfw9vlq5mnhfqypjjw24qnm20s4wutc6,643.01893748
7d45e65f866a5c5639d81a59148218895069e3cf9d8d6c349c02af797392737e,2025-08-24T11:33:25.732000+00:00,kaspa:qzkaphk6hvz860gvr4jdlfjn3q60umfw9vlq5mnhfqypjjw24qnm20s4wutc6,kaspa:qzkaphk6hvz860gvr4jdlfjn3q60umfw9vlq5mnhfqypjjw24qnm20s4wutc6,743.01896802
73bbc5a8480523c6a41093b1f9eb48b2d1d6a2673eba4f05c1a208c44c5eb44d,2025-08-24T02:39:07.954000+00:00,kaspa:qzuktpfdm6a806063nlg0m5tr9v98xes8nscxvcgq04mmdy9a4l2j8zqg450d,kaspa:qzkaphk6hvz860gvr4jdlfjn3q60umfw9vlq5mnhfqypjjw24qnm20s4wutc6,285.0
9d0d709f13aed9c5428f9380a0379694780133429b9d0b12a826279e405f0151,2025-08-23T23:43:17.317000+00:00,kaspa:pzjtyfd5jpxssjcj58t5jx88atvj3s8edr4zp78d3dng4sgxw9g0ch5whh6e4,kaspa:qzkaphk6hvz860gvr4jdlfjn3q60umfw9vlq5mnhfqypjjw24qnm20s4wutc6,5.0
6a31850c08470452176bb15e431921daba8a64fc4d88ad6aef7a9e76c05fe149,2025-08-23T23:43:15.661000+00:00,kaspa:qzkaphk6hvz860gvr4jdlfjn3q60umfw9vlq5mnhfqypjjw24qnm20s4wutc6,kaspa:pzjtyfd5jpxssjcj58t5jx88atvj3s8edr4zp78d3dng4sgxw9g0ch5whh6e4,5.00003
6a31850c08470452176bb15e431921daba8a64fc4d88ad6aef7a9e76c05fe149,2025-08-23T23:43:15.661000+00:00,kaspa:qzkaphk6hvz860gvr4jdlfjn3q60umfw9vlq5mnhfqypjjw24qnm20s4wutc6,kaspa:qzkaphk6hvz860gvr4jdlfjn3q60umfw9vlq5mnhfqypjjw24qnm20s4wutc6,453.01902592
ac0ccd050e68afd8af896f5ee42f39e23627795f3d02c7e4ee7d4ff6e040a9b9,2025-08-23T15:56:22.649000+00:00,kaspa:pze0yk8wewsm6jda7zr7ag5wrh0ufnufp4z8j8kungf84qxaz5u6x32yafmuq,kaspa:qzkaphk6hvz860gvr4jdlfjn3q60umfw9vlq5mnhfqypjjw24qnm20s4wutc6,5.0
cc1dff4f394ed8d6d2e310d89c5a9d0353f603d9f267c9d56c57c134e1f87642,2025-08-23T15:56:21.130000+00:00,kaspa:qzkaphk6hvz860gvr4jdlfjn3q60umfw9vlq5mnhfqypjjw24qnm20s4wutc6,kaspa:pze0yk8wewsm6jda7zr7ag5wrh0ufnufp4z8j8kungf84qxaz5u6x32yafmuq,5.00003
cc1dff4f394ed8d6d2e310d89c5a9d0353f603d9f267c9d56c57c134e1f87642,2025-08-23T15:56:21.130000+00:00,kaspa:qzkaphk6hvz860gvr4jdlfjn3q60umfw9vlq5mnhfqypjjw24qnm20s4wutc6,kaspa:qzkaphk6hvz860gvr4jdlfjn3q60umfw9vlq5mnhfqypjjw24qnm20s4wutc6,453.0191034
c832b1bd8026ace4df87e815c608bc415b3c3411a5554d273a644cfd4fbdd29c,2025-08-23T15:55:44.737000+00:00,kaspa:pqlkrjf4r7ll8gg8u2neuzgsqkdun4sza80ye92uepc3qd4qgh7yj0j25p97s,kaspa:qzkaphk6hvz860gvr4jdlfjn3q60umfw9vlq5mnhfqypjjw24qnm20s4wutc6,5.0
4e4ca4a67facd867e64ba64a7145a88af10487181373721b0876dd146320d7ce,2025-08-23T15:55:43.072000+00:00,kaspa:qzkaphk6hvz860gvr4jdlfjn3q60umfw9vlq5mnhfqypjjw24qnm20s4wutc6,kaspa:pqlkrjf4r7ll8gg8u2neuzgsqkdun4sza80ye92uepc3qd4qgh7yj0j25p97s,5.00003
4e4ca4a67facd867e64ba64a7145a88af10487181373721b0876dd146320d7ce,2025-08-23T15:55:43.072000+00:00,kaspa:qzkaphk6hvz860gvr4jdlfjn3q60umfw9vlq5mnhfqypjjw24qnm20s4wutc6,kaspa:qzkaphk6hvz860gvr4jdlfjn3q60umfw9vlq5mnhfqypjjw24qnm20s4wutc6,453.01918088
b76218910658f5d60b0b189071793fadfe6c79def0c1757bcd956168b0458657,2025-08-23T15:55:25.449000+00:00,kaspa:prfplhjqxv6kkz64mp5d2u0t0qh558jnn2sa2ff6eavrxk0srtyzkt6wmmf70,kaspa:qzkaphk6hvz860gvr4jdlfjn3q60umfw9vlq5mnhfqypjjw24qnm20s4wutc6,5.0
074dc29f2cb5ced81c014da6632ca922cda0773f6fbf52f230244f1877c67f02,2025-08-23T15:55:23.721000+00:00,kaspa:qzkaphk6hvz860gvr4jdlfjn3q60umfw9vlq5mnhfqypjjw24qnm20s4wutc6,kaspa:prfplhjqxv6kkz64mp5d2u0t0qh558jnn2sa2ff6eavrxk0srtyzkt6wmmf70,5.00003
074dc29f2cb5ced81c014da6632ca922cda0773f6fbf52f230244f1877c67f02,2025-08-23T15:55:23.721000+00:00,kaspa:qzkaphk6hvz860gvr4jdlfjn3q60umfw9vlq5mnhfqypjjw24qnm20s4wutc6,kaspa:qzkaphk6hvz860gvr4jdlfjn3q60umfw9vlq5mnhfqypjjw24qnm20s4wutc6,453.01925836
dde36552e7288205e4d517d110aadde80ceaca39f615c5b5708eb481b8958bca,2025-08-23T15:54:28.790000+00:00,kaspa:qzkaphk6hvz860gvr4jdlfjn3q60umfw9vlq5mnhfqypjjw24qnm20s4wutc6,kaspa:qzkaphk6hvz860gvr4jdlfjn3q60umfw9vlq5mnhfqypjjw24qnm20s4wutc6,458.01931907
6c718bc023f9284eab3ed5e3966a74bca37da2f38917e1a83b40da51c2c7fdf3,2025-08-23T15:47:44.188000+00:00,kaspa:qr3wps2rwtshmvqp9z3v80jk2mva25tx7vz5je320frehwq7t9jxydt3ymetx,kaspa:qzkaphk6hvz860gvr4jdlfjn3q60umfw9vlq5mnhfqypjjw24qnm20s4wutc6,427.5
77687d637d0edcfccbc66955dd2ce574b9a1dfe146017f8eba05ddcb84f16645,2025-08-23T15:42:00.859000+00:00,kaspa:prhnkxn26ddykqex5253lpl4mwsytnq9vtwgjemwy3t57v3l05nvcwlcjvpw5,kaspa:qzkaphk6hvz860gvr4jdlfjn3q60umfw9vlq5mnhfqypjjw24qnm20s4wutc6,5.0
97370cf712d9bd981b069eb4b8957e2dcbe3079c4a365ea3e51fb6922592090b,2025-08-23T15:42:00.071000+00:00,kaspa:qzkaphk6hvz860gvr4jdlfjn3q60umfw9vlq5mnhfqypjjw24qnm20s4wutc6,kaspa:prhnkxn26ddykqex5253lpl4mwsytnq9vtwgjemwy3t57v3l05nvcwlcjvpw5,5.00003
97370cf712d9bd981b069eb4b8957e2dcbe3079c4a365ea3e51fb6922592090b,2025-08-23T15:42:00.071000+00:00,kaspa:qzkaphk6hvz860gvr4jdlfjn3q60umfw9vlq5mnhfqypjjw24qnm20s4wutc6,kaspa:qzkaphk6hvz860gvr4jdlfjn3q60umfw9vlq5mnhfqypjjw24qnm20s4wutc6,25.51937697
e354c5138e9652ec328e209ff4d083664ffa7ca69c58e7a7eec7dc2121a218c7,2025-08-22T15:54:51.559000+00:00,kaspa:qzkaphk6hvz860gvr4jdlfjn3q60umfw9vlq5mnhfqypjjw24qnm20s4wutc6,kaspa:qpflu9ljwgeape8tyyglde0sluh32k0227gffqcnhty3hal0lsjlz07lk6537,600.0
e354c5138e9652ec328e209ff4d083664ffa7ca69c58e7a7eec7dc2121a218c7,2025-08-22T15:54:51.559000+00:00,kaspa:qzkaphk6hvz860gvr4jdlfjn3q60umfw9vlq5mnhfqypjjw24qnm20s4wutc6,kaspa:qzkaphk6hvz860gvr4jdlfjn3q60umfw9vlq5mnhfqypjjw24qnm20s4wutc6,30.51943792
e991a7fd12049c01ce2f1bdd8a8fc4b23535cef83b206ba24f036de49e40973a,2025-08-22T15:30:42.747000+00:00,kaspa:qr3rz9ammwjksseap3qymt5j44qj28mm30ew9edm03cgkmclhj96zue5c3glw,kaspa:qzkaphk6hvz860gvr4jdlfjn3q60umfw9vlq5mnhfqypjjw24qnm20s4wutc6,617.5
99621a59acbd007a6858a07f24f8c983731cb01f776d3fc89ea677e69889da4d,2025-08-22T14:21:15.215000+00:00,kaspa:qzkaphk6hvz860gvr4jdlfjn3q60umfw9vlq5mnhfqypjjw24qnm20s4wutc6,kaspa:qypqq2ny33475vvzxnsxuwcpqlq9eexfp5k7zxgdyzqz8h4kspsfqfs3scv2rk2,520.0
99621a59acbd007a6858a07f24f8c983731cb01f776d3fc89ea677e69889da4d,2025-08-22T14:21:15.215000+00:00,kaspa:qzkaphk6hvz860gvr4jdlfjn3q60umfw9vlq5mnhfqypjjw24qnm20s4wutc6,kaspa:qzkaphk6hvz860gvr4jdlfjn3q60umfw9vlq5mnhfqypjjw24qnm20s4wutc6,13.01948523
31d9d57398251bfaf928c3756a36767ee469d10b7466b704c766175133b1f114,2025-08-22T14:21:02.859000+00:00,kaspa:qzkaphk6hvz860gvr4jdlfjn3q60umfw9vlq5mnhfqypjjw24qnm20s4wutc6,kaspa:qzkaphk6hvz860gvr4jdlfjn3q60umfw9vlq5mnhfqypjjw24qnm20s4wutc6,533.01951577
f71d0778d9dff4a7e860dbe6c59a3e6f2aa188e7412d08ca95f1346a182a788d,2025-08-22T14:07:03.219000+00:00,kaspa:pzt773t2q5vdv6qm9sypp4lk0yjasfuj3f3qeau7u2my6xs5rucw7fcs6fxvh,kaspa:qzkaphk6hvz860gvr4jdlfjn3q60umfw9vlq5mnhfqypjjw24qnm20s4wutc6,5.0
09c24325cd0eec9274a096d9ce2032e56eb62dcb0cbd0c07df1fa0139db9cda0,2025-08-22T14:07:00.889000+00:00,kaspa:qzkaphk6hvz860gvr4jdlfjn3q60umfw9vlq5mnhfqypjjw24qnm20s4wutc6,kaspa:pzt773t2q5vdv6qm9sypp4lk0yjasfuj3f3qeau7u2my6xs5rucw7fcs6fxvh,5.00003
09c24325cd0eec9274a096d9ce2032e56eb62dcb0cbd0c07df1fa0139db9cda0,2025-08-22T14:07:00.889000+00:00,kaspa:qzkaphk6hvz860gvr4jdlfjn3q60umfw9vlq5mnhfqypjjw24qnm20s4wutc6,kaspa:qzkaphk6hvz860gvr4jdlfjn3q60umfw9vlq5mnhfqypjjw24qnm20s4wutc6,522.49992252
54235cf086abb0337178fc80aa5dc13f0a186e1b6d1b44b275b5a44fbe67cd30,2025-08-22T14:00:53.481000+00:00,kaspa:qz2r750zkp0n9rfwx3z6cqv0c8uju6y73zypc0cse8c0n97r9j7hg6cwe68ms,kaspa:qzkaphk6hvz860gvr4jdlfjn3q60umfw9vlq5mnhfqypjjw24qnm20s4wutc6,522.5
d87c5443f3607f91b398db5ad7dff22e0cea4008a2d487ae1b82739a0b897174,2025-08-22T13:56:12.578000+00:00,kaspa:pzp6uyv7vhfc807vdv3yx9f5rzesephddyf06uajzraxumxhn00ax4gzq39jp,kaspa:qzkaphk6hvz860gvr4jdlfjn3q60umfw9vlq5mnhfqypjjw24qnm20s4wutc6,5.0
8f99299dde419b61713e35da96dc688fa2e2379a58906e22b6b079e3be3a2b1c,2025-08-22T13:56:12.460000+00:00,kaspa:qzkaphk6hvz860gvr4jdlfjn3q60umfw9vlq5mnhfqypjjw24qnm20s4wutc6,kaspa:pzp6uyv7vhfc807vdv3yx9f5rzesephddyf06uajzraxumxhn00ax4gzq39jp,5.00003
8f99299dde419b61713e35da96dc688fa2e2379a58906e22b6b079e3be3a2b1c,2025-08-22T13:56:12.460000+00:00,kaspa:qzkaphk6hvz860gvr4jdlfjn3q60umfw9vlq5mnhfqypjjw24qnm20s4wutc6,kaspa:qzkaphk6hvz860gvr4jdlfjn3q60umfw9vlq5mnhfqypjjw24qnm20s4wutc6,5.51965115
51fe11e5ec807e1b81433461fb5d6739d769ca4bab8280b23ba09942c5ae50ec,2025-08-22T12:13:19.596000+00:00,kaspa:qzkaphk6hvz860gvr4jdlfjn3q60umfw9vlq5mnhfqypjjw24qnm20s4wutc6,kaspa:qypqq2ny33475vvzxnsxuwcpqlq9eexfp5k7zxgdyzqz8h4kspsfqfs3scv2rk2,684.0
51fe11e5ec807e1b81433461fb5d6739d769ca4bab8280b23ba09942c5ae50ec,2025-08-22T12:13:19.596000+00:00,kaspa:qzkaphk6hvz860gvr4jdlfjn3q60umfw9vlq5mnhfqypjjw24qnm20s4wutc6,kaspa:qzkaphk6hvz860gvr4jdlfjn3q60umfw9vlq5mnhfqypjjw24qnm20s4wutc6,10.51972405
97fc7874fa51e1c8bf6cbefcb28fba5474d8822c6e4aeb5b0a5e81666d904438,2025-08-22T07:37:46.696000+00:00,kaspa:qzkaphk6hvz860gvr4jdlfjn3q60umfw9vlq5mnhfqypjjw24qnm20s4wutc6,kaspa:qzkaphk6hvz860gvr4jdlfjn3q60umfw9vlq5mnhfqypjjw24qnm20s4wutc6,694.51975459
86a14c04a3cdcbf13a51d41fec4897faab8e8d111528ae9dd3f5a6cdc44d5717,2025-08-21T23:17:18.642000+00:00,kaspa:qq92tcmm882fktwnkynk6mrllrz3nctv2vhd7jtlr5m3p5s8wtlzxgnvntpnr,kaspa:qzkaphk6hvz860gvr4jdlfjn3q60umfw9vlq5mnhfqypjjw24qnm20s4wutc6,665.0
b94bbd378d2ed7a65f372e72706cb90d3b538febb0032d27a5bd95b5c4e2202f,2025-08-21T22:53:02.106000+00:00,kaspa:pqvh226mjtxvw2l4cshasm8g7pwnpxp49utew6xhch824hh99v6dwtxnwk4r2,kaspa:qzkaphk6hvz860gvr4jdlfjn3q60umfw9vlq5mnhfqypjjw24qnm20s4wutc6,5.0
49d1742a61ddf66e905282856a6297782d1e572959572acb543e010dd0f84617,2025-08-21T22:53:00.890000+00:00,kaspa:qzkaphk6hvz860gvr4jdlfjn3q60umfw9vlq5mnhfqypjjw24qnm20s4wutc6,kaspa:pqvh226mjtxvw2l4cshasm8g7pwnpxp49utew6xhch824hh99v6dwtxnwk4r2,5.00003
49d1742a61ddf66e905282856a6297782d1e572959572acb543e010dd0f84617,2025-08-21T22:53:00.890000+00:00,kaspa:qzkaphk6hvz860gvr4jdlfjn3q60umfw9vlq5mnhfqypjjw24qnm20s4wutc6,kaspa:qzkaphk6hvz860gvr4jdlfjn3q60umfw9vlq5mnhfqypjjw24qnm20s4wutc6,24.51981249
f594e9545862a347cfaf654a6928a12352b878129f71d8e807c2ec4d4d0fe86a,2025-08-21T19:42:45.231000+00:00,kaspa:qzkaphk6hvz860gvr4jdlfjn3q60umfw9vlq5mnhfqypjjw24qnm20s4wutc6,kaspa:pptv283mpnzne5ueuztk24f78gq2zmuf4jvqp9u2720k9mw094jrw55qdshzt,401.0
f594e9545862a347cfaf654a6928a12352b878129f71d8e807c2ec4d4d0fe86a,2025-08-21T19:42:45.231000+00:00,kaspa:qzkaphk6hvz860gvr4jdlfjn3q60umfw9vlq5mnhfqypjjw24qnm20s4wutc6,kaspa:qqkm7pcztna2mm8vfymvqwmrwrudxc6fmh6s7lfc7w8yhlz6ywnkvqutw3m8l,40.0
f594e9545862a347cfaf654a6928a12352b878129f71d8e807c2ec4d4d0fe86a,2025-08-21T19:42:45.231000+00:00,kaspa:qzkaphk6hvz860gvr4jdlfjn3q60umfw9vlq5mnhfqypjjw24qnm20s4wutc6,kaspa:qzkaphk6hvz860gvr4jdlfjn3q60umfw9vlq5mnhfqypjjw24qnm20s4wutc6,29.51987351
d67a24fc330c9ae620cbbcd36ab70d0358ce80c93e946173f8e52b29164f20d6,2025-08-21T19:41:54.930000+00:00,kaspa:qzkaphk6hvz860gvr4jdlfjn3q60umfw9vlq5mnhfqypjjw24qnm20s4wutc6,kaspa:qzpzt5epww0hz0hzh2hc7flld5kadmx4j6yaa5u74yleelxpcz3uuk4c24wdu,470.48
d67a24fc330c9ae620cbbcd36ab70d0358ce80c93e946173f8e52b29164f20d6,2025-08-21T19:41:54.930000+00:00,kaspa:qzkaphk6hvz860gvr4jdlfjn3q60umfw9vlq5mnhfqypjjw24qnm20s4wutc6,kaspa:qzkaphk6hvz860gvr4jdlfjn3q60umfw9vlq5mnhfqypjjw24qnm20s4wutc6,470.5198981
304c5eb2e6c43b46f77114f50125f4a1fcac2388d9715f7176800dceee110cc6,2025-08-21T19:38:58.620000+00:00,kaspa:pptv283mpnzne5ueuztk24f78gq2zmuf4jvqp9u2720k9mw094jrw55qdshzt,kaspa:qzkaphk6hvz860gvr4jdlfjn3q60umfw9vlq5mnhfqypjjw24qnm20s4wutc6,491.99997
f76328c3f73e7da95b29d0d2fce39f255125e393b7eef4e300fb5c09725e889f,2025-08-21T19:38:37.377000+00:00,kaspa:qzkaphk6hvz860gvr4jdlfjn3q60umfw9vlq5mnhfqypjjw24qnm20s4wutc6,kaspa:pptv283mpnzne5ueuztk24f78gq2zmuf4jvqp9u2720k9mw094jrw55qdshzt,501.0
f76328c3f73e7da95b29d0d2fce39f255125e393b7eef4e300fb5c09725e889f,2025-08-21T19:38:37.377000+00:00,kaspa:qzkaphk6hvz860gvr4jdlfjn3q60umfw9vlq5mnhfqypjjw24qnm20s4wutc6,kaspa:qqkm7pcztna2mm8vfymvqwmrwrudxc6fmh6s7lfc7w8yhlz6ywnkvqutw3m8l,50.0
f76328c3f73e7da95b29d0d2fce39f255125e393b7eef4e300fb5c09725e889f,2025-08-21T19:38:37.377000+00:00,kaspa:qzkaphk6hvz860gvr4jdlfjn3q60umfw9vlq5mnhfqypjjw24qnm20s4wutc6,kaspa:qzkaphk6hvz860gvr4jdlfjn3q60umfw9vlq5mnhfqypjjw24qnm20s4wutc6,448.99997541
f1802d4b7011f936697d808817c5e811cd1fd9dca9699271f1fdc7766f0fa4dd,2025-08-21T19:37:16.126000+00:00,kaspa:qypqq2ny33475vvzxnsxuwcpqlq9eexfp5k7zxgdyzqz8h4kspsfqfs3scv2rk2,kaspa:qzkaphk6hvz860gvr4jdlfjn3q60umfw9vlq5mnhfqypjjw24qnm20s4wutc6,1000.0
