tx_id,timestamp,sender,recipient,amount_kas
e7c67ee6ff299242f2e7b70d8545017601a4d2822a8af4a5a6d29ff83bb9052d,2025-09-02T18:19:22.232000+00:00,kaspa:pp4gscu8snkjakgs4w5j9jkvjz0zz6rsjqg3lftmv23v8ta2n67wu2n2vl2e0,kaspa:qzqthcpz3gscg8plnr9xay7qn6msq0cllarlyhyprru5wax2e0tpw0t76vjuy,5.0
6ce935a4d5ea92b5a1e908be4c1bed72e6dda628dfb4d3e78fc6a49a0d8493cc,2025-09-02T18:19:18.719000+00:00,kaspa:qzqthcpz3gscg8plnr9xay7qn6msq0cllarlyhyprru5wax2e0tpw0t76vjuy,kaspa:qpn6rfqpa9jy30sd3d58947qzpxyk97kaf5d6v8fgsfgapzc0w64vj5p9w8hu,85.00009
6ce935a4d5ea92b5a1e908be4c1bed72e6dda628dfb4d3e78fc6a49a0d8493cc,2025-09-02T18:19:18.719000+00:00,kaspa:qzqthcpz3gscg8plnr9xay7qn6msq0cllarlyhyprru5wax2e0tpw0t76vjuy,kaspa:qzqthcpz3gscg8plnr9xay7qn6msq0cllarlyhyprru5wax2e0tpw0t76vjuy,12.99974215
1ebd8bb1c53657254fd830faffb2e2e42cd45e49164e8b9bcb3e99948d5b5f92,2025-09-02T07:57:44.266000+00:00,kaspa:pqxn89dxcnzf0xzwh4tvmhznlch8qc386v5w5407kt0fuz9jt0q7uvqj755zy,kaspa:qzqthcpz3gscg8plnr9xay7qn6msq0cllarlyhyprru5wax2e0tpw0t76vjuy,5.0
8dbcc52d68d840633614bc994225b7f09d4aebf0ffeb14c4f65450b966228c01,2025-09-02T07:57:42.219000+00:00,kaspa:qzqthcpz3gscg8plnr9xay7qn6msq0cllarlyhyprru5wax2e0tpw0t76vjuy,kaspa:qpxxg3hwqzce7m6jcs58jy96sff6gdah73f7kqp8qsze7ms6p7w2j4nl4ej5k,97.00009
8dbcc52d68d840633614bc994225b7f09d4aebf0ffeb14c4f65450b966228c01,2025-09-02T07:57:42.219000+00:00,kaspa:qzqthcpz3gscg8plnr9xay7qn6msq0cllarlyhyprru5wax2e0tpw0t76vjuy,kaspa:qzqthcpz3gscg8plnr9xay7qn6msq0cllarlyhyprru5wax2e0tpw0t76vjuy,92.99987946
b4494c65e6ded0c4ba744fdbb4740e7159f60e7f8eee6db92d72ac2ee01842ce,2025-09-02T07:57:33.109000+00:00,kaspa:qqmrmfrxgl6y8g63xkmds0n662cq36sranfzl98l00zrwmv8u2t02yc7ps75e,kaspa:qzqthcpz3gscg8plnr9xay7qn6msq0cllarlyhyprru5wax2e0tpw0t76vjuy,190.0
b4494c65e6ded0c4ba744fdbb4740e7159f60e7f8eee6db92d72ac2ee01842ce,2025-09-02T07:57:33.109000+00:00,kaspa:qqmrmfrxgl6y8g63xkmds0n662cq36sranfzl98l00zrwmv8u2t02yc7ps75e,kaspa:qqmrmfrxgl6y8g63xkmds0n662cq36sranfzl98l00zrwmv8u2t02yc7ps75e,7.37361214
ba0bfca0d14180488cc5e7b25a27ed13c61cabd2e32bea311a15b7514b5e75cc,2025-09-01T14:13:11.919000+00:00,kaspa:qzqthcpz3gscg8plnr9xay7qn6msq0cllarlyhyprru5wax2e0tpw0t76vjuy,kaspa:qqmrmfrxgl6y8g63xkmds0n662cq36sranfzl98l00zrwmv8u2t02yc7ps75e,299.98
95122ed8eb68a018fbe3d1145711b0babf6bd8a49282d8b3fde4ef9daa3e5569,2025-09-01T14:12:16.118000+00:00,kaspa:qypgmry906hggg7gunm9uu972m8tsszewvh8965ja5fyupgvd48urzg0cfju0rj,kaspa:qzqthcpz3gscg8plnr9xay7qn6msq0cllarlyhyprru5wax2e0tpw0t76vjuy,300.0
95122ed8eb68a018fbe3d1145711b0babf6bd8a49282d8b3fde4ef9daa3e5569,2025-09-01T14:12:16.118000+00:00,kaspa:qypgmry906hggg7gunm9uu972m8tsszewvh8965ja5fyupgvd48urzg0cfju0rj,kaspa:qypgmry906hggg7gunm9uu972m8tsszewvh8965ja5fyupgvd48urzg0cfju0rj,46.1903911
1043e10297ef6ba646273b986351817438a029057a5714bbdef4ce3f36d911cc,2025-09-01T13:11:44.369000+00:00,kaspa:qzqthcpz3gscg8plnr9xay7qn6msq0cllarlyhyprru5wax2e0tpw0t76vjuy,kaspa:qqmrmfrxgl6y8g63xkmds0n662cq36sranfzl98l00zrwmv8u2t02yc7ps75e,289.98
6b183085ec8e5b67097e5cb062e8f829f0bbf37b375289819c4353737892ad1d,2025-09-01T13:08:37.574000+00:00,kaspa:qypgmry906hggg7gunm9uu972m8tsszewvh8965ja5fyupgvd48urzg0cfju0rj,kaspa:qzqthcpz3gscg8plnr9xay7qn6msq0cllarlyhyprru5wax2e0tpw0t76vjuy,290.0
6b183085ec8e5b67097e5cb062e8f829f0bbf37b375289819c4353737892ad1d,2025-09-01T13:08:37.574000+00:00,kaspa:qypgmry906hggg7gunm9uu972m8tsszewvh8965ja5fyupgvd48urzg0cfju0rj,kaspa:qypgmry906hggg7gunm9uu972m8tsszewvh8965ja5fyupgvd48urzg0cfju0rj,346.19041158
2f6a1ede1b6d5500afae7d99ed55c6a91e777cde94f1dac61209921208a3aa8a,2025-08-30T15:16:36.119000+00:00,kaspa:qzqthcpz3gscg8plnr9xay7qn6msq0cllarlyhyprru5wax2e0tpw0t76vjuy,kaspa:qqmrmfrxgl6y8g63xkmds0n662cq36sranfzl98l00zrwmv8u2t02yc7ps75e,340.66
67e834e5c03f7e860b6c2e5d6d681831a48833d6a7d49fcb3337211720bd7531,2025-08-30T15:14:35.665000+00:00,kaspa:pz7zusuc8ely3xdzqgwrdxvl8026x0cu4986vt7d4nldzksyh76f2fe8x03rn,kaspa:qzqthcpz3gscg8plnr9xay7qn6msq0cllarlyhyprru5wax2e0tpw0t76vjuy,5.0
d0c164f52464e84cd6316d72048afa5e8a26d6cce6365d103b6cf65efd55f45d,2025-08-30T15:14:32.912000+00:00,kaspa:qzqthcpz3gscg8plnr9xay7qn6msq0cllarlyhyprru5wax2e0tpw0t76vjuy,kaspa:pz7zusuc8ely3xdzqgwrdxvl8026x0cu4986vt7d4nldzksyh76f2fe8x03rn,5.00003
d0c164f52464e84cd6316d72048afa5e8a26d6cce6365d103b6cf65efd55f45d,2025-08-30T15:14:32.912000+00:00,kaspa:qzqthcpz3gscg8plnr9xay7qn6msq0cllarlyhyprru5wax2e0tpw0t76vjuy,kaspa:qzqthcpz3gscg8plnr9xay7qn6msq0cllarlyhyprru5wax2e0tpw0t76vjuy,330.6803969
667bb42ffe08e64cbe64b6f473bf56c1eef8552fc4873e812c40408f13334c9f,2025-08-30T14:16:46.843000+00:00,kaspa:pptqs4nlmnlce3rktya4x2xpscm86devywks6jfca7t8qcdl6jdkz9tpp8gqp,kaspa:qzqthcpz3gscg8plnr9xay7qn6msq0cllarlyhyprru5wax2e0tpw0t76vjuy,5.0
e2069af4faf01e77cffd6308cc5026a4dfd436e2be826b1442314ec75bec4fd8,2025-08-30T14:16:43.007000+00:00,kaspa:qzqthcpz3gscg8plnr9xay7qn6msq0cllarlyhyprru5wax2e0tpw0t76vjuy,kaspa:qzsc3sn8g266mtfgphm0es9fe5kn20hdumrl7d2rwkulr8rlcd3pz0y2uj32v,255.00009
e2069af4faf01e77cffd6308cc5026a4dfd436e2be826b1442314ec75bec4fd8,2025-08-30T14:16:43.007000+00:00,kaspa:qzqthcpz3gscg8plnr9xay7qn6msq0cllarlyhyprru5wax2e0tpw0t76vjuy,kaspa:qzqthcpz3gscg8plnr9xay7qn6msq0cllarlyhyprru5wax2e0tpw0t76vjuy,330.68047438
4f99ec1f88d9368e83808b989e2c2febb0ca33a84ccb2cd4d958755c31320b2f,2025-08-29T15:26:35.530000+00:00,kaspa:qypgmry906hggg7gunm9uu972m8tsszewvh8965ja5fyupgvd48urzg0cfju0rj,kaspa:qzqthcpz3gscg8plnr9xay7qn6msq0cllarlyhyprru5wax2e0tpw0t76vjuy,583.68108836
a222a3f2eb966cbf9eb667b291a0ddcb0302a021896a1af0c64e11e18743c590,2025-08-28T21:34:44.478000+00:00,kaspa:prj6twyp4enwgfx80k8u3w2kt9gpwm0s8a29gjf25vcnwkg29w5h2l3ud0553,kaspa:qzqthcpz3gscg8plnr9xay7qn6msq0cllarlyhyprru5wax2e0tpw0t76vjuy,5.0
3b462d4a6ff3521e7e3a408915474ac5110ab0b84ac2b7d31105f8f4a5bfe484,2025-08-28T21:34:42.458000+00:00,kaspa:qzqthcpz3gscg8plnr9xay7qn6msq0cllarlyhyprru5wax2e0tpw0t76vjuy,kaspa:prj6twyp4enwgfx80k8u3w2kt9gpwm0s8a29gjf25vcnwkg29w5h2l3ud0553,5.00003
3b462d4a6ff3521e7e3a408915474ac5110ab0b84ac2b7d31105f8f4a5bfe484,2025-08-28T21:34:42.458000+00:00,kaspa:qzqthcpz3gscg8plnr9xay7qn6msq0cllarlyhyprru5wax2e0tpw0t76vjuy,kaspa:qzqthcpz3gscg8plnr9xay7qn6msq0cllarlyhyprru5wax2e0tpw0t76vjuy,1.99952333
e274894814ec4fa6d51266bd670dffbbc8059e1a9b94189b000881ea6e301124,2025-08-28T21:34:23.687000+00:00,kaspa:prv3t96nvr8st6vyvclazqdm8akl3leh2tskysejjmykhlvjvl8d2r2fmv847,kaspa:qzqthcpz3gscg8plnr9xay7qn6msq0cllarlyhyprru5wax2e0tpw0t76vjuy,5.0
b2be18a1665a73e9a265405506f784f55d715f3830cedcc77f9fcb88d13d1648,2025-08-28T21:34:21.473000+00:00,kaspa:qzqthcpz3gscg8plnr9xay7qn6msq0cllarlyhyprru5wax2e0tpw0t76vjuy,kaspa:prv3t96nvr8st6vyvclazqdm8akl3leh2tskysejjmykhlvjvl8d2r2fmv847,5.00003
b2be18a1665a73e9a265405506f784f55d715f3830cedcc77f9fcb88d13d1648,2025-08-28T21:34:21.473000+00:00,kaspa:qzqthcpz3gscg8plnr9xay7qn6msq0cllarlyhyprru5wax2e0tpw0t76vjuy,kaspa:qzqthcpz3gscg8plnr9xay7qn6msq0cllarlyhyprru5wax2e0tpw0t76vjuy,1.99960081
e0ead00ae82786d9aeee4fc46555afa3165e0b2f1e377ba86ab7b25781926696,2025-08-28T21:34:05.433000+00:00,kaspa:pzntvaqdulkd2c3qsz443enj4e26snucf4k457e2tld77ygal3l96x48p0lkc,kaspa:qzqthcpz3gscg8plnr9xay7qn6msq0cllarlyhyprru5wax2e0tpw0t76vjuy,5.0
0a56568bf4aac7bbf42e8d70fef2656764a61a87e64065208d4a17d421f2f4f0,2025-08-28T21:34:02.934000+00:00,kaspa:qzqthcpz3gscg8plnr9xay7qn6msq0cllarlyhyprru5wax2e0tpw0t76vjuy,kaspa:pzntvaqdulkd2c3qsz443enj4e26snucf4k457e2tld77ygal3l96x48p0lkc,5.00003
0a56568bf4aac7bbf42e8d70fef2656764a61a87e64065208d4a17d421f2f4f0,2025-08-28T21:34:02.934000+00:00,kaspa:qzqthcpz3gscg8plnr9xay7qn6msq0cllarlyhyprru5wax2e0tpw0t76vjuy,kaspa:qzqthcpz3gscg8plnr9xay7qn6msq0cllarlyhyprru5wax2e0tpw0t76vjuy,1.99967829
d48fad4177704293f20a58d9bd22a2815a986dbb8cdea6f071d5957a1fcd8011,2025-08-28T21:15:58.497000+00:00,kaspa:qzqthcpz3gscg8plnr9xay7qn6msq0cllarlyhyprru5wax2e0tpw0t76vjuy,kaspa:ppenef3k2mek3uju60hdn8npp4fuwuq3p6quu6etau5mawtgcm4ccthahkxql,411.0
d48fad4177704293f20a58d9bd22a2815a986dbb8cdea6f071d5957a1fcd8011,2025-08-28T21:15:58.497000+00:00,kaspa:qzqthcpz3gscg8plnr9xay7qn6msq0cllarlyhyprru5wax2e0tpw0t76vjuy,kaspa:qqkm7pcztna2mm8vfymvqwmrwrudxc6fmh6s7lfc7w8yhlz6ywnkvqutw3m8l,41.0
d48fad4177704293f20a58d9bd22a2815a986dbb8cdea6f071d5957a1fcd8011,2025-08-28T21:15:58.497000+00:00,kaspa:qzqthcpz3gscg8plnr9xay7qn6msq0cllarlyhyprru5wax2e0tpw0t76vjuy,kaspa:qzqthcpz3gscg8plnr9xay7qn6msq0cllarlyhyprru5wax2e0tpw0t76vjuy,1.99975577
fd1cd152e4e7b32556714e2d5a81e71f1db726e3fd3c5e2043df90a0265fdccb,2025-08-28T21:15:09.927000+00:00,kaspa:qypgmry906hggg7gunm9uu972m8tsszewvh8965ja5fyupgvd48urzg0cfju0rj,kaspa:qzqthcpz3gscg8plnr9xay7qn6msq0cllarlyhyprru5wax2e0tpw0t76vjuy,390.0
fd1cd152e4e7b32556714e2d5a81e71f1db726e3fd3c5e2043df90a0265fdccb,2025-08-28T21:15:09.927000+00:00,kaspa:qypgmry906hggg7gunm9uu972m8tsszewvh8965ja5fyupgvd48urzg0cfju0rj,kaspa:qypgmry906hggg7gunm9uu972m8tsszewvh8965ja5fyupgvd48urzg0cfju0rj,9.81887224
4b042e39b520344efd537a7848c1c47f23d76ac6b90fe3c00a2f13fb5c926b19,2025-08-25T08:08:18.974000+00:00,kaspa:prrlmjevyvy9ag8xlwysm6rhe87dlqv8d9672qml6q46lfh5affx2ctlckauj,kaspa:qzqthcpz3gscg8plnr9xay7qn6msq0cllarlyhyprru5wax2e0tpw0t76vjuy,5.0
ae5ca390261c57dd44ec76252bb31e6a62ca035ac4bc75709685829ce288cd31,2025-08-25T08:08:15.773000+00:00,kaspa:qzqthcpz3gscg8plnr9xay7qn6msq0cllarlyhyprru5wax2e0tpw0t76vjuy,kaspa:qrz5lu7ywmmmfy0hjn5727g833uhcd0s9ledhtr2e4vd7fgflkf5um5eq6s8z,253.00009
ae5ca390261c57dd44ec76252bb31e6a62ca035ac4bc75709685829ce288cd31,2025-08-25T08:08:15.773000+00:00,kaspa:qzqthcpz3gscg8plnr9xay7qn6msq0cllarlyhyprru5wax2e0tpw0t76vjuy,kaspa:qzqthcpz3gscg8plnr9xay7qn6msq0cllarlyhyprru5wax2e0tpw0t76vjuy,63.99980756
65034761b7c5969b2386d7ff2a1fc40ed496beb86f8c4932fce3138f489331b1,2025-08-25T08:07:28.978000+00:00,kaspa:qypgmry906hggg7gunm9uu972m8tsszewvh8965ja5fyupgvd48urzg0cfju0rj,kaspa:qzqthcpz3gscg8plnr9xay7qn6msq0cllarlyhyprru5wax2e0tpw0t76vjuy,300.0
65034761b7c5969b2386d7ff2a1fc40ed496beb86f8c4932fce3138f489331b1,2025-08-25T08:07:28.978000+00:00,kaspa:qypgmry906hggg7gunm9uu972m8tsszewvh8965ja5fyupgvd48urzg0cfju0rj,kaspa:qypgmry906hggg7gunm9uu972m8tsszewvh8965ja5fyupgvd48urzg0cfju0rj,402.7801159
200c2306e3a00e7540fd788a443453f97f75f348dec901b8be96b06a718878ba,2025-08-24T13:12:01.254000+00:00,kaspa:qzqthcpz3gscg8plnr9xay7qn6msq0cllarlyhyprru5wax2e0tpw0t76vjuy,kaspa:qpv7rgvyvs70mqepc59rs02nxsu4fz69cznyq0cvt72fmy7ktz8gv3y36v9jr,10.0
200c2306e3a00e7540fd788a443453f97f75f348dec901b8be96b06a718878ba,2025-08-24T13:12:01.254000+00:00,kaspa:qzqthcpz3gscg8plnr9xay7qn6msq0cllarlyhyprru5wax2e0tpw0t76vjuy,kaspa:qzqthcpz3gscg8plnr9xay7qn6msq0cllarlyhyprru5wax2e0tpw0t76vjuy,16.99994487
a815db19b87d59804e81891c64b49150ca2a2580c6591e6dca8f917cbef13ccb,2025-08-24T11:06:16.029000+00:00,kaspa:qzqthcpz3gscg8plnr9xay7qn6msq0cllarlyhyprru5wax2e0tpw0t76vjuy,kaspa:pznjfsvd8x7y0ss3cx67ue6uwrmu5vkh0yr53ck48pznp3hlq2ltkmftyqq4n,421.0
a815db19b87d59804e81891c64b49150ca2a2580c6591e6dca8f917cbef13ccb,2025-08-24T11:06:16.029000+00:00,kaspa:qzqthcpz3gscg8plnr9xay7qn6msq0cllarlyhyprru5wax2e0tpw0t76vjuy,kaspa:qqkm7pcztna2mm8vfymvqwmrwrudxc6fmh6s7lfc7w8yhlz6ywnkvqutw3m8l,42.0
a815db19b87d59804e81891c64b49150ca2a2580c6591e6dca8f917cbef13ccb,2025-08-24T11:06:16.029000+00:00,kaspa:qzqthcpz3gscg8plnr9xay7qn6msq0cllarlyhyprru5wax2e0tpw0t76vjuy,kaspa:qzqthcpz3gscg8plnr9xay7qn6msq0cllarlyhyprru5wax2e0tpw0t76vjuy,26.99997541
8f8c2b1885c98ed0c3c3d2f916459d38843367d861bb6183155d75d0df0a1e55,2025-08-24T11:05:15.505000+00:00,kaspa:qypgmry906hggg7gunm9uu972m8tsszewvh8965ja5fyupgvd48urzg0cfju0rj,kaspa:qzqthcpz3gscg8plnr9xay7qn6msq0cllarlyhyprru5wax2e0tpw0t76vjuy,490.0
8f8c2b1885c98ed0c3c3d2f916459d38843367d861bb6183155d75d0df0a1e55,2025-08-24T11:05:15.505000+00:00,kaspa:qypgmry906hggg7gunm9uu972m8tsszewvh8965ja5fyupgvd48urzg0cfju0rj,kaspa:qypgmry906hggg7gunm9uu972m8tsszewvh8965ja5fyupgvd48urzg0cfju0rj,1.21991804
c5ae073263602b0b6b37ce45124963ae2dfa65194bfffc29576dba9f34972992,2025-08-23T00:27:29.996000+00:00,kaspa:qzqthcpz3gscg8plnr9xay7qn6msq0cllarlyhyprru5wax2e0tpw0t76vjuy,kaspa:qypgmry906hggg7gunm9uu972m8tsszewvh8965ja5fyupgvd48urzg0cfju0rj,491.22
c301c77d470e53f3ae1a5bc446189deaf1ecb66160acd18a033c516a400109e3,2025-08-22T12:58:55.404000+00:00,kaspa:prml3cclzu3wm2g8h2u0gs5zh4hzmx6ukahdp55ktd54gtx4dhvgwrhzhf65c,kaspa:qzqthcpz3gscg8plnr9xay7qn6msq0cllarlyhyprru5wax2e0tpw0t76vjuy,5.0
a37bf62d8ce3cf1b322b2b072b8ae513d3026517e78c229e9711b0b020272e90,2025-08-22T12:58:53.380000+00:00,kaspa:qzqthcpz3gscg8plnr9xay7qn6msq0cllarlyhyprru5wax2e0tpw0t76vjuy,kaspa:prml3cclzu3wm2g8h2u0gs5zh4hzmx6ukahdp55ktd54gtx4dhvgwrhzhf65c,5.00003
a37bf62d8ce3cf1b322b2b072b8ae513d3026517e78c229e9711b0b020272e90,2025-08-22T12:58:53.380000+00:00,kaspa:qzqthcpz3gscg8plnr9xay7qn6msq0cllarlyhyprru5wax2e0tpw0t76vjuy,kaspa:qzqthcpz3gscg8plnr9xay7qn6msq0cllarlyhyprru5wax2e0tpw0t76vjuy,337.24984504
2d6aa4845a1dfe43a1a6e796251465ce3178443ca01582d1ff83ac1cbd360764,2025-08-22T12:58:11.909000+00:00,kaspa:prkfj39653qhpcy4vptnt4k9tsp0p34nnmq75k5ndw664zlvfdkmxvddvshqq,kaspa:qzqthcpz3gscg8plnr9xay7qn6msq0cllarlyhyprru5wax2e0tpw0t76vjuy,5.0
c1d3893b2c00f9a66ff80aae3dd6ead12ccdd832059baa745578cee840e2134c,2025-08-22T12:58:09.678000+00:00,kaspa:qzqthcpz3gscg8plnr9xay7qn6msq0cllarlyhyprru5wax2e0tpw0t76vjuy,kaspa:prkfj39653qhpcy4vptnt4k9tsp0p34nnmq75k5ndw664zlvfdkmxvddvshqq,5.00003
c1d3893b2c00f9a66ff80aae3dd6ead12ccdd832059baa745578cee840e2134c,2025-08-22T12:58:09.678000+00:00,kaspa:qzqthcpz3gscg8plnr9xay7qn6msq0cllarlyhyprru5wax2e0tpw0t76vjuy,kaspa:qzqthcpz3gscg8plnr9xay7qn6msq0cllarlyhyprru5wax2e0tpw0t76vjuy,337.24992252
b0178cbd2c724abd6049a7a4931e104ddcbee3368df41e1eefc7f5be9055ec28,2025-08-22T12:50:48.681000+00:00,kaspa:qr83p5jraxcdmsa26pjfkj3pyk08lt0sm6ruq2qwzp0ksfmjd6pyy0yj47pmd,kaspa:qzqthcpz3gscg8plnr9xay7qn6msq0cllarlyhyprru5wax2e0tpw0t76vjuy,337.25
b0178cbd2c724abd6049a7a4931e104ddcbee3368df41e1eefc7f5be9055ec28,2025-08-22T12:50:48.681000+00:00,kaspa:qr83p5jraxcdmsa26pjfkj3pyk08lt0sm6ruq2qwzp0ksfmjd6pyy0yj47pmd,kaspa:qpjujc5v7f3fuglp4nadamx37gaqxzh6fqk3xx2sh5g7g5g3y7yu2w8pfwcwa,17.75
a4b1cea6fb8c9ef6e0094a2b87983e10310864ba710582ebd029d8368ccc750a,2025-08-22T12:50:13.380000+00:00,kaspa:pzk4sd8kphkupjrj6ljfdadjx7r0vhm6dwzfzpwsykyg0n066xvmcqf5lp22k,kaspa:qzqthcpz3gscg8plnr9xay7qn6msq0cllarlyhyprru5wax2e0tpw0t76vjuy,5.0
d67b48bc1f40beb67d57b9e0f71d6fea6fb130645a88b83585c8405652e91cfc,2025-08-22T12:50:11.735000+00:00,kaspa:qzqthcpz3gscg8plnr9xay7qn6msq0cllarlyhyprru5wax2e0tpw0t76vjuy,kaspa:pzk4sd8kphkupjrj6ljfdadjx7r0vhm6dwzfzpwsykyg0n066xvmcqf5lp22k,5.00003
d67b48bc1f40beb67d57b9e0f71d6fea6fb130645a88b83585c8405652e91cfc,2025-08-22T12:50:11.735000+00:00,kaspa:qzqthcpz3gscg8plnr9xay7qn6msq0cllarlyhyprru5wax2e0tpw0t76vjuy,kaspa:qzqthcpz3gscg8plnr9xay7qn6msq0cllarlyhyprru5wax2e0tpw0t76vjuy,148.99901517
1114b1178ac0af87268ab89c2c7f6bedd2e1fb5fad1c846d12c57908ff07c50d,2025-08-22T12:19:45.628000+00:00,kaspa:ppufj7pxj5277calln8p6xfnymm6025lujlkpualdl0aldz77k95sv85np68c,kaspa:qzqthcpz3gscg8plnr9xay7qn6msq0cllarlyhyprru5wax2e0tpw0t76vjuy,5.0
a40fe3937824d2389d9c0d31e05533df79a722c5007d6f0374e8cbe990b8ab9e,2025-08-22T12:19:43.633000+00:00,kaspa:qzqthcpz3gscg8plnr9xay7qn6msq0cllarlyhyprru5wax2e0tpw0t76vjuy,kaspa:ppufj7pxj5277calln8p6xfnymm6025lujlkpualdl0aldz77k95sv85np68c,5.00003
a40fe3937824d2389d9c0d31e05533df79a722c5007d6f0374e8cbe990b8ab9e,2025-08-22T12:19:43.633000+00:00,kaspa:qzqthcpz3gscg8plnr9xay7qn6msq0cllarlyhyprru5wax2e0tpw0t76vjuy,kaspa:qzqthcpz3gscg8plnr9xay7qn6msq0cllarlyhyprru5wax2e0tpw0t76vjuy,148.99909265
67d0fc65ab3472f539598b7eb300674a55f6d16b91716921a854693aa860034c,2025-08-22T12:19:12.025000+00:00,kaspa:pr7g0aqzuq09zl44emquvr3uz87wvr2anr4a0yns8en9svwne4tt62yhmmmm5,kaspa:qzqthcpz3gscg8plnr9xay7qn6msq0cllarlyhyprru5wax2e0tpw0t76vjuy,5.0
d88a749bfe4de7ce2f8cfaf5a23ea589885b78f03602c1f09443863b4c95be23,2025-08-22T12:19:09.451000+00:00,kaspa:qzqthcpz3gscg8plnr9xay7qn6msq0cllarlyhyprru5wax2e0tpw0t76vjuy,kaspa:pr7g0aqzuq09zl44emquvr3uz87wvr2anr4a0yns8en9svwne4tt62yhmmmm5,5.00003
d88a749bfe4de7ce2f8cfaf5a23ea589885b78f03602c1f09443863b4c95be23,2025-08-22T12:19:09.451000+00:00,kaspa:qzqthcpz3gscg8plnr9xay7qn6msq0cllarlyhyprru5wax2e0tpw0t76vjuy,kaspa:qzqthcpz3gscg8plnr9xay7qn6msq0cllarlyhyprru5wax2e0tpw0t76vjuy,148.99917013
79dfe1547e5dbaaec9ac5a404bd495ae987c82db736d98d36f85d7eba28c15e2,2025-08-22T09:56:01.083000+00:00,kaspa:qzqthcpz3gscg8plnr9xay7qn6msq0cllarlyhyprru5wax2e0tpw0t76vjuy,kaspa:ppdxxqqylyt4qfva7jduw6c3dzh0hansqftjnucewahacpufta96jafcrq88c,201.0
79dfe1547e5dbaaec9ac5a404bd495ae987c82db736d98d36f85d7eba28c15e2,2025-08-22T09:56:01.083000+00:00,kaspa:qzqthcpz3gscg8plnr9xay7qn6msq0cllarlyhyprru5wax2e0tpw0t76vjuy,kaspa:qqkm7pcztna2mm8vfymvqwmrwrudxc6fmh6s7lfc7w8yhlz6ywnkvqutw3m8l,20.0
79dfe1547e5dbaaec9ac5a404bd495ae987c82db736d98d36f85d7eba28c15e2,2025-08-22T09:56:01.083000+00:00,kaspa:qzqthcpz3gscg8plnr9xay7qn6msq0cllarlyhyprru5wax2e0tpw0t76vjuy,kaspa:qzqthcpz3gscg8plnr9xay7qn6msq0cllarlyhyprru5wax2e0tpw0t76vjuy,153.99923084
2c413bed096d014ff4aa5d129357d1e8de826ba58ec416ef1f9a55be23c2ff12,2025-08-22T09:46:29.203000+00:00,kaspa:qzqthcpz3gscg8plnr9xay7qn6msq0cllarlyhyprru5wax2e0tpw0t76vjuy,kaspa:ppdxxqqylyt4qfva7jduw6c3dzh0hansqftjnucewahacpufta96jafcrq88c,101.0
2c413bed096d014ff4aa5d129357d1e8de826ba58ec416ef1f9a55be23c2ff12,2025-08-22T09:46:29.203000+00:00,kaspa:qzqthcpz3gscg8plnr9xay7qn6msq0cllarlyhyprru5wax2e0tpw0t76vjuy,kaspa:qqkm7pcztna2mm8vfymvqwmrwrudxc6fmh6s7lfc7w8yhlz6ywnkvqutw3m8l,10.0
2c413bed096d014ff4aa5d129357d1e8de826ba58ec416ef1f9a55be23c2ff12,2025-08-22T09:46:29.203000+00:00,kaspa:qzqthcpz3gscg8plnr9xay7qn6msq0cllarlyhyprru5wax2e0tpw0t76vjuy,kaspa:qzqthcpz3gscg8plnr9xay7qn6msq0cllarlyhyprru5wax2e0tpw0t76vjuy,178.99996423
a38a0f98baeb5d14a4317c0849cb0fb3cb7c4e0dddf9224b3719151e78ac66df,2025-08-22T09:07:59.800000+00:00,kaspa:qpu2kqwnc3dz3dx7ua8m0470464nq3kflzyweqhksy3538yea7assva9e20ju,kaspa:qzqthcpz3gscg8plnr9xay7qn6msq0cllarlyhyprru5wax2e0tpw0t76vjuy,285.0
a38a0f98baeb5d14a4317c0849cb0fb3cb7c4e0dddf9224b3719151e78ac66df,2025-08-22T09:07:59.800000+00:00,kaspa:qpu2kqwnc3dz3dx7ua8m0470464nq3kflzyweqhksy3538yea7assva9e20ju,kaspa:qpjujc5v7f3fuglp4nadamx37gaqxzh6fqk3xx2sh5g7g5g3y7yu2w8pfwcwa,15.0
3bdf2fd2ce08bb50064e5f52e543dc104617a39a58892d89fd70be702fa28719,2025-08-22T09:07:20.374000+00:00,kaspa:pqx3m7hahn7p3gh3hcpwcqtuvvl5gtsu5plrlq603hentz5fr3nr5wuyftl5z,kaspa:qzqthcpz3gscg8plnr9xay7qn6msq0cllarlyhyprru5wax2e0tpw0t76vjuy,5.0
aac6a475a31a64502b44a05df854c7b745438f36b0486c93b21965428bcbc647,2025-08-22T09:07:18.300000+00:00,kaspa:qzqthcpz3gscg8plnr9xay7qn6msq0cllarlyhyprru5wax2e0tpw0t76vjuy,kaspa:pqx3m7hahn7p3gh3hcpwcqtuvvl5gtsu5plrlq603hentz5fr3nr5wuyftl5z,5.00003
aac6a475a31a64502b44a05df854c7b745438f36b0486c93b21965428bcbc647,2025-08-22T09:07:18.300000+00:00,kaspa:qzqthcpz3gscg8plnr9xay7qn6msq0cllarlyhyprru5wax2e0tpw0t76vjuy,kaspa:qzqthcpz3gscg8plnr9xay7qn6msq0cllarlyhyprru5wax2e0tpw0t76vjuy,195.99930238
eb06705b0a354fc421fb671a9c85dc04ab1379dbb6788a94d84893e1391cc7a3,2025-08-22T09:06:22.692000+00:00,kaspa:pr725f9u486x4ggrckau0n42t5vl4wpddh0hqwzzsmvjq3c7x22d5vx0yxvm2,kaspa:qzqthcpz3gscg8plnr9xay7qn6msq0cllarlyhyprru5wax2e0tpw0t76vjuy,5.0
32b7a2cb38af4e727a2c798f82a262f9ce05a54cfdf19124e70abbe3fe3054ab,2025-08-22T09:06:18.820000+00:00,kaspa:qzqthcpz3gscg8plnr9xay7qn6msq0cllarlyhyprru5wax2e0tpw0t76vjuy,kaspa:qpjscpymacnh9rejlkznzpyt4q5gwcwvk0glu0kze92wxc6jh9eyvmmendevj,5.00006
32b7a2cb38af4e727a2c798f82a262f9ce05a54cfdf19124e70abbe3fe3054ab,2025-08-22T09:06:18.820000+00:00,kaspa:qzqthcpz3gscg8plnr9xay7qn6msq0cllarlyhyprru5wax2e0tpw0t76vjuy,kaspa:qzqthcpz3gscg8plnr9xay7qn6msq0cllarlyhyprru5wax2e0tpw0t76vjuy,195.99937986
e28490f84d3c3f3f0d02d382b02410297d35f18fb4146c6bde7408b94f7a4d9f,2025-08-22T09:05:40.335000+00:00,kaspa:ppkrplwanexljgt0ruqw3ruepfc82rre99dwas0ww3dy5s3mj457jhzkycsxa,kaspa:qzqthcpz3gscg8plnr9xay7qn6msq0cllarlyhyprru5wax2e0tpw0t76vjuy,5.0
9669ac6bce6320413c69575e20941d6b6e74dd50f5f4b84ecd480a83a4a0ce17,2025-08-22T09:05:36.548000+00:00,kaspa:qzqthcpz3gscg8plnr9xay7qn6msq0cllarlyhyprru5wax2e0tpw0t76vjuy,kaspa:qz7y277ruvzaavkxy06zqcp3m6rvs5glcza43dr58ppt4q9t9d5qjkumyzygl,5.00006
9669ac6bce6320413c69575e20941d6b6e74dd50f5f4b84ecd480a83a4a0ce17,2025-08-22T09:05:36.548000+00:00,kaspa:qzqthcpz3gscg8plnr9xay7qn6msq0cllarlyhyprru5wax2e0tpw0t76vjuy,kaspa:qzqthcpz3gscg8plnr9xay7qn6msq0cllarlyhyprru5wax2e0tpw0t76vjuy,195.99948717
ac9a346563b1ef6e0f1891e9b65945016589b2f1fc19002a5b32e7035b019370,2025-08-22T09:05:16.939000+00:00,kaspa:pp0m6gjrhnmhqd5uhpt08005g7yeknuz5skym20cltj50rhxc8nkwj9rn4fzc,kaspa:qzqthcpz3gscg8plnr9xay7qn6msq0cllarlyhyprru5wax2e0tpw0t76vjuy,5.0
7533df3463137cc069a44118c05dd516cc68ba4fafb37ca0f2456d1b87fc2bd7,2025-08-22T09:05:13.631000+00:00,kaspa:qzqthcpz3gscg8plnr9xay7qn6msq0cllarlyhyprru5wax2e0tpw0t76vjuy,kaspa:qqual06k8tkmdpqcvua3sfrhqadfvlhw7an2ttrrtmuadphq8scxxmeqjlgsu,5.00006
7533df3463137cc069a44118c05dd516cc68ba4fafb37ca0f2456d1b87fc2bd7,2025-08-22T09:05:13.631000+00:00,kaspa:qzqthcpz3gscg8plnr9xay7qn6msq0cllarlyhyprru5wax2e0tpw0t76vjuy,kaspa:qzqthcpz3gscg8plnr9xay7qn6msq0cllarlyhyprru5wax2e0tpw0t76vjuy,195.99959448
3c5200b7997c825c39db1625277810754f8b10058060fee2bf9151a8401a5724,2025-08-22T04:48:27.698000+00:00,kaspa:pzqp3pdrtq8sazn26v4vmmf5nqukjwchzqcvnt6lkzcwtramtkgpc5gjgzc9d,kaspa:qzqthcpz3gscg8plnr9xay7qn6msq0cllarlyhyprru5wax2e0tpw0t76vjuy,5.0
b5a50b77b45387cf1f45923439a40e2bcd862c3e745c574582edd9343177ccf3,2025-08-22T04:48:25.292000+00:00,kaspa:qzqthcpz3gscg8plnr9xay7qn6msq0cllarlyhyprru5wax2e0tpw0t76vjuy,kaspa:pzqp3pdrtq8sazn26v4vmmf5nqukjwchzqcvnt6lkzcwtramtkgpc5gjgzc9d,5.00003
b5a50b77b45387cf1f45923439a40e2bcd862c3e745c574582edd9343177ccf3,2025-08-22T04:48:25.292000+00:00,kaspa:qzqthcpz3gscg8plnr9xay7qn6msq0cllarlyhyprru5wax2e0tpw0t76vjuy,kaspa:qzqthcpz3gscg8plnr9xay7qn6msq0cllarlyhyprru5wax2e0tpw0t76vjuy,195.99970179
eb444f0810256c90f7229dca87da6fa8fb939bce5207a2f16f8923cc4b58cb5e,2025-08-22T04:47:56.275000+00:00,kaspa:prs0ykrk39je4d5kzsghwan3yzdgtru70w8kjlpnreauf6w8fkdd6avg02lm5,kaspa:qzqthcpz3gscg8plnr9xay7qn6msq0cllarlyhyprru5wax2e0tpw0t76vjuy,5.0
08fca4c5f2d699444b5a0d987dcb1cfd0f701c55005c9efc2f443224a09e0610,2025-08-22T04:47:54.672000+00:00,kaspa:qzqthcpz3gscg8plnr9xay7qn6msq0cllarlyhyprru5wax2e0tpw0t76vjuy,kaspa:prs0ykrk39je4d5kzsghwan3yzdgtru70w8kjlpnreauf6w8fkdd6avg02lm5,5.00003
08fca4c5f2d699444b5a0d987dcb1cfd0f701c55005c9efc2f443224a09e0610,2025-08-22T04:47:54.672000+00:00,kaspa:qzqthcpz3gscg8plnr9xay7qn6msq0cllarlyhyprru5wax2e0tpw0t76vjuy,kaspa:qzqthcpz3gscg8plnr9xay7qn6msq0cllarlyhyprru5wax2e0tpw0t76vjuy,195.99977927
d339b494478b276d3ba98169223cbc46968617a879b0910fd7c9444843013bdf,2025-08-22T04:37:01.660000+00:00,kaspa:prtaf02jlhxtw0c0ggsxmn85xxazkudg0rtsdaqny3l39chqlprk5l5uruhey,kaspa:qzqthcpz3gscg8plnr9xay7qn6msq0cllarlyhyprru5wax2e0tpw0t76vjuy,5.0
f0d00f0795c7890c1c6dfb4d2acd3a15e96e38a8dbe8c4a5a41213e903903fdf,2025-08-22T04:37:00.041000+00:00,kaspa:qzqthcpz3gscg8plnr9xay7qn6msq0cllarlyhyprru5wax2e0tpw0t76vjuy,kaspa:prtaf02jlhxtw0c0ggsxmn85xxazkudg0rtsdaqny3l39chqlprk5l5uruhey,5.00003
f0d00f0795c7890c1c6dfb4d2acd3a15e96e38a8dbe8c4a5a41213e903903fdf,2025-08-22T04:37:00.041000+00:00,kaspa:qzqthcpz3gscg8plnr9xay7qn6msq0cllarlyhyprru5wax2e0tpw0t76vjuy,kaspa:qzqthcpz3gscg8plnr9xay7qn6msq0cllarlyhyprru5wax2e0tpw0t76vjuy,195.99985675
3f08d3306f655347636551f75f93aed9afb58591f9e84b5d8ec4f7a9e8ace6de,2025-08-21T20:12:30.012000+00:00,kaspa:ppufvsycv8jw77d52a3cncp2w8ymdx6rf420zpsqarvdklc7rp93kam25quk5,kaspa:qzqthcpz3gscg8plnr9xay7qn6msq0cllarlyhyprru5wax2e0tpw0t76vjuy,185.99997
44512f7be3eaf691702423ed8f194b863430b9e77f358d1c25ff8eaa6cc63084,2025-08-21T20:03:47.895000+00:00,kaspa:qzqthcpz3gscg8plnr9xay7qn6msq0cllarlyhyprru5wax2e0tpw0t76vjuy,kaspa:ppufvsycv8jw77d52a3cncp2w8ymdx6rf420zpsqarvdklc7rp93kam25quk5,441.0
44512f7be3eaf691702423ed8f194b863430b9e77f358d1c25ff8eaa6cc63084,2025-08-21T20:03:47.895000+00:00,kaspa:qzqthcpz3gscg8plnr9xay7qn6msq0cllarlyhyprru5wax2e0tpw0t76vjuy,kaspa:qqkm7pcztna2mm8vfymvqwmrwrudxc6fmh6s7lfc7w8yhlz6ywnkvqutw3m8l,44.0
44512f7be3eaf691702423ed8f194b863430b9e77f358d1c25ff8eaa6cc63084,2025-08-21T20:03:47.895000+00:00,kaspa:qzqthcpz3gscg8plnr9xay7qn6msq0cllarlyhyprru5wax2e0tpw0t76vjuy,kaspa:qzqthcpz3gscg8plnr9xay7qn6msq0cllarlyhyprru5wax2e0tpw0t76vjuy,14.99996423
3f2ef57c7a39104871cfa82e021737952e23aad6feb29f34f1e1957c8557fb70,2025-08-21T20:02:11.867000+00:00,kaspa:qypgmry906hggg7gunm9uu972m8tsszewvh8965ja5fyupgvd48urzg0cfju0rj,kaspa:qzqthcpz3gscg8plnr9xay7qn6msq0cllarlyhyprru5wax2e0tpw0t76vjuy,400.0
3f2ef57c7a39104871cfa82e021737952e23aad6feb29f34f1e1957c8557fb70,2025-08-21T20:02:11.867000+00:00,kaspa:qypgmry906hggg7gunm9uu972m8tsszewvh8965ja5fyupgvd48urzg0cfju0rj,kaspa:qypgmry906hggg7gunm9uu972m8tsszewvh8965ja5fyupgvd48urzg0cfju0rj,91.60881968
a3d7da77a91458d5631aaa0b893ee0605467d25754631901e016498f554c9cdc,2025-08-21T20:01:41.709000+00:00,kaspa:qypgmry906hggg7gunm9uu972m8tsszewvh8965ja5fyupgvd48urzg0cfju0rj,kaspa:qzqthcpz3gscg8plnr9xay7qn6msq0cllarlyhyprru5wax2e0tpw0t76vjuy,100.0
a3d7da77a91458d5631aaa0b893ee0605467d25754631901e016498f554c9cdc,2025-08-21T20:01:41.709000+00:00,kaspa:qypgmry906hggg7gunm9uu972m8tsszewvh8965ja5fyupgvd48urzg0cfju0rj,kaspa:qypgmry906hggg7gunm9uu972m8tsszewvh8965ja5fyupgvd48urzg0cfju0rj,491.60884016
0bca3adc5038310f1f04685b735768339dd95f3657223671ee4ff97d3e7fb245,2025-08-11T11:35:58.736000+00:00,kaspa:qzqthcpz3gscg8plnr9xay7qn6msq0cllarlyhyprru5wax2e0tpw0t76vjuy,kaspa:qypgmry906hggg7gunm9uu972m8tsszewvh8965ja5fyupgvd48urzg0cfju0rj,15.43
2b93b132d63ff79d69a90fd86231e50700dceac34cb950e4a9ba587b41134d45,2025-08-11T11:35:09.790000+00:00,kaspa:prupt3yzna8qd2tegxv70jmw646yytv77tfr43q6rnsmnvagvgvzsm2lqr4ew,kaspa:qzqthcpz3gscg8plnr9xay7qn6msq0cllarlyhyprru5wax2e0tpw0t76vjuy,5.0
1e7ee50514c5f16dc367de014f05f9c8da58f9a1fbe7f3ec8275cf00a832d25e,2025-08-11T11:35:06.933000+00:00,kaspa:qzqthcpz3gscg8plnr9xay7qn6msq0cllarlyhyprru5wax2e0tpw0t76vjuy,kaspa:prupt3yzna8qd2tegxv70jmw646yytv77tfr43q6rnsmnvagvgvzsm2lqr4ew,5.00003
1e7ee50514c5f16dc367de014f05f9c8da58f9a1fbe7f3ec8275cf00a832d25e,2025-08-11T11:35:06.933000+00:00,kaspa:qzqthcpz3gscg8plnr9xay7qn6msq0cllarlyhyprru5wax2e0tpw0t76vjuy,kaspa:qzqthcpz3gscg8plnr9xay7qn6msq0cllarlyhyprru5wax2e0tpw0t76vjuy,1.93420764
c0f69667842f5671006d0f968b8a07d65e164d1150ccae9fbc73146ad958f356,2025-08-11T11:34:04.986000+00:00,kaspa:ppejvhmfhl7hrw06rn2y4hex9a3dn6cv3d0dqz7jppnlw739g2k4gcdpjqvsy,kaspa:qzqthcpz3gscg8plnr9xay7qn6msq0cllarlyhyprru5wax2e0tpw0t76vjuy,5.0
4ce298e0ba94deead25969d554942c57e0bd04c6bc1f9e19635fea471a7fb059,2025-08-11T11:34:02.821000+00:00,kaspa:qzqthcpz3gscg8plnr9xay7qn6msq0cllarlyhyprru5wax2e0tpw0t76vjuy,kaspa:ppejvhmfhl7hrw06rn2y4hex9a3dn6cv3d0dqz7jppnlw739g2k4gcdpjqvsy,5.00003
4ce298e0ba94deead25969d554942c57e0bd04c6bc1f9e19635fea471a7fb059,2025-08-11T11:34:02.821000+00:00,kaspa:qzqthcpz3gscg8plnr9xay7qn6msq0cllarlyhyprru5wax2e0tpw0t76vjuy,kaspa:qzqthcpz3gscg8plnr9xay7qn6msq0cllarlyhyprru5wax2e0tpw0t76vjuy,1.93428512
714b9fee6480143d935c5d320f49e8622ba9937131f43a1cbebaf2a301d35a20,2025-08-11T11:31:20.554000+00:00,kaspa:prhrqzewdhr9hfa9uw9xl2s5l2qstmpfsq8hstttszsnctzlefv9gmk74tuyw,kaspa:qzqthcpz3gscg8plnr9xay7qn6msq0cllarlyhyprru5wax2e0tpw0t76vjuy,5.0
9c3042cceb44fb3baaa72b954058ae5e017a8e6693dbf9daa078ec06cf284ffc,2025-08-11T11:31:18.457000+00:00,kaspa:qzqthcpz3gscg8plnr9xay7qn6msq0cllarlyhyprru5wax2e0tpw0t76vjuy,kaspa:qrrxhkds5fxv2w7cmhuwtd4zpkxc0dsmmfku3auu90mz9xnhl0qe5v0jfluhk,1103.00009
9c3042cceb44fb3baaa72b954058ae5e017a8e6693dbf9daa078ec06cf284ffc,2025-08-11T11:31:18.457000+00:00,kaspa:qzqthcpz3gscg8plnr9xay7qn6msq0cllarlyhyprru5wax2e0tpw0t76vjuy,kaspa:qzqthcpz3gscg8plnr9xay7qn6msq0cllarlyhyprru5wax2e0tpw0t76vjuy,3.52388775
a78e037b54ed1e96fbeb8471547fa40411f7f4199f3b1224317b79c638ff11c2,2025-08-11T11:30:14.958000+00:00,kaspa:qpqpyavkqnp60q6t4sfctz4yp3n0ct963z65rxkd5ft32vkehnd3wx8jqctr2,kaspa:qzqthcpz3gscg8plnr9xay7qn6msq0cllarlyhyprru5wax2e0tpw0t76vjuy,1001.52404183
a78e037b54ed1e96fbeb8471547fa40411f7f4199f3b1224317b79c638ff11c2,2025-08-11T11:30:14.958000+00:00,kaspa:qpqpyavkqnp60q6t4sfctz4yp3n0ct963z65rxkd5ft32vkehnd3wx8jqctr2,kaspa:qpqpyavkqnp60q6t4sfctz4yp3n0ct963z65rxkd5ft32vkehnd3wx8jqctr2,620654.60400598
6399b3c8f13a4ea2458abd6e178e08da1c62cfeced4f463de51dd05e8e280bbd,2025-08-11T11:26:05.569000+00:00,kaspa:qpqpyavkqnp60q6t4sfctz4yp3n0ct963z65rxkd5ft32vkehnd3wx8jqctr2,kaspa:qzqthcpz3gscg8plnr9xay7qn6msq0cllarlyhyprru5wax2e0tpw0t76vjuy,100.0
6399b3c8f13a4ea2458abd6e178e08da1c62cfeced4f463de51dd05e8e280bbd,2025-08-11T11:26:05.569000+00:00,kaspa:qpqpyavkqnp60q6t4sfctz4yp3n0ct963z65rxkd5ft32vkehnd3wx8jqctr2,kaspa:qpqpyavkqnp60q6t4sfctz4yp3n0ct963z65rxkd5ft32vkehnd3wx8jqctr2,621656.12854781
9052ee3b0d99640595a961f1854a729a80df420fa94e76b98b4e1791054b40e6,2025-07-14T18:54:29.010000+00:00,kaspa:pzvycecx8nt0jj46zawtwgfdtlw662rwj8cwtmuhhtety655089hxcean3gc8,kaspa:qzqthcpz3gscg8plnr9xay7qn6msq0cllarlyhyprru5wax2e0tpw0t76vjuy,5.0
4df0ebbbc75e3c9ea097655a1595f528b531468f583c312060eb417b0eb2b3cb,2025-07-14T18:54:25.182000+00:00,kaspa:qzqthcpz3gscg8plnr9xay7qn6msq0cllarlyhyprru5wax2e0tpw0t76vjuy,kaspa:qz0x6lm2snqm0vznm3k7ft2hpuaynjlyz6xnwmzyzem6qpkstthyxzzuvz7ac,55.00009
4df0ebbbc75e3c9ea097655a1595f528b531468f583c312060eb417b0eb2b3cb,2025-07-14T18:54:25.182000+00:00,kaspa:qzqthcpz3gscg8plnr9xay7qn6msq0cllarlyhyprru5wax2e0tpw0t76vjuy,kaspa:qzqthcpz3gscg8plnr9xay7qn6msq0cllarlyhyprru5wax2e0tpw0t76vjuy,1.9343626
e9187f65e20395b9e9ba0f239eab6809c030e98f19dcd16633173d2801978795,2025-07-14T18:54:11.854000+00:00,kaspa:qpv7rgvyvs70mqepc59rs02nxsu4fz69cznyq0cvt72fmy7ktz8gv3y36v9jr,kaspa:qzqthcpz3gscg8plnr9xay7qn6msq0cllarlyhyprru5wax2e0tpw0t76vjuy,9.14957061
e00c4b34a73b3bf71290dbd1ddf96c7e698901ae271012b4a9f18adf0a926b05,2025-07-14T18:50:38.187000+00:00,kaspa:ppmfxhey4s4ujp2494t9xwfr65dtu44dwvuk6qlf588hgrjpn2g3q4ds5umkc,kaspa:qzqthcpz3gscg8plnr9xay7qn6msq0cllarlyhyprru5wax2e0tpw0t76vjuy,5.0
d0f7a0cc52e9e08108fd08d0cdf4293d7a41dd6c8967a17bebe12342643166d4,2025-07-14T18:50:35.966000+00:00,kaspa:qzqthcpz3gscg8plnr9xay7qn6msq0cllarlyhyprru5wax2e0tpw0t76vjuy,kaspa:ppmfxhey4s4ujp2494t9xwfr65dtu44dwvuk6qlf588hgrjpn2g3q4ds5umkc,5.00003
d0f7a0cc52e9e08108fd08d0cdf4293d7a41dd6c8967a17bebe12342643166d4,2025-07-14T18:50:35.966000+00:00,kaspa:qzqthcpz3gscg8plnr9xay7qn6msq0cllarlyhyprru5wax2e0tpw0t76vjuy,kaspa:qzqthcpz3gscg8plnr9xay7qn6msq0cllarlyhyprru5wax2e0tpw0t76vjuy,24.91662636
88a704f5a61a0b35ffb97ac6f1f0747f10ec3a7e214a76beae3d731afacd4ec1,2025-07-14T18:49:53.549000+00:00,kaspa:pry7kfx4tf54e9hd8urjnyqac4suadarel02gsc4z8q0hchsr0wszj5wt6j6m,kaspa:qzqthcpz3gscg8plnr9xay7qn6msq0cllarlyhyprru5wax2e0tpw0t76vjuy,5.0
6bd10f9eb3f8bde3db081c6fcf79fb8103a715121a5a4c6b1dccc35a17e4a906,2025-07-14T18:49:49.312000+00:00,kaspa:qzqthcpz3gscg8plnr9xay7qn6msq0cllarlyhyprru5wax2e0tpw0t76vjuy,kaspa:qpfmngldxmhg4a767t03gxpn9drx64w35dzs7v4c2xe5r2h4gt4l2dqaphdqg,280.00009
6bd10f9eb3f8bde3db081c6fcf79fb8103a715121a5a4c6b1dccc35a17e4a906,2025-07-14T18:49:49.312000+00:00,kaspa:qzqthcpz3gscg8plnr9xay7qn6msq0cllarlyhyprru5wax2e0tpw0t76vjuy,kaspa:qzqthcpz3gscg8plnr9xay7qn6msq0cllarlyhyprru5wax2e0tpw0t76vjuy,24.91670384
3a62f23288a60c9659998332083140854f92f097687080b36b4c535d896ab173,2025-07-14T18:49:09.606000+00:00,kaspa:qqmrmfrxgl6y8g63xkmds0n662cq36sranfzl98l00zrwmv8u2t02yc7ps75e,kaspa:qzqthcpz3gscg8plnr9xay7qn6msq0cllarlyhyprru5wax2e0tpw0t76vjuy,203.8758352
26abf079357ec848a4a60036dc22d8fbf91f45efb903f013eeaaf9e92ed43b88,2025-07-14T18:43:16.027000+00:00,kaspa:qzqthcpz3gscg8plnr9xay7qn6msq0cllarlyhyprru5wax2e0tpw0t76vjuy,kaspa:qqmrmfrxgl6y8g63xkmds0n662cq36sranfzl98l00zrwmv8u2t02yc7ps75e,50.0
26abf079357ec848a4a60036dc22d8fbf91f45efb903f013eeaaf9e92ed43b88,2025-07-14T18:43:16.027000+00:00,kaspa:qzqthcpz3gscg8plnr9xay7qn6msq0cllarlyhyprru5wax2e0tpw0t76vjuy,kaspa:qzqthcpz3gscg8plnr9xay7qn6msq0cllarlyhyprru5wax2e0tpw0t76vjuy,58.56806947
8cb8f4dd4ce8d85f94042073dfa95bb4c01aee54f5376fc4b88233028cc16a27,2025-07-14T18:41:30.226000+00:00,kaspa:qqmrmfrxgl6y8g63xkmds0n662cq36sranfzl98l00zrwmv8u2t02yc7ps75e,kaspa:qzqthcpz3gscg8plnr9xay7qn6msq0cllarlyhyprru5wax2e0tpw0t76vjuy,42.47295325
1717319043005c767ccd9efb5ed353ec9cbcc91c6736e73f94273d062bcc8a7c,2025-07-14T18:40:44.489000+00:00,kaspa:qypgmry906hggg7gunm9uu972m8tsszewvh8965ja5fyupgvd48urzg0cfju0rj,kaspa:qzqthcpz3gscg8plnr9xay7qn6msq0cllarlyhyprru5wax2e0tpw0t76vjuy,103.56811678
bad8175fb31538dab9c7fac92c6bbf401feb44a262fa58802a02decbdd882e14,2025-06-20T20:58:13.149000+00:00,kaspa:pqmps89pr5a4qamm9c3a9lrhhv3dcrx8mk7zjx9z4uqm54an97hnq6fffvsvc,kaspa:qzqthcpz3gscg8plnr9xay7qn6msq0cllarlyhyprru5wax2e0tpw0t76vjuy,5.0
f941be948a6eb825c4433f14e3aac231631d8901ecd582db3d472189b8465610,2025-06-20T20:58:11.090000+00:00,kaspa:qzqthcpz3gscg8plnr9xay7qn6msq0cllarlyhyprru5wax2e0tpw0t76vjuy,kaspa:pqmps89pr5a4qamm9c3a9lrhhv3dcrx8mk7zjx9z4uqm54an97hnq6fffvsvc,5.00003
f941be948a6eb825c4433f14e3aac231631d8901ecd582db3d472189b8465610,2025-06-20T20:58:11.090000+00:00,kaspa:qzqthcpz3gscg8plnr9xay7qn6msq0cllarlyhyprru5wax2e0tpw0t76vjuy,kaspa:qzqthcpz3gscg8plnr9xay7qn6msq0cllarlyhyprru5wax2e0tpw0t76vjuy,22.86831971
6f1cbdf065e05b48ab5b587f4ca06a23b88598ed103b9816a48ebdbdff0da284,2025-06-20T20:19:07.754000+00:00,kaspa:qzqthcpz3gscg8plnr9xay7qn6msq0cllarlyhyprru5wax2e0tpw0t76vjuy,kaspa:ppyh9xqddjvke38k54rz5ter3hqu9a2gqs8u03e2htu2x043lc8m7wyty3twm,361.0
6f1cbdf065e05b48ab5b587f4ca06a23b88598ed103b9816a48ebdbdff0da284,2025-06-20T20:19:07.754000+00:00,kaspa:qzqthcpz3gscg8plnr9xay7qn6msq0cllarlyhyprru5wax2e0tpw0t76vjuy,kaspa:qqkm7pcztna2mm8vfymvqwmrwrudxc6fmh6s7lfc7w8yhlz6ywnkvqutw3m8l,36.0
6f1cbdf065e05b48ab5b587f4ca06a23b88598ed103b9816a48ebdbdff0da284,2025-06-20T20:19:07.754000+00:00,kaspa:qzqthcpz3gscg8plnr9xay7qn6msq0cllarlyhyprru5wax2e0tpw0t76vjuy,kaspa:qzqthcpz3gscg8plnr9xay7qn6msq0cllarlyhyprru5wax2e0tpw0t76vjuy,27.86838088
fdf6a09e55e7fafd40619fe23663447ab2ad4ccfcd20c5d1f446eb59987b3de2,2025-06-20T20:16:04.483000+00:00,kaspa:qpqpyavkqnp60q6t4sfctz4yp3n0ct963z65rxkd5ft32vkehnd3wx8jqctr2,kaspa:qzqthcpz3gscg8plnr9xay7qn6msq0cllarlyhyprru5wax2e0tpw0t76vjuy,424.86840547
fdf6a09e55e7fafd40619fe23663447ab2ad4ccfcd20c5d1f446eb59987b3de2,2025-06-20T20:16:04.483000+00:00,kaspa:qpqpyavkqnp60q6t4sfctz4yp3n0ct963z65rxkd5ft32vkehnd3wx8jqctr2,kaspa:qpqpyavkqnp60q6t4sfctz4yp3n0ct963z65rxkd5ft32vkehnd3wx8jqctr2,457561.8867009
