tx_id,timestamp,sender,recipient,amount_kas
3bed3318a5dee93c8fb4f21ff44801ccb8b0169ac02bc4c866fc1d25ae1c8efb,2025-08-21T21:58:11.076000+00:00,kaspa:qqce3azurzjzuekkmds3wf3la887pu835d5ftxvs93vld8u0vj40ch2m88wf2,kaspa:qpw54uu442fhlerranr4fvvjjhtl87klfqth2gwlezr0vtdk3jh2xpaltxjjz,206.79749753
920a6eb9f28dddfb44d228d3bc44ec7434e046a24bb9564a1590302787617ccf,2025-08-21T21:28:24.110000+00:00,kaspa:pr3w3c9e3dlk0u4htzugc6455dcj2w2dwx6d64egxrperupk296xsrygnhwy8,kaspa:qqce3azurzjzuekkmds3wf3la887pu835d5ftxvs93vld8u0vj40ch2m88wf2,0.8024424460237777
920a6eb9f28dddfb44d228d3bc44ec7434e046a24bb9564a1590302787617ccf,2025-08-21T21:28:24.110000+00:00,kaspa:qq2elrsu5jq0rl2vu7py792gzenew7ygvevp5tut85e6g5lpzf7j5qhs33j26,kaspa:qqce3azurzjzuekkmds3wf3la887pu835d5ftxvs93vld8u0vj40ch2m88wf2,200.19763171397622
69ddd9d507e96fc81ca6c50b7e1d7bfa374792a5dcb7efc31c329705f3b5ade9,2025-08-21T21:09:18.664000+00:00,kaspa:qqce3azurzjzuekkmds3wf3la887pu835d5ftxvs93vld8u0vj40ch2m88wf2,kaspa:pr3w3c9e3dlk0u4htzugc6455dcj2w2dwx6d64egxrperupk296xsrygnhwy8,0.8529412583957579
69ddd9d507e96fc81ca6c50b7e1d7bfa374792a5dcb7efc31c329705f3b5ade9,2025-08-21T21:09:18.664000+00:00,kaspa:pq3jf0ag0yutas505p4gmjwcxhkc5xtx7cqh3vmelc4qal7jxfh8y6zgqcjh2,kaspa:qqce3azurzjzuekkmds3wf3la887pu835d5ftxvs93vld8u0vj40ch2m88wf2,0.8529325031660712
69ddd9d507e96fc81ca6c50b7e1d7bfa374792a5dcb7efc31c329705f3b5ade9,2025-08-21T21:09:18.664000+00:00,kaspa:qqce3azurzjzuekkmds3wf3la887pu835d5ftxvs93vld8u0vj40ch2m88wf2,kaspa:qqce3azurzjzuekkmds3wf3la887pu835d5ftxvs93vld8u0vj40ch2m88wf2,4.944518286833929
591ca23be07dd305185ebb920c2c41e839702190f301f52e622d08bced5de3d3,2025-08-21T21:09:14.308000+00:00,kaspa:qqce3azurzjzuekkmds3wf3la887pu835d5ftxvs93vld8u0vj40ch2m88wf2,kaspa:pq3jf0ag0yutas505p4gmjwcxhkc5xtx7cqh3vmelc4qal7jxfh8y6zgqcjh2,1.00007416
591ca23be07dd305185ebb920c2c41e839702190f301f52e622d08bced5de3d3,2025-08-21T21:09:14.308000+00:00,kaspa:qqce3azurzjzuekkmds3wf3la887pu835d5ftxvs93vld8u0vj40ch2m88wf2,kaspa:qqce3azurzjzuekkmds3wf3la887pu835d5ftxvs93vld8u0vj40ch2m88wf2,5.7975103
eea2b3b817c93406ab1f9829dafb670b63f6f21a6b6f599951dc4884fbdc1c32,2025-08-21T20:37:48.345000+00:00,kaspa:qqce3azurzjzuekkmds3wf3la887pu835d5ftxvs93vld8u0vj40ch2m88wf2,kaspa:qqce3azurzjzuekkmds3wf3la887pu835d5ftxvs93vld8u0vj40ch2m88wf2,5.797646704819633
eea2b3b817c93406ab1f9829dafb670b63f6f21a6b6f599951dc4884fbdc1c32,2025-08-21T20:37:48.345000+00:00,kaspa:pr3w3c9e3dlk0u4htzugc6455dcj2w2dwx6d64egxrperupk296xsrygnhwy8,kaspa:qqce3azurzjzuekkmds3wf3la887pu835d5ftxvs93vld8u0vj40ch2m88wf2,1.0000402751803674
a12c17f788eb309834c94d281f012b897d29473d5dd4be690321ac17c07962d6,2025-08-21T20:37:12.948000+00:00,kaspa:qqce3azurzjzuekkmds3wf3la887pu835d5ftxvs93vld8u0vj40ch2m88wf2,kaspa:pr3w3c9e3dlk0u4htzugc6455dcj2w2dwx6d64egxrperupk296xsrygnhwy8,0.8529244027232556
a12c17f788eb309834c94d281f012b897d29473d5dd4be690321ac17c07962d6,2025-08-21T20:37:12.948000+00:00,kaspa:pq3jf0ag0yutas505p4gmjwcxhkc5xtx7cqh3vmelc4qal7jxfh8y6zgqcjh2,kaspa:qqce3azurzjzuekkmds3wf3la887pu835d5ftxvs93vld8u0vj40ch2m88wf2,0.8529156479988973
a12c17f788eb309834c94d281f012b897d29473d5dd4be690321ac17c07962d6,2025-08-21T20:37:12.948000+00:00,kaspa:qqce3azurzjzuekkmds3wf3la887pu835d5ftxvs93vld8u0vj40ch2m88wf2,kaspa:qqce3azurzjzuekkmds3wf3la887pu835d5ftxvs93vld8u0vj40ch2m88wf2,4.944755202001103
08876d297d6e5a2d6b63e6d2536dfe620cc1e33df406396357fb219ae4e62897,2025-08-21T20:37:07.859000+00:00,kaspa:qqce3azurzjzuekkmds3wf3la887pu835d5ftxvs93vld8u0vj40ch2m88wf2,kaspa:pq3jf0ag0yutas505p4gmjwcxhkc5xtx7cqh3vmelc4qal7jxfh8y6zgqcjh2,1.00004444
08876d297d6e5a2d6b63e6d2536dfe620cc1e33df406396357fb219ae4e62897,2025-08-21T20:37:07.859000+00:00,kaspa:qqce3azurzjzuekkmds3wf3la887pu835d5ftxvs93vld8u0vj40ch2m88wf2,kaspa:qqce3azurzjzuekkmds3wf3la887pu835d5ftxvs93vld8u0vj40ch2m88wf2,5.79773036
a652a44e943e86c321a8ea21f8d2272455034a41cc3b7adda2ee19890e9c627c,2025-08-21T20:30:40.699000+00:00,kaspa:qqce3azurzjzuekkmds3wf3la887pu835d5ftxvs93vld8u0vj40ch2m88wf2,kaspa:qpw54uu442fhlerranr4fvvjjhtl87klfqth2gwlezr0vtdk3jh2xpaltxjjz,330.0
a652a44e943e86c321a8ea21f8d2272455034a41cc3b7adda2ee19890e9c627c,2025-08-21T20:30:40.699000+00:00,kaspa:qqce3azurzjzuekkmds3wf3la887pu835d5ftxvs93vld8u0vj40ch2m88wf2,kaspa:qqce3azurzjzuekkmds3wf3la887pu835d5ftxvs93vld8u0vj40ch2m88wf2,6.79787732
dd2e39d9e02e3a8fd9572c4c7e196d00aee7e40c3c404ab9f8af515bde6b5ba6,2025-08-21T20:28:41.562000+00:00,kaspa:qqce3azurzjzuekkmds3wf3la887pu835d5ftxvs93vld8u0vj40ch2m88wf2,kaspa:qqce3azurzjzuekkmds3wf3la887pu835d5ftxvs93vld8u0vj40ch2m88wf2,193.79790970005624
dd2e39d9e02e3a8fd9572c4c7e196d00aee7e40c3c404ab9f8af515bde6b5ba6,2025-08-21T20:28:41.562000+00:00,kaspa:pzex8nlq9awq48s9lfmuuh7clsjt4w47wpkegql8keqfcgaj4g8ezjgcxauaq,kaspa:qqce3azurzjzuekkmds3wf3la887pu835d5ftxvs93vld8u0vj40ch2m88wf2,142.9999879799438
07c53cd3a26dc5e1a0edd2dd6c4e2fc19a3f7c6853871cb4b368b82c71c87c0a,2025-08-21T20:24:41.039000+00:00,kaspa:qqce3azurzjzuekkmds3wf3la887pu835d5ftxvs93vld8u0vj40ch2m88wf2,kaspa:pzex8nlq9awq48s9lfmuuh7clsjt4w47wpkegql8keqfcgaj4g8ezjgcxauaq,224.0
07c53cd3a26dc5e1a0edd2dd6c4e2fc19a3f7c6853871cb4b368b82c71c87c0a,2025-08-21T20:24:41.039000+00:00,kaspa:qqce3azurzjzuekkmds3wf3la887pu835d5ftxvs93vld8u0vj40ch2m88wf2,kaspa:qqce3azurzjzuekkmds3wf3la887pu835d5ftxvs93vld8u0vj40ch2m88wf2,193.79792599
9c56b5ea760f8ef5cae0c710e87d043318a229a40f1a198236b60773c6bfa370,2025-08-21T20:24:02.368000+00:00,kaspa:pr3w3c9e3dlk0u4htzugc6455dcj2w2dwx6d64egxrperupk296xsrygnhwy8,kaspa:qqce3azurzjzuekkmds3wf3la887pu835d5ftxvs93vld8u0vj40ch2m88wf2,0.6476551341336615
9c56b5ea760f8ef5cae0c710e87d043318a229a40f1a198236b60773c6bfa370,2025-08-21T20:24:02.368000+00:00,kaspa:qzxth5fn3uenclnr724mhw37y6lwdkufhjxe9nzecxyz0pvltkd3vczzf2t0d,kaspa:qqce3azurzjzuekkmds3wf3la887pu835d5ftxvs93vld8u0vj40ch2m88wf2,400.35238724586634
b9ecf1cf3feb51f2ea608fc31f2a62206f69ef4ad7fd6f65aa646c2ec05772a0,2025-08-21T20:21:22.720000+00:00,kaspa:qqce3azurzjzuekkmds3wf3la887pu835d5ftxvs93vld8u0vj40ch2m88wf2,kaspa:pr3w3c9e3dlk0u4htzugc6455dcj2w2dwx6d64egxrperupk296xsrygnhwy8,0.9441656118397326
b9ecf1cf3feb51f2ea608fc31f2a62206f69ef4ad7fd6f65aa646c2ec05772a0,2025-08-21T20:21:22.720000+00:00,kaspa:pzpdfc3g8vk3rk9pft8jesdfpmffthw7zv6r48l95c0mp77tu24wwxrm5zr0w,kaspa:qqce3azurzjzuekkmds3wf3la887pu835d5ftxvs93vld8u0vj40ch2m88wf2,0.9441608798367792
b9ecf1cf3feb51f2ea608fc31f2a62206f69ef4ad7fd6f65aa646c2ec05772a0,2025-08-21T20:21:22.720000+00:00,kaspa:qqce3azurzjzuekkmds3wf3la887pu835d5ftxvs93vld8u0vj40ch2m88wf2,kaspa:qqce3azurzjzuekkmds3wf3la887pu835d5ftxvs93vld8u0vj40ch2m88wf2,15.953754380163222
ae8e7152f997f4ebb072d7040e9e26c9d06aaddee62bc16b4a0b166bee821df8,2025-08-21T20:21:18.071000+00:00,kaspa:qqce3azurzjzuekkmds3wf3la887pu835d5ftxvs93vld8u0vj40ch2m88wf2,kaspa:pzpdfc3g8vk3rk9pft8jesdfpmffthw7zv6r48l95c0mp77tu24wwxrm5zr0w,1.00004238
ae8e7152f997f4ebb072d7040e9e26c9d06aaddee62bc16b4a0b166bee821df8,2025-08-21T20:21:18.071000+00:00,kaspa:qqce3azurzjzuekkmds3wf3la887pu835d5ftxvs93vld8u0vj40ch2m88wf2,kaspa:qqce3azurzjzuekkmds3wf3la887pu835d5ftxvs93vld8u0vj40ch2m88wf2,16.89799995
47855e17c365eb48ed84a3235dc986b95998230965ef5982600894d46bfd4898,2025-08-21T20:19:42.683000+00:00,kaspa:qqce3azurzjzuekkmds3wf3la887pu835d5ftxvs93vld8u0vj40ch2m88wf2,kaspa:qqce3azurzjzuekkmds3wf3la887pu835d5ftxvs93vld8u0vj40ch2m88wf2,13.898148976903475
47855e17c365eb48ed84a3235dc986b95998230965ef5982600894d46bfd4898,2025-08-21T20:19:42.683000+00:00,kaspa:pzex8nlq9awq48s9lfmuuh7clsjt4w47wpkegql8keqfcgaj4g8ezjgcxauaq,kaspa:qqce3azurzjzuekkmds3wf3la887pu835d5ftxvs93vld8u0vj40ch2m88wf2,3.9999936730965273
b1d91b4ff7285078be236ecd294fd5111811b2162f664407d100837bb6fb0c8d,2025-08-21T20:16:59.594000+00:00,kaspa:qqce3azurzjzuekkmds3wf3la887pu835d5ftxvs93vld8u0vj40ch2m88wf2,kaspa:qqce3azurzjzuekkmds3wf3la887pu835d5ftxvs93vld8u0vj40ch2m88wf2,12.898107267088422
b1d91b4ff7285078be236ecd294fd5111811b2162f664407d100837bb6fb0c8d,2025-08-21T20:16:59.594000+00:00,kaspa:pr3w3c9e3dlk0u4htzugc6455dcj2w2dwx6d64egxrperupk296xsrygnhwy8,kaspa:qqce3azurzjzuekkmds3wf3la887pu835d5ftxvs93vld8u0vj40ch2m88wf2,1.0000636929115783
42de54e50f064363ffd68c315eb717eb4798cc8262c369bc689d6835ee4dba94,2025-08-21T20:16:30.739000+00:00,kaspa:qqce3azurzjzuekkmds3wf3la887pu835d5ftxvs93vld8u0vj40ch2m88wf2,kaspa:pzex8nlq9awq48s9lfmuuh7clsjt4w47wpkegql8keqfcgaj4g8ezjgcxauaq,70.0
42de54e50f064363ffd68c315eb717eb4798cc8262c369bc689d6835ee4dba94,2025-08-21T20:16:30.739000+00:00,kaspa:qqce3azurzjzuekkmds3wf3la887pu835d5ftxvs93vld8u0vj40ch2m88wf2,kaspa:qqce3azurzjzuekkmds3wf3la887pu835d5ftxvs93vld8u0vj40ch2m88wf2,12.89813354
f571cd7954fc72eee1509e2a53acc8b324bf9d04247cef237e499459400358fe,2025-08-21T20:16:17.752000+00:00,kaspa:pzex8nlq9awq48s9lfmuuh7clsjt4w47wpkegql8keqfcgaj4g8ezjgcxauaq,kaspa:qqce3azurzjzuekkmds3wf3la887pu835d5ftxvs93vld8u0vj40ch2m88wf2,3.0
ca3d6f2e116bb9abb729a78c8a14f07926f51dd19acd72ed20913ed1e06b1459,2025-08-21T20:16:13.226000+00:00,kaspa:qqce3azurzjzuekkmds3wf3la887pu835d5ftxvs93vld8u0vj40ch2m88wf2,kaspa:pzex8nlq9awq48s9lfmuuh7clsjt4w47wpkegql8keqfcgaj4g8ezjgcxauaq,4.0
ca3d6f2e116bb9abb729a78c8a14f07926f51dd19acd72ed20913ed1e06b1459,2025-08-21T20:16:13.226000+00:00,kaspa:qqce3azurzjzuekkmds3wf3la887pu835d5ftxvs93vld8u0vj40ch2m88wf2,kaspa:qqce3azurzjzuekkmds3wf3la887pu835d5ftxvs93vld8u0vj40ch2m88wf2,79.99816519
fbd04b3f0b88fcf62986a045771ba3a86962cbd08c877a882f4de83a952353ea,2025-08-21T20:15:53.351000+00:00,kaspa:pzex8nlq9awq48s9lfmuuh7clsjt4w47wpkegql8keqfcgaj4g8ezjgcxauaq,kaspa:qqce3azurzjzuekkmds3wf3la887pu835d5ftxvs93vld8u0vj40ch2m88wf2,3.0
03c8738a59d6deac99522c7c72d4d1f88ff0e5a35ca7c009dba9a8f8f8b3a578,2025-08-21T20:15:49.908000+00:00,kaspa:qqce3azurzjzuekkmds3wf3la887pu835d5ftxvs93vld8u0vj40ch2m88wf2,kaspa:pzex8nlq9awq48s9lfmuuh7clsjt4w47wpkegql8keqfcgaj4g8ezjgcxauaq,4.0
03c8738a59d6deac99522c7c72d4d1f88ff0e5a35ca7c009dba9a8f8f8b3a578,2025-08-21T20:15:49.908000+00:00,kaspa:qqce3azurzjzuekkmds3wf3la887pu835d5ftxvs93vld8u0vj40ch2m88wf2,kaspa:qqce3azurzjzuekkmds3wf3la887pu835d5ftxvs93vld8u0vj40ch2m88wf2,80.99819684
37a0a283387d73712889ca4b50321bb868bf4318c7df72aacf7643b97741d8b4,2025-08-21T20:14:55.038000+00:00,kaspa:qqce3azurzjzuekkmds3wf3la887pu835d5ftxvs93vld8u0vj40ch2m88wf2,kaspa:pr3w3c9e3dlk0u4htzugc6455dcj2w2dwx6d64egxrperupk296xsrygnhwy8,0.9877182009475494
37a0a283387d73712889ca4b50321bb868bf4318c7df72aacf7643b97741d8b4,2025-08-21T20:14:55.038000+00:00,kaspa:pqp8kc2fykunxq7pcd8wmfw6s6tngvws2l7vj3mzj6jx4luah0v3y4wtwu2j7,kaspa:qqce3azurzjzuekkmds3wf3la887pu835d5ftxvs93vld8u0vj40ch2m88wf2,0.987716997883396
37a0a283387d73712889ca4b50321bb868bf4318c7df72aacf7643b97741d8b4,2025-08-21T20:14:55.038000+00:00,kaspa:qqce3azurzjzuekkmds3wf3la887pu835d5ftxvs93vld8u0vj40ch2m88wf2,kaspa:qqce3azurzjzuekkmds3wf3la887pu835d5ftxvs93vld8u0vj40ch2m88wf2,79.01063055211661
34fde07dcf33a1ebda27c47588aa237193aa500074b7b73ac7c8c9b54c5e64e8,2025-08-21T20:14:52.195000+00:00,kaspa:qqce3azurzjzuekkmds3wf3la887pu835d5ftxvs93vld8u0vj40ch2m88wf2,kaspa:pqp8kc2fykunxq7pcd8wmfw6s6tngvws2l7vj3mzj6jx4luah0v3y4wtwu2j7,1.00006573
34fde07dcf33a1ebda27c47588aa237193aa500074b7b73ac7c8c9b54c5e64e8,2025-08-21T20:14:52.195000+00:00,kaspa:qqce3azurzjzuekkmds3wf3la887pu835d5ftxvs93vld8u0vj40ch2m88wf2,kaspa:qqce3azurzjzuekkmds3wf3la887pu835d5ftxvs93vld8u0vj40ch2m88wf2,4.99988094
6627e50b095a260a72b166bf82a771debb7dbec5ec6fef74397d1b45dc7294d9,2025-08-21T20:14:14.213000+00:00,kaspa:pzex8nlq9awq48s9lfmuuh7clsjt4w47wpkegql8keqfcgaj4g8ezjgcxauaq,kaspa:qqce3azurzjzuekkmds3wf3la887pu835d5ftxvs93vld8u0vj40ch2m88wf2,3.0
98fe870f1eb0b468620cf5cc99892b5d1d31e2efba3f0a143b01178752ec5ba7,2025-08-21T20:14:12.668000+00:00,kaspa:qqce3azurzjzuekkmds3wf3la887pu835d5ftxvs93vld8u0vj40ch2m88wf2,kaspa:pzex8nlq9awq48s9lfmuuh7clsjt4w47wpkegql8keqfcgaj4g8ezjgcxauaq,4.0
98fe870f1eb0b468620cf5cc99892b5d1d31e2efba3f0a143b01178752ec5ba7,2025-08-21T20:14:12.668000+00:00,kaspa:qqce3azurzjzuekkmds3wf3la887pu835d5ftxvs93vld8u0vj40ch2m88wf2,kaspa:qqce3azurzjzuekkmds3wf3la887pu835d5ftxvs93vld8u0vj40ch2m88wf2,79.99844499
c50bb069703d66826ce0c0c6406c5bfece01ea9eb0f688e2d945f8f09b7c3890,2025-08-21T20:14:03.809000+00:00,kaspa:pzex8nlq9awq48s9lfmuuh7clsjt4w47wpkegql8keqfcgaj4g8ezjgcxauaq,kaspa:qqce3azurzjzuekkmds3wf3la887pu835d5ftxvs93vld8u0vj40ch2m88wf2,3.0
b8065620ace84ff30ae3991ccfe65a33cd66b90821c6525c4a9069beaf398461,2025-08-21T20:13:59+00:00,kaspa:qqce3azurzjzuekkmds3wf3la887pu835d5ftxvs93vld8u0vj40ch2m88wf2,kaspa:pzex8nlq9awq48s9lfmuuh7clsjt4w47wpkegql8keqfcgaj4g8ezjgcxauaq,4.0
b8065620ace84ff30ae3991ccfe65a33cd66b90821c6525c4a9069beaf398461,2025-08-21T20:13:59+00:00,kaspa:qqce3azurzjzuekkmds3wf3la887pu835d5ftxvs93vld8u0vj40ch2m88wf2,kaspa:qqce3azurzjzuekkmds3wf3la887pu835d5ftxvs93vld8u0vj40ch2m88wf2,79.99880346
f0ab71e32e00354a53317b8744136bcdd954265fef19d5d62bca1846ecd7665b,2025-08-21T20:13:55.351000+00:00,kaspa:pzex8nlq9awq48s9lfmuuh7clsjt4w47wpkegql8keqfcgaj4g8ezjgcxauaq,kaspa:qqce3azurzjzuekkmds3wf3la887pu835d5ftxvs93vld8u0vj40ch2m88wf2,3.0
71f6146345c512b40e216da69f7934728d562f82311d5a4f769403256d9f8fef,2025-08-21T20:13:51.399000+00:00,kaspa:qqce3azurzjzuekkmds3wf3la887pu835d5ftxvs93vld8u0vj40ch2m88wf2,kaspa:pzex8nlq9awq48s9lfmuuh7clsjt4w47wpkegql8keqfcgaj4g8ezjgcxauaq,4.0
71f6146345c512b40e216da69f7934728d562f82311d5a4f769403256d9f8fef,2025-08-21T20:13:51.399000+00:00,kaspa:qqce3azurzjzuekkmds3wf3la887pu835d5ftxvs93vld8u0vj40ch2m88wf2,kaspa:qqce3azurzjzuekkmds3wf3la887pu835d5ftxvs93vld8u0vj40ch2m88wf2,0.99968436
b4fff0c19acc0f8f7faad565fab97835216997f9958207c3d641914be67d6bc8,2025-08-21T20:13:40.658000+00:00,kaspa:pzex8nlq9awq48s9lfmuuh7clsjt4w47wpkegql8keqfcgaj4g8ezjgcxauaq,kaspa:qqce3azurzjzuekkmds3wf3la887pu835d5ftxvs93vld8u0vj40ch2m88wf2,3.0
085972bf43fc83c4b432dd99dcd40f341ee559ac52c7b818cdd02236ef2a0800,2025-08-21T20:13:36.927000+00:00,kaspa:qqce3azurzjzuekkmds3wf3la887pu835d5ftxvs93vld8u0vj40ch2m88wf2,kaspa:pzex8nlq9awq48s9lfmuuh7clsjt4w47wpkegql8keqfcgaj4g8ezjgcxauaq,4.0
085972bf43fc83c4b432dd99dcd40f341ee559ac52c7b818cdd02236ef2a0800,2025-08-21T20:13:36.927000+00:00,kaspa:qqce3azurzjzuekkmds3wf3la887pu835d5ftxvs93vld8u0vj40ch2m88wf2,kaspa:qqce3azurzjzuekkmds3wf3la887pu835d5ftxvs93vld8u0vj40ch2m88wf2,80.99883511
841a6c56abae0c15da217c8662339f487c0b2b77f27c5c389e04df9d141d9429,2025-08-21T20:13:30.954000+00:00,kaspa:pzex8nlq9awq48s9lfmuuh7clsjt4w47wpkegql8keqfcgaj4g8ezjgcxauaq,kaspa:qqce3azurzjzuekkmds3wf3la887pu835d5ftxvs93vld8u0vj40ch2m88wf2,3.0
ae532329461c1628e03a0ac202044ceb2cfd3930fec1380a1cb22ddd2f1034c4,2025-08-21T20:13:26.131000+00:00,kaspa:qqce3azurzjzuekkmds3wf3la887pu835d5ftxvs93vld8u0vj40ch2m88wf2,kaspa:pzex8nlq9awq48s9lfmuuh7clsjt4w47wpkegql8keqfcgaj4g8ezjgcxauaq,4.0
ae532329461c1628e03a0ac202044ceb2cfd3930fec1380a1cb22ddd2f1034c4,2025-08-21T20:13:26.131000+00:00,kaspa:qqce3azurzjzuekkmds3wf3la887pu835d5ftxvs93vld8u0vj40ch2m88wf2,kaspa:qqce3azurzjzuekkmds3wf3la887pu835d5ftxvs93vld8u0vj40ch2m88wf2,1.99972938
d72a8e39f0200525121cee875ecd55b759ba199bb2ba83891da974b104cd3cbf,2025-08-21T20:13:06.798000+00:00,kaspa:pzex8nlq9awq48s9lfmuuh7clsjt4w47wpkegql8keqfcgaj4g8ezjgcxauaq,kaspa:qqce3azurzjzuekkmds3wf3la887pu835d5ftxvs93vld8u0vj40ch2m88wf2,3.0
39a676bd9ad1ccb49f65ad404b47155e815cec3dcfd4577e532acbd439c10708,2025-08-21T20:12:46.148000+00:00,kaspa:qqce3azurzjzuekkmds3wf3la887pu835d5ftxvs93vld8u0vj40ch2m88wf2,kaspa:pzex8nlq9awq48s9lfmuuh7clsjt4w47wpkegql8keqfcgaj4g8ezjgcxauaq,4.0
39a676bd9ad1ccb49f65ad404b47155e815cec3dcfd4577e532acbd439c10708,2025-08-21T20:12:46.148000+00:00,kaspa:qqce3azurzjzuekkmds3wf3la887pu835d5ftxvs93vld8u0vj40ch2m88wf2,kaspa:qqce3azurzjzuekkmds3wf3la887pu835d5ftxvs93vld8u0vj40ch2m88wf2,1.99996835
9ae6ce16e095700dda6552ba2b40eea4c966cc78dce311151ff56a525f797e8a,2025-08-21T20:12:41.059000+00:00,kaspa:pzex8nlq9awq48s9lfmuuh7clsjt4w47wpkegql8keqfcgaj4g8ezjgcxauaq,kaspa:qqce3azurzjzuekkmds3wf3la887pu835d5ftxvs93vld8u0vj40ch2m88wf2,3.0
e46cdddb1f87df756ce175067860c16e06f29d4ffb329e399b086bae0782ec43,2025-08-21T20:12:36.657000+00:00,kaspa:qqce3azurzjzuekkmds3wf3la887pu835d5ftxvs93vld8u0vj40ch2m88wf2,kaspa:pzex8nlq9awq48s9lfmuuh7clsjt4w47wpkegql8keqfcgaj4g8ezjgcxauaq,4.0
e46cdddb1f87df756ce175067860c16e06f29d4ffb329e399b086bae0782ec43,2025-08-21T20:12:36.657000+00:00,kaspa:qqce3azurzjzuekkmds3wf3la887pu835d5ftxvs93vld8u0vj40ch2m88wf2,kaspa:qqce3azurzjzuekkmds3wf3la887pu835d5ftxvs93vld8u0vj40ch2m88wf2,0.99980386
c04ede952b0e2ffeff767548c1e549522a3ed5c5856b0c048bedb95de3c1a4ea,2025-08-21T20:12:21.329000+00:00,kaspa:pzex8nlq9awq48s9lfmuuh7clsjt4w47wpkegql8keqfcgaj4g8ezjgcxauaq,kaspa:qqce3azurzjzuekkmds3wf3la887pu835d5ftxvs93vld8u0vj40ch2m88wf2,3.0
9eeb45411b067cd7187e3547220f72f0e21bdbdddfa1a138d8b4d4ab322eb537,2025-08-21T20:12:20.123000+00:00,kaspa:qqce3azurzjzuekkmds3wf3la887pu835d5ftxvs93vld8u0vj40ch2m88wf2,kaspa:pzex8nlq9awq48s9lfmuuh7clsjt4w47wpkegql8keqfcgaj4g8ezjgcxauaq,4.0
9eeb45411b067cd7187e3547220f72f0e21bdbdddfa1a138d8b4d4ab322eb537,2025-08-21T20:12:20.123000+00:00,kaspa:qqce3azurzjzuekkmds3wf3la887pu835d5ftxvs93vld8u0vj40ch2m88wf2,kaspa:qqce3azurzjzuekkmds3wf3la887pu835d5ftxvs93vld8u0vj40ch2m88wf2,81.99886676
d6697f5ef32c91a401e1141f0023f64682ed21f1a9f0f5b72ef3a8f7a909cdc3,2025-08-21T20:12:13.890000+00:00,kaspa:pzex8nlq9awq48s9lfmuuh7clsjt4w47wpkegql8keqfcgaj4g8ezjgcxauaq,kaspa:qqce3azurzjzuekkmds3wf3la887pu835d5ftxvs93vld8u0vj40ch2m88wf2,3.0
a5e06b1e4280f1143cb15d38dea78b2204f59458c79eab4482619c8816e3014d,2025-08-21T20:12:11.793000+00:00,kaspa:qqce3azurzjzuekkmds3wf3la887pu835d5ftxvs93vld8u0vj40ch2m88wf2,kaspa:pzex8nlq9awq48s9lfmuuh7clsjt4w47wpkegql8keqfcgaj4g8ezjgcxauaq,4.0
a5e06b1e4280f1143cb15d38dea78b2204f59458c79eab4482619c8816e3014d,2025-08-21T20:12:11.793000+00:00,kaspa:qqce3azurzjzuekkmds3wf3la887pu835d5ftxvs93vld8u0vj40ch2m88wf2,kaspa:qqce3azurzjzuekkmds3wf3la887pu835d5ftxvs93vld8u0vj40ch2m88wf2,1.99984887
14271c701fa4c0616b7a6826eaf132a70cdf4af19c8cbc94f03818df32b5d285,2025-08-21T20:12:06.323000+00:00,kaspa:pzex8nlq9awq48s9lfmuuh7clsjt4w47wpkegql8keqfcgaj4g8ezjgcxauaq,kaspa:qqce3azurzjzuekkmds3wf3la887pu835d5ftxvs93vld8u0vj40ch2m88wf2,3.0
0d9d30f120e4a77d32bdbd8e980833f85f44a44fe55ec0d48525d07cf6acf237,2025-08-21T20:12:03.140000+00:00,kaspa:qqce3azurzjzuekkmds3wf3la887pu835d5ftxvs93vld8u0vj40ch2m88wf2,kaspa:pzex8nlq9awq48s9lfmuuh7clsjt4w47wpkegql8keqfcgaj4g8ezjgcxauaq,4.0
0d9d30f120e4a77d32bdbd8e980833f85f44a44fe55ec0d48525d07cf6acf237,2025-08-21T20:12:03.140000+00:00,kaspa:qqce3azurzjzuekkmds3wf3la887pu835d5ftxvs93vld8u0vj40ch2m88wf2,kaspa:qqce3azurzjzuekkmds3wf3la887pu835d5ftxvs93vld8u0vj40ch2m88wf2,85.99889181
9a4a40b3398d0aedd0b3e5cdaf4695250b42d232dbd497f559a5576bf9c7b7fb,2025-08-21T20:11:56.992000+00:00,kaspa:pzex8nlq9awq48s9lfmuuh7clsjt4w47wpkegql8keqfcgaj4g8ezjgcxauaq,kaspa:qqce3azurzjzuekkmds3wf3la887pu835d5ftxvs93vld8u0vj40ch2m88wf2,3.0
601f8af363327757a033e06e997ed4653e3d87a806d8101bdabfc6599f1e31d2,2025-08-21T20:11:52.963000+00:00,kaspa:qqce3azurzjzuekkmds3wf3la887pu835d5ftxvs93vld8u0vj40ch2m88wf2,kaspa:pzex8nlq9awq48s9lfmuuh7clsjt4w47wpkegql8keqfcgaj4g8ezjgcxauaq,4.0
601f8af363327757a033e06e997ed4653e3d87a806d8101bdabfc6599f1e31d2,2025-08-21T20:11:52.963000+00:00,kaspa:qqce3azurzjzuekkmds3wf3la887pu835d5ftxvs93vld8u0vj40ch2m88wf2,kaspa:qqce3azurzjzuekkmds3wf3la887pu835d5ftxvs93vld8u0vj40ch2m88wf2,2.99988052
ebb1c6bc6a9ecbd060d80d18db1a90cf5bcc047a7434b2adae0a6f03c21d58f4,2025-08-21T20:11:40.238000+00:00,kaspa:pzex8nlq9awq48s9lfmuuh7clsjt4w47wpkegql8keqfcgaj4g8ezjgcxauaq,kaspa:qqce3azurzjzuekkmds3wf3la887pu835d5ftxvs93vld8u0vj40ch2m88wf2,3.0
49d014e489d9e8292c2be440c18766a661fb7f0b7acef982f6ec9b49d0350323,2025-08-21T20:11:36.512000+00:00,kaspa:qqce3azurzjzuekkmds3wf3la887pu835d5ftxvs93vld8u0vj40ch2m88wf2,kaspa:pzex8nlq9awq48s9lfmuuh7clsjt4w47wpkegql8keqfcgaj4g8ezjgcxauaq,4.0
49d014e489d9e8292c2be440c18766a661fb7f0b7acef982f6ec9b49d0350323,2025-08-21T20:11:36.512000+00:00,kaspa:qqce3azurzjzuekkmds3wf3la887pu835d5ftxvs93vld8u0vj40ch2m88wf2,kaspa:qqce3azurzjzuekkmds3wf3la887pu835d5ftxvs93vld8u0vj40ch2m88wf2,0.99992335
5896b8d5339c4c4f1ddc0db76ea61a4b3fe04412451a7e430748046f91d2908e,2025-08-21T20:11:33.059000+00:00,kaspa:pzex8nlq9awq48s9lfmuuh7clsjt4w47wpkegql8keqfcgaj4g8ezjgcxauaq,kaspa:qqce3azurzjzuekkmds3wf3la887pu835d5ftxvs93vld8u0vj40ch2m88wf2,3.0
ce53182a29363fab4ef0683732aa5a4c3952c5befee76d95ff98847867fe29a5,2025-08-21T20:11:29.834000+00:00,kaspa:qqce3azurzjzuekkmds3wf3la887pu835d5ftxvs93vld8u0vj40ch2m88wf2,kaspa:pzex8nlq9awq48s9lfmuuh7clsjt4w47wpkegql8keqfcgaj4g8ezjgcxauaq,4.0
ce53182a29363fab4ef0683732aa5a4c3952c5befee76d95ff98847867fe29a5,2025-08-21T20:11:29.834000+00:00,kaspa:qqce3azurzjzuekkmds3wf3la887pu835d5ftxvs93vld8u0vj40ch2m88wf2,kaspa:qqce3azurzjzuekkmds3wf3la887pu835d5ftxvs93vld8u0vj40ch2m88wf2,89.99891686
154cb735ae2f7524d869c477d116843518597e0e6ed13c7118d33a9a1a047d9e,2025-08-21T20:11:25.815000+00:00,kaspa:pzex8nlq9awq48s9lfmuuh7clsjt4w47wpkegql8keqfcgaj4g8ezjgcxauaq,kaspa:qqce3azurzjzuekkmds3wf3la887pu835d5ftxvs93vld8u0vj40ch2m88wf2,3.0
01fb2f48bc49a3c30245a5df2c217c0d4141d6d9a4caddde6a139c684a6e0895,2025-08-21T20:11:21.926000+00:00,kaspa:qqce3azurzjzuekkmds3wf3la887pu835d5ftxvs93vld8u0vj40ch2m88wf2,kaspa:pzex8nlq9awq48s9lfmuuh7clsjt4w47wpkegql8keqfcgaj4g8ezjgcxauaq,4.0
01fb2f48bc49a3c30245a5df2c217c0d4141d6d9a4caddde6a139c684a6e0895,2025-08-21T20:11:21.926000+00:00,kaspa:qqce3azurzjzuekkmds3wf3la887pu835d5ftxvs93vld8u0vj40ch2m88wf2,kaspa:qqce3azurzjzuekkmds3wf3la887pu835d5ftxvs93vld8u0vj40ch2m88wf2,1.99996835
77849505ec1889cbc50b57d43bb11c53d49e2192e890af23042ee26b36006877,2025-08-21T20:11:02.258000+00:00,kaspa:pzex8nlq9awq48s9lfmuuh7clsjt4w47wpkegql8keqfcgaj4g8ezjgcxauaq,kaspa:qqce3azurzjzuekkmds3wf3la887pu835d5ftxvs93vld8u0vj40ch2m88wf2,3.0
848ba2436bcdb131ef3655f0df424140bb1f9340dab03475da469bb8d2bbf5c1,2025-08-21T20:10:58.007000+00:00,kaspa:qqce3azurzjzuekkmds3wf3la887pu835d5ftxvs93vld8u0vj40ch2m88wf2,kaspa:pzex8nlq9awq48s9lfmuuh7clsjt4w47wpkegql8keqfcgaj4g8ezjgcxauaq,4.0
848ba2436bcdb131ef3655f0df424140bb1f9340dab03475da469bb8d2bbf5c1,2025-08-21T20:10:58.007000+00:00,kaspa:qqce3azurzjzuekkmds3wf3la887pu835d5ftxvs93vld8u0vj40ch2m88wf2,kaspa:qqce3azurzjzuekkmds3wf3la887pu835d5ftxvs93vld8u0vj40ch2m88wf2,93.99894191
43290779d17c33f3197515151078195e15f1ceedbb5c318a40ef2c841615571a,2025-08-21T20:10:49.597000+00:00,kaspa:pzex8nlq9awq48s9lfmuuh7clsjt4w47wpkegql8keqfcgaj4g8ezjgcxauaq,kaspa:qqce3azurzjzuekkmds3wf3la887pu835d5ftxvs93vld8u0vj40ch2m88wf2,3.0
be82b0f640d5f1cf49f4186c5668e6e33b87aa1ba7b8a4791e3ed61e1d4d1c41,2025-08-21T20:10:45.994000+00:00,kaspa:qqce3azurzjzuekkmds3wf3la887pu835d5ftxvs93vld8u0vj40ch2m88wf2,kaspa:pzex8nlq9awq48s9lfmuuh7clsjt4w47wpkegql8keqfcgaj4g8ezjgcxauaq,4.0
be82b0f640d5f1cf49f4186c5668e6e33b87aa1ba7b8a4791e3ed61e1d4d1c41,2025-08-21T20:10:45.994000+00:00,kaspa:qqce3azurzjzuekkmds3wf3la887pu835d5ftxvs93vld8u0vj40ch2m88wf2,kaspa:qqce3azurzjzuekkmds3wf3la887pu835d5ftxvs93vld8u0vj40ch2m88wf2,1.99996835
2ad604290e57b84f9ce5d649a2f5a66f6f3ac018f98a444f8d15ad3e14c1f1f2,2025-08-21T20:10:31.340000+00:00,kaspa:pzex8nlq9awq48s9lfmuuh7clsjt4w47wpkegql8keqfcgaj4g8ezjgcxauaq,kaspa:qqce3azurzjzuekkmds3wf3la887pu835d5ftxvs93vld8u0vj40ch2m88wf2,3.0
d0b2d58695e2c33335b1c806a2519da8aeb9ed3c0f213c8abcb1ac44f3cc449d,2025-08-21T20:10:29.523000+00:00,kaspa:qqce3azurzjzuekkmds3wf3la887pu835d5ftxvs93vld8u0vj40ch2m88wf2,kaspa:pzex8nlq9awq48s9lfmuuh7clsjt4w47wpkegql8keqfcgaj4g8ezjgcxauaq,4.0
d0b2d58695e2c33335b1c806a2519da8aeb9ed3c0f213c8abcb1ac44f3cc449d,2025-08-21T20:10:29.523000+00:00,kaspa:qqce3azurzjzuekkmds3wf3la887pu835d5ftxvs93vld8u0vj40ch2m88wf2,kaspa:qqce3azurzjzuekkmds3wf3la887pu835d5ftxvs93vld8u0vj40ch2m88wf2,95.99900521
d1b735363b192efb1821694577706567ead91af1aa8605f24ea8deee74ef4a2d,2025-08-21T20:10:19.169000+00:00,kaspa:pzex8nlq9awq48s9lfmuuh7clsjt4w47wpkegql8keqfcgaj4g8ezjgcxauaq,kaspa:qqce3azurzjzuekkmds3wf3la887pu835d5ftxvs93vld8u0vj40ch2m88wf2,3.0
009e52f76e3bce3b8e263726af560232a140c816f420fdacb06e45c5a1a81a90,2025-08-21T20:10:15.341000+00:00,kaspa:qqce3azurzjzuekkmds3wf3la887pu835d5ftxvs93vld8u0vj40ch2m88wf2,kaspa:pzex8nlq9awq48s9lfmuuh7clsjt4w47wpkegql8keqfcgaj4g8ezjgcxauaq,4.0
009e52f76e3bce3b8e263726af560232a140c816f420fdacb06e45c5a1a81a90,2025-08-21T20:10:15.341000+00:00,kaspa:qqce3azurzjzuekkmds3wf3la887pu835d5ftxvs93vld8u0vj40ch2m88wf2,kaspa:qqce3azurzjzuekkmds3wf3la887pu835d5ftxvs93vld8u0vj40ch2m88wf2,95.99997496
a52e9d08ae83d758a857fedf3cd9ef38b5d7293ff4b915d36510721a1a1feacb,2025-08-21T20:10:12.369000+00:00,kaspa:pzex8nlq9awq48s9lfmuuh7clsjt4w47wpkegql8keqfcgaj4g8ezjgcxauaq,kaspa:qqce3azurzjzuekkmds3wf3la887pu835d5ftxvs93vld8u0vj40ch2m88wf2,3.0
66b74ea902e699547414e1dcc05c14234e1407ae4adf4278be803dcc38f9ab51,2025-08-21T20:10:08.420000+00:00,kaspa:qqce3azurzjzuekkmds3wf3la887pu835d5ftxvs93vld8u0vj40ch2m88wf2,kaspa:pzex8nlq9awq48s9lfmuuh7clsjt4w47wpkegql8keqfcgaj4g8ezjgcxauaq,4.0
66b74ea902e699547414e1dcc05c14234e1407ae4adf4278be803dcc38f9ab51,2025-08-21T20:10:08.420000+00:00,kaspa:qqce3azurzjzuekkmds3wf3la887pu835d5ftxvs93vld8u0vj40ch2m88wf2,kaspa:qqce3azurzjzuekkmds3wf3la887pu835d5ftxvs93vld8u0vj40ch2m88wf2,0.99907308
49b3a73480cf03dae3c3d507f8aa48417a21840ab58186e4d7b9a3260d61574f,2025-08-21T20:10:02.677000+00:00,kaspa:qpdl6twfmgw5f9hk32736csr23qpex9mcy5tn63e9wewdesv45ntxu0n484xe,kaspa:qqce3azurzjzuekkmds3wf3la887pu835d5ftxvs93vld8u0vj40ch2m88wf2,99.92132315097884
49b3a73480cf03dae3c3d507f8aa48417a21840ab58186e4d7b9a3260d61574f,2025-08-21T20:10:02.677000+00:00,kaspa:qpw54uu442fhlerranr4fvvjjhtl87klfqth2gwlezr0vtdk3jh2xpaltxjjz,kaspa:qqce3azurzjzuekkmds3wf3la887pu835d5ftxvs93vld8u0vj40ch2m88wf2,0.07867684902118058
65c33fa27a14940cf8518f18400c777d99ca6225004cae84ef34c47f25b9e8a4,2025-08-21T20:09:43.319000+00:00,kaspa:pzex8nlq9awq48s9lfmuuh7clsjt4w47wpkegql8keqfcgaj4g8ezjgcxauaq,kaspa:qqce3azurzjzuekkmds3wf3la887pu835d5ftxvs93vld8u0vj40ch2m88wf2,3.0
5612d7c191692ce510ebd12a178d46a7650ff829341a9fb905d420e6bc544682,2025-08-21T20:09:40.170000+00:00,kaspa:qqce3azurzjzuekkmds3wf3la887pu835d5ftxvs93vld8u0vj40ch2m88wf2,kaspa:pzex8nlq9awq48s9lfmuuh7clsjt4w47wpkegql8keqfcgaj4g8ezjgcxauaq,4.0
5612d7c191692ce510ebd12a178d46a7650ff829341a9fb905d420e6bc544682,2025-08-21T20:09:40.170000+00:00,kaspa:qqce3azurzjzuekkmds3wf3la887pu835d5ftxvs93vld8u0vj40ch2m88wf2,kaspa:qqce3azurzjzuekkmds3wf3la887pu835d5ftxvs93vld8u0vj40ch2m88wf2,1.99911816
655888d5859bbed492aa71fd074356f8c719ce208d6c796b6d76f9e050a0b874,2025-08-21T20:09:23.987000+00:00,kaspa:pzex8nlq9awq48s9lfmuuh7clsjt4w47wpkegql8keqfcgaj4g8ezjgcxauaq,kaspa:qqce3azurzjzuekkmds3wf3la887pu835d5ftxvs93vld8u0vj40ch2m88wf2,3.0
553ef51a8bace37997875905d09d16a2a18268556d37bec6ea2bd5598f444673,2025-08-21T20:09:19.780000+00:00,kaspa:qqce3azurzjzuekkmds3wf3la887pu835d5ftxvs93vld8u0vj40ch2m88wf2,kaspa:pzex8nlq9awq48s9lfmuuh7clsjt4w47wpkegql8keqfcgaj4g8ezjgcxauaq,4.0
553ef51a8bace37997875905d09d16a2a18268556d37bec6ea2bd5598f444673,2025-08-21T20:09:19.780000+00:00,kaspa:qqce3azurzjzuekkmds3wf3la887pu835d5ftxvs93vld8u0vj40ch2m88wf2,kaspa:qqce3azurzjzuekkmds3wf3la887pu835d5ftxvs93vld8u0vj40ch2m88wf2,2.99914981
6859b0d70383792fcedc7fd7377aad7bbc8ae45a8fa325ea0a7cd22e43a05c12,2025-08-21T20:08:54.422000+00:00,kaspa:pzex8nlq9awq48s9lfmuuh7clsjt4w47wpkegql8keqfcgaj4g8ezjgcxauaq,kaspa:qqce3azurzjzuekkmds3wf3la887pu835d5ftxvs93vld8u0vj40ch2m88wf2,3.0
20f1c8ce5f49abcfe95e9471742032f659472e75c750d537e09da74d181635c0,2025-08-21T20:08:50.565000+00:00,kaspa:qqce3azurzjzuekkmds3wf3la887pu835d5ftxvs93vld8u0vj40ch2m88wf2,kaspa:pzex8nlq9awq48s9lfmuuh7clsjt4w47wpkegql8keqfcgaj4g8ezjgcxauaq,4.0
20f1c8ce5f49abcfe95e9471742032f659472e75c750d537e09da74d181635c0,2025-08-21T20:08:50.565000+00:00,kaspa:qqce3azurzjzuekkmds3wf3la887pu835d5ftxvs93vld8u0vj40ch2m88wf2,kaspa:qqce3azurzjzuekkmds3wf3la887pu835d5ftxvs93vld8u0vj40ch2m88wf2,0.99919264
78598159ce8fdd8f068271ad968895d60ac83efe28814c0129c5c86d76e456bd,2025-08-21T20:08:42.692000+00:00,kaspa:pzex8nlq9awq48s9lfmuuh7clsjt4w47wpkegql8keqfcgaj4g8ezjgcxauaq,kaspa:qqce3azurzjzuekkmds3wf3la887pu835d5ftxvs93vld8u0vj40ch2m88wf2,3.0
3ebc227005e6eec3f32afc5b30f2acd2a85321c220076190ac204cd1af4596a9,2025-08-21T20:08:39.550000+00:00,kaspa:qqce3azurzjzuekkmds3wf3la887pu835d5ftxvs93vld8u0vj40ch2m88wf2,kaspa:pzex8nlq9awq48s9lfmuuh7clsjt4w47wpkegql8keqfcgaj4g8ezjgcxauaq,4.0
3ebc227005e6eec3f32afc5b30f2acd2a85321c220076190ac204cd1af4596a9,2025-08-21T20:08:39.550000+00:00,kaspa:qqce3azurzjzuekkmds3wf3la887pu835d5ftxvs93vld8u0vj40ch2m88wf2,kaspa:qqce3azurzjzuekkmds3wf3la887pu835d5ftxvs93vld8u0vj40ch2m88wf2,1.99923771
b5f9199721484d0e72c393cd2a8cec618339d0013631dca0c5fd8c607f736b83,2025-08-21T20:08:21.275000+00:00,kaspa:pzex8nlq9awq48s9lfmuuh7clsjt4w47wpkegql8keqfcgaj4g8ezjgcxauaq,kaspa:qqce3azurzjzuekkmds3wf3la887pu835d5ftxvs93vld8u0vj40ch2m88wf2,3.0
266a45681fc5229598642897c5d28346d97dbfa76de62dbc66b71e36d88aae97,2025-08-21T20:08:17.429000+00:00,kaspa:qqce3azurzjzuekkmds3wf3la887pu835d5ftxvs93vld8u0vj40ch2m88wf2,kaspa:pzex8nlq9awq48s9lfmuuh7clsjt4w47wpkegql8keqfcgaj4g8ezjgcxauaq,4.0
266a45681fc5229598642897c5d28346d97dbfa76de62dbc66b71e36d88aae97,2025-08-21T20:08:17.429000+00:00,kaspa:qqce3azurzjzuekkmds3wf3la887pu835d5ftxvs93vld8u0vj40ch2m88wf2,kaspa:qqce3azurzjzuekkmds3wf3la887pu835d5ftxvs93vld8u0vj40ch2m88wf2,1.99996835
a24fabaee1047b22950e6044d362f4876c12d00174c37084e6ddb5dcf4bef1b9,2025-08-21T20:08:14.060000+00:00,kaspa:pzex8nlq9awq48s9lfmuuh7clsjt4w47wpkegql8keqfcgaj4g8ezjgcxauaq,kaspa:qqce3azurzjzuekkmds3wf3la887pu835d5ftxvs93vld8u0vj40ch2m88wf2,3.0
9f9c57ddd25c0ed976bbb34636a90a292858b3fe2ec03a49bc333bc0bd2d8c9b,2025-08-21T20:08:10.287000+00:00,kaspa:qqce3azurzjzuekkmds3wf3la887pu835d5ftxvs93vld8u0vj40ch2m88wf2,kaspa:pzex8nlq9awq48s9lfmuuh7clsjt4w47wpkegql8keqfcgaj4g8ezjgcxauaq,4.0
9f9c57ddd25c0ed976bbb34636a90a292858b3fe2ec03a49bc333bc0bd2d8c9b,2025-08-21T20:08:10.287000+00:00,kaspa:qqce3azurzjzuekkmds3wf3la887pu835d5ftxvs93vld8u0vj40ch2m88wf2,kaspa:qqce3azurzjzuekkmds3wf3la887pu835d5ftxvs93vld8u0vj40ch2m88wf2,0.99931219
2f933ced4b3370b618dd4655096022695c5dabaa339f364e741f9656d1915eb3,2025-08-21T20:08:01.536000+00:00,kaspa:pzex8nlq9awq48s9lfmuuh7clsjt4w47wpkegql8keqfcgaj4g8ezjgcxauaq,kaspa:qqce3azurzjzuekkmds3wf3la887pu835d5ftxvs93vld8u0vj40ch2m88wf2,3.0
3cdb3cda0477c3473d0a5d4cbf87afd7e507626b39d722b08f7f1b7072cd32c2,2025-08-21T20:07:57.566000+00:00,kaspa:qqce3azurzjzuekkmds3wf3la887pu835d5ftxvs93vld8u0vj40ch2m88wf2,kaspa:pzex8nlq9awq48s9lfmuuh7clsjt4w47wpkegql8keqfcgaj4g8ezjgcxauaq,4.0
3cdb3cda0477c3473d0a5d4cbf87afd7e507626b39d722b08f7f1b7072cd32c2,2025-08-21T20:07:57.566000+00:00,kaspa:qqce3azurzjzuekkmds3wf3la887pu835d5ftxvs93vld8u0vj40ch2m88wf2,kaspa:qqce3azurzjzuekkmds3wf3la887pu835d5ftxvs93vld8u0vj40ch2m88wf2,1.99935725
7f9eadca15cb1379a4c77cc8e53455a927feb537d09b588ad217455f72fca31a,2025-08-21T20:07:49.558000+00:00,kaspa:pzex8nlq9awq48s9lfmuuh7clsjt4w47wpkegql8keqfcgaj4g8ezjgcxauaq,kaspa:qqce3azurzjzuekkmds3wf3la887pu835d5ftxvs93vld8u0vj40ch2m88wf2,3.0
1adb7f90a6a216dbcf1b4e2e49aca657fe9d4b1ff2563ee56b5a6c3ad8bf79e5,2025-08-21T20:07:45.603000+00:00,kaspa:qqce3azurzjzuekkmds3wf3la887pu835d5ftxvs93vld8u0vj40ch2m88wf2,kaspa:pzex8nlq9awq48s9lfmuuh7clsjt4w47wpkegql8keqfcgaj4g8ezjgcxauaq,4.0
1adb7f90a6a216dbcf1b4e2e49aca657fe9d4b1ff2563ee56b5a6c3ad8bf79e5,2025-08-21T20:07:45.603000+00:00,kaspa:qqce3azurzjzuekkmds3wf3la887pu835d5ftxvs93vld8u0vj40ch2m88wf2,kaspa:qqce3azurzjzuekkmds3wf3la887pu835d5ftxvs93vld8u0vj40ch2m88wf2,2.99962787
9c9bf1b78d32f985e0931f0d881d8f7f03a280835858f198a9da43bf0ab954d0,2025-08-21T20:07:40.856000+00:00,kaspa:pzex8nlq9awq48s9lfmuuh7clsjt4w47wpkegql8keqfcgaj4g8ezjgcxauaq,kaspa:qqce3azurzjzuekkmds3wf3la887pu835d5ftxvs93vld8u0vj40ch2m88wf2,3.0
c6d607f57353fea47009df80fe8777e8b0f35fbdfcbbc2a9a7f15d858e12767c,2025-08-21T20:07:36.456000+00:00,kaspa:qqce3azurzjzuekkmds3wf3la887pu835d5ftxvs93vld8u0vj40ch2m88wf2,kaspa:pzex8nlq9awq48s9lfmuuh7clsjt4w47wpkegql8keqfcgaj4g8ezjgcxauaq,4.0
c6d607f57353fea47009df80fe8777e8b0f35fbdfcbbc2a9a7f15d858e12767c,2025-08-21T20:07:36.456000+00:00,kaspa:qqce3azurzjzuekkmds3wf3la887pu835d5ftxvs93vld8u0vj40ch2m88wf2,kaspa:qqce3azurzjzuekkmds3wf3la887pu835d5ftxvs93vld8u0vj40ch2m88wf2,2.99976103
bb5a4ab30d3c41b3969312763d4036f98c558e15260396739e7996e32b88adcd,2025-08-21T20:07:19.276000+00:00,kaspa:pzex8nlq9awq48s9lfmuuh7clsjt4w47wpkegql8keqfcgaj4g8ezjgcxauaq,kaspa:qqce3azurzjzuekkmds3wf3la887pu835d5ftxvs93vld8u0vj40ch2m88wf2,3.0
c84f2b47a35af96d0a41a8f5e98586f31964e6201d0e19d96b9a9dd35b231019,2025-08-21T20:07:15.586000+00:00,kaspa:qqce3azurzjzuekkmds3wf3la887pu835d5ftxvs93vld8u0vj40ch2m88wf2,kaspa:pzex8nlq9awq48s9lfmuuh7clsjt4w47wpkegql8keqfcgaj4g8ezjgcxauaq,4.0
c84f2b47a35af96d0a41a8f5e98586f31964e6201d0e19d96b9a9dd35b231019,2025-08-21T20:07:15.586000+00:00,kaspa:qqce3azurzjzuekkmds3wf3la887pu835d5ftxvs93vld8u0vj40ch2m88wf2,kaspa:qqce3azurzjzuekkmds3wf3la887pu835d5ftxvs93vld8u0vj40ch2m88wf2,6.99967192
e3195a56bcdb09157320e6634574a1de0fee26fa773fd66b53f497aa71cecbb3,2025-08-21T20:07:12.808000+00:00,kaspa:pzex8nlq9awq48s9lfmuuh7clsjt4w47wpkegql8keqfcgaj4g8ezjgcxauaq,kaspa:qqce3azurzjzuekkmds3wf3la887pu835d5ftxvs93vld8u0vj40ch2m88wf2,3.0
21abacec91691bfdbf6dd060fcaccb7fb5ef71f59c63c05f806f28ddc552af1b,2025-08-21T20:07:09.478000+00:00,kaspa:qqce3azurzjzuekkmds3wf3la887pu835d5ftxvs93vld8u0vj40ch2m88wf2,kaspa:pzex8nlq9awq48s9lfmuuh7clsjt4w47wpkegql8keqfcgaj4g8ezjgcxauaq,4.0
21abacec91691bfdbf6dd060fcaccb7fb5ef71f59c63c05f806f28ddc552af1b,2025-08-21T20:07:09.478000+00:00,kaspa:qqce3azurzjzuekkmds3wf3la887pu835d5ftxvs93vld8u0vj40ch2m88wf2,kaspa:qqce3azurzjzuekkmds3wf3la887pu835d5ftxvs93vld8u0vj40ch2m88wf2,0.99980386
3c135d8f8f440e11b891b02c8fe82ffaff98bab69812698d9e72a0b80f02eb00,2025-08-21T20:07:04.939000+00:00,kaspa:pzex8nlq9awq48s9lfmuuh7clsjt4w47wpkegql8keqfcgaj4g8ezjgcxauaq,kaspa:qqce3azurzjzuekkmds3wf3la887pu835d5ftxvs93vld8u0vj40ch2m88wf2,3.0
9229a7230dd1369de34d3009f7500d71949d756d8ecdc7f958cfbedaa43b7165,2025-08-21T20:07:00.961000+00:00,kaspa:qqce3azurzjzuekkmds3wf3la887pu835d5ftxvs93vld8u0vj40ch2m88wf2,kaspa:pzex8nlq9awq48s9lfmuuh7clsjt4w47wpkegql8keqfcgaj4g8ezjgcxauaq,4.0
9229a7230dd1369de34d3009f7500d71949d756d8ecdc7f958cfbedaa43b7165,2025-08-21T20:07:00.961000+00:00,kaspa:qqce3azurzjzuekkmds3wf3la887pu835d5ftxvs93vld8u0vj40ch2m88wf2,kaspa:qqce3azurzjzuekkmds3wf3la887pu835d5ftxvs93vld8u0vj40ch2m88wf2,7.99970357
becd13a1c753b7e668fbdbec75df101c2d9ddd7117feacc3e6b41126e5c5b120,2025-08-21T20:06:55.440000+00:00,kaspa:pzex8nlq9awq48s9lfmuuh7clsjt4w47wpkegql8keqfcgaj4g8ezjgcxauaq,kaspa:qqce3azurzjzuekkmds3wf3la887pu835d5ftxvs93vld8u0vj40ch2m88wf2,3.0
347d38204a78209f3ed05a561d8fa6333909308d1e28deed808a05e7cd2c3c39,2025-08-21T20:06:51.514000+00:00,kaspa:qqce3azurzjzuekkmds3wf3la887pu835d5ftxvs93vld8u0vj40ch2m88wf2,kaspa:pzex8nlq9awq48s9lfmuuh7clsjt4w47wpkegql8keqfcgaj4g8ezjgcxauaq,4.0
347d38204a78209f3ed05a561d8fa6333909308d1e28deed808a05e7cd2c3c39,2025-08-21T20:06:51.514000+00:00,kaspa:qqce3azurzjzuekkmds3wf3la887pu835d5ftxvs93vld8u0vj40ch2m88wf2,kaspa:qqce3azurzjzuekkmds3wf3la887pu835d5ftxvs93vld8u0vj40ch2m88wf2,1.99984887
d269ab77fbeed274ab56fbf1486826f8617fb849fbe7ea312e6d9c8212f65eaf,2025-08-21T20:06:27.309000+00:00,kaspa:pzex8nlq9awq48s9lfmuuh7clsjt4w47wpkegql8keqfcgaj4g8ezjgcxauaq,kaspa:qqce3azurzjzuekkmds3wf3la887pu835d5ftxvs93vld8u0vj40ch2m88wf2,3.0
1b4f7b06e65df34f8ef639378ce5ec174ff8bea580d66d5ac24e203296417190,2025-08-21T20:06:23.651000+00:00,kaspa:qqce3azurzjzuekkmds3wf3la887pu835d5ftxvs93vld8u0vj40ch2m88wf2,kaspa:pzex8nlq9awq48s9lfmuuh7clsjt4w47wpkegql8keqfcgaj4g8ezjgcxauaq,4.0
1b4f7b06e65df34f8ef639378ce5ec174ff8bea580d66d5ac24e203296417190,2025-08-21T20:06:23.651000+00:00,kaspa:qqce3azurzjzuekkmds3wf3la887pu835d5ftxvs93vld8u0vj40ch2m88wf2,kaspa:qqce3azurzjzuekkmds3wf3la887pu835d5ftxvs93vld8u0vj40ch2m88wf2,8.99973522
e2e6e1197e7daa94deea0b2b759268e0b2e0bb7f19e99f64b7a92c3e27bd24b4,2025-08-21T20:06:20.106000+00:00,kaspa:pzex8nlq9awq48s9lfmuuh7clsjt4w47wpkegql8keqfcgaj4g8ezjgcxauaq,kaspa:qqce3azurzjzuekkmds3wf3la887pu835d5ftxvs93vld8u0vj40ch2m88wf2,3.0
d1edeeafbf43a08e8c8b41e3ad594a7cbc8e03a30efd19a08b7d4084af7fcf7b,2025-08-21T20:06:16.529000+00:00,kaspa:qqce3azurzjzuekkmds3wf3la887pu835d5ftxvs93vld8u0vj40ch2m88wf2,kaspa:pzex8nlq9awq48s9lfmuuh7clsjt4w47wpkegql8keqfcgaj4g8ezjgcxauaq,4.0
d1edeeafbf43a08e8c8b41e3ad594a7cbc8e03a30efd19a08b7d4084af7fcf7b,2025-08-21T20:06:16.529000+00:00,kaspa:qqce3azurzjzuekkmds3wf3la887pu835d5ftxvs93vld8u0vj40ch2m88wf2,kaspa:qqce3azurzjzuekkmds3wf3la887pu835d5ftxvs93vld8u0vj40ch2m88wf2,2.99988052
895d9f98d2eb46fe01a04bf7e74d507a79417491df463c415e18fd23de4173c2,2025-08-21T20:06:02.531000+00:00,kaspa:pzex8nlq9awq48s9lfmuuh7clsjt4w47wpkegql8keqfcgaj4g8ezjgcxauaq,kaspa:qqce3azurzjzuekkmds3wf3la887pu835d5ftxvs93vld8u0vj40ch2m88wf2,3.0
66a29184441f0dd836e334b6792a7a737f85a8c48715d396418c1b5d361ec27c,2025-08-21T20:05:59.331000+00:00,kaspa:qqce3azurzjzuekkmds3wf3la887pu835d5ftxvs93vld8u0vj40ch2m88wf2,kaspa:pzex8nlq9awq48s9lfmuuh7clsjt4w47wpkegql8keqfcgaj4g8ezjgcxauaq,4.0
66a29184441f0dd836e334b6792a7a737f85a8c48715d396418c1b5d361ec27c,2025-08-21T20:05:59.331000+00:00,kaspa:qqce3azurzjzuekkmds3wf3la887pu835d5ftxvs93vld8u0vj40ch2m88wf2,kaspa:qqce3azurzjzuekkmds3wf3la887pu835d5ftxvs93vld8u0vj40ch2m88wf2,12.99976364
76dfd8230b336170dc81163aedb66c151e0d3a157bfce725855d67d38580ec81,2025-08-21T20:05:54.957000+00:00,kaspa:pzex8nlq9awq48s9lfmuuh7clsjt4w47wpkegql8keqfcgaj4g8ezjgcxauaq,kaspa:qqce3azurzjzuekkmds3wf3la887pu835d5ftxvs93vld8u0vj40ch2m88wf2,3.0
7e7481173491f48b0753749355a8229bfc0bbfdc9959ca031e55915b3a8b6a6e,2025-08-21T20:05:54.249000+00:00,kaspa:qqce3azurzjzuekkmds3wf3la887pu835d5ftxvs93vld8u0vj40ch2m88wf2,kaspa:pzex8nlq9awq48s9lfmuuh7clsjt4w47wpkegql8keqfcgaj4g8ezjgcxauaq,4.0
7e7481173491f48b0753749355a8229bfc0bbfdc9959ca031e55915b3a8b6a6e,2025-08-21T20:05:54.249000+00:00,kaspa:qqce3azurzjzuekkmds3wf3la887pu835d5ftxvs93vld8u0vj40ch2m88wf2,kaspa:qqce3azurzjzuekkmds3wf3la887pu835d5ftxvs93vld8u0vj40ch2m88wf2,0.99992335
e88162349cc9693e15101b2f41b3c120acece8e04c886db2c3ea4221effc78b2,2025-08-21T20:05:42.383000+00:00,kaspa:pzex8nlq9awq48s9lfmuuh7clsjt4w47wpkegql8keqfcgaj4g8ezjgcxauaq,kaspa:qqce3azurzjzuekkmds3wf3la887pu835d5ftxvs93vld8u0vj40ch2m88wf2,3.0
e428e3fbf63add0a3268d475f0783f272a2e73c114f3d5301e59800f541e1353,2025-08-21T20:05:38.676000+00:00,kaspa:qqce3azurzjzuekkmds3wf3la887pu835d5ftxvs93vld8u0vj40ch2m88wf2,kaspa:pzex8nlq9awq48s9lfmuuh7clsjt4w47wpkegql8keqfcgaj4g8ezjgcxauaq,4.0
e428e3fbf63add0a3268d475f0783f272a2e73c114f3d5301e59800f541e1353,2025-08-21T20:05:38.676000+00:00,kaspa:qqce3azurzjzuekkmds3wf3la887pu835d5ftxvs93vld8u0vj40ch2m88wf2,kaspa:qqce3azurzjzuekkmds3wf3la887pu835d5ftxvs93vld8u0vj40ch2m88wf2,13.99979529
48ccda4c1ccc58cf0b171e776b3e9c258bc255f5a8b5340cf027cfe7e035d5d8,2025-08-21T20:05:34.104000+00:00,kaspa:pzex8nlq9awq48s9lfmuuh7clsjt4w47wpkegql8keqfcgaj4g8ezjgcxauaq,kaspa:qqce3azurzjzuekkmds3wf3la887pu835d5ftxvs93vld8u0vj40ch2m88wf2,3.0
73d438fef7c15de31b346b5fb468e11aa524ded9948235677f63494cc26a693e,2025-08-21T20:05:31.005000+00:00,kaspa:qqce3azurzjzuekkmds3wf3la887pu835d5ftxvs93vld8u0vj40ch2m88wf2,kaspa:pzex8nlq9awq48s9lfmuuh7clsjt4w47wpkegql8keqfcgaj4g8ezjgcxauaq,4.0
73d438fef7c15de31b346b5fb468e11aa524ded9948235677f63494cc26a693e,2025-08-21T20:05:31.005000+00:00,kaspa:qqce3azurzjzuekkmds3wf3la887pu835d5ftxvs93vld8u0vj40ch2m88wf2,kaspa:qqce3azurzjzuekkmds3wf3la887pu835d5ftxvs93vld8u0vj40ch2m88wf2,1.99996835
9678683ae2674997d478227bc8cae342cc30fc0b81b814b5e78753fa86172667,2025-08-21T20:05:18.746000+00:00,kaspa:pzex8nlq9awq48s9lfmuuh7clsjt4w47wpkegql8keqfcgaj4g8ezjgcxauaq,kaspa:qqce3azurzjzuekkmds3wf3la887pu835d5ftxvs93vld8u0vj40ch2m88wf2,3.0
3bfd5aacce15cd278ba8ca5ff9c84a1c475933b632ceff5771f84e716b53e40a,2025-08-21T20:05:15.226000+00:00,kaspa:qqce3azurzjzuekkmds3wf3la887pu835d5ftxvs93vld8u0vj40ch2m88wf2,kaspa:pzex8nlq9awq48s9lfmuuh7clsjt4w47wpkegql8keqfcgaj4g8ezjgcxauaq,4.0
3bfd5aacce15cd278ba8ca5ff9c84a1c475933b632ceff5771f84e716b53e40a,2025-08-21T20:05:15.226000+00:00,kaspa:qqce3azurzjzuekkmds3wf3la887pu835d5ftxvs93vld8u0vj40ch2m88wf2,kaspa:qqce3azurzjzuekkmds3wf3la887pu835d5ftxvs93vld8u0vj40ch2m88wf2,17.99982188
1a8bbb3ad4332e3fcbfb46125a21dd3c686c10485ab0247788b51681aac5cb2d,2025-08-21T20:05:04.813000+00:00,kaspa:pzex8nlq9awq48s9lfmuuh7clsjt4w47wpkegql8keqfcgaj4g8ezjgcxauaq,kaspa:qqce3azurzjzuekkmds3wf3la887pu835d5ftxvs93vld8u0vj40ch2m88wf2,3.0
40856d1184aa20be4f6eaacd47313a23e80ce40a193e04b6d145c37ecfaa08a0,2025-08-21T20:05:00.902000+00:00,kaspa:qqce3azurzjzuekkmds3wf3la887pu835d5ftxvs93vld8u0vj40ch2m88wf2,kaspa:pzex8nlq9awq48s9lfmuuh7clsjt4w47wpkegql8keqfcgaj4g8ezjgcxauaq,4.0
40856d1184aa20be4f6eaacd47313a23e80ce40a193e04b6d145c37ecfaa08a0,2025-08-21T20:05:00.902000+00:00,kaspa:qqce3azurzjzuekkmds3wf3la887pu835d5ftxvs93vld8u0vj40ch2m88wf2,kaspa:qqce3azurzjzuekkmds3wf3la887pu835d5ftxvs93vld8u0vj40ch2m88wf2,21.99984789
81d2e3f7bb88bf890db52e46e7e875b08c86cc1d510af212636faaa00960c25c,2025-08-21T20:03:39.377000+00:00,kaspa:pzex8nlq9awq48s9lfmuuh7clsjt4w47wpkegql8keqfcgaj4g8ezjgcxauaq,kaspa:qqce3azurzjzuekkmds3wf3la887pu835d5ftxvs93vld8u0vj40ch2m88wf2,3.0
7f29a5fb31b1cdaee36f6ac3ad66af9050838bb52ef43f41d3af235acd6e8170,2025-08-21T20:03:37.228000+00:00,kaspa:qqce3azurzjzuekkmds3wf3la887pu835d5ftxvs93vld8u0vj40ch2m88wf2,kaspa:pzex8nlq9awq48s9lfmuuh7clsjt4w47wpkegql8keqfcgaj4g8ezjgcxauaq,4.0
7f29a5fb31b1cdaee36f6ac3ad66af9050838bb52ef43f41d3af235acd6e8170,2025-08-21T20:03:37.228000+00:00,kaspa:qqce3azurzjzuekkmds3wf3la887pu835d5ftxvs93vld8u0vj40ch2m88wf2,kaspa:qqce3azurzjzuekkmds3wf3la887pu835d5ftxvs93vld8u0vj40ch2m88wf2,22.99987954
fd9e7f7b5dd249ff3024597198f1b2b8163fc808bd6b2b27be116a69cd2f1b1c,2025-08-21T20:03:04.657000+00:00,kaspa:pzex8nlq9awq48s9lfmuuh7clsjt4w47wpkegql8keqfcgaj4g8ezjgcxauaq,kaspa:qqce3azurzjzuekkmds3wf3la887pu835d5ftxvs93vld8u0vj40ch2m88wf2,3.0
0d3857a73c4451beea6d6bfeae3725af2d5d9a3ae42fa7617a0c26c24238aa3c,2025-08-21T20:03:02.699000+00:00,kaspa:qqce3azurzjzuekkmds3wf3la887pu835d5ftxvs93vld8u0vj40ch2m88wf2,kaspa:pzex8nlq9awq48s9lfmuuh7clsjt4w47wpkegql8keqfcgaj4g8ezjgcxauaq,4.0
0d3857a73c4451beea6d6bfeae3725af2d5d9a3ae42fa7617a0c26c24238aa3c,2025-08-21T20:03:02.699000+00:00,kaspa:qqce3azurzjzuekkmds3wf3la887pu835d5ftxvs93vld8u0vj40ch2m88wf2,kaspa:qqce3azurzjzuekkmds3wf3la887pu835d5ftxvs93vld8u0vj40ch2m88wf2,23.99991119
6432cff6a65e17437977dec05a44ef44210c933d61cf0ad346597428cdb66da1,2025-08-21T20:02:51.824000+00:00,kaspa:pzex8nlq9awq48s9lfmuuh7clsjt4w47wpkegql8keqfcgaj4g8ezjgcxauaq,kaspa:qqce3azurzjzuekkmds3wf3la887pu835d5ftxvs93vld8u0vj40ch2m88wf2,3.0
3977f56a9679914915974a4e4b62850a2543b8774c1e7398a4f18731fa9feaa3,2025-08-21T20:02:49.967000+00:00,kaspa:qqce3azurzjzuekkmds3wf3la887pu835d5ftxvs93vld8u0vj40ch2m88wf2,kaspa:pzex8nlq9awq48s9lfmuuh7clsjt4w47wpkegql8keqfcgaj4g8ezjgcxauaq,4.0
3977f56a9679914915974a4e4b62850a2543b8774c1e7398a4f18731fa9feaa3,2025-08-21T20:02:49.967000+00:00,kaspa:qqce3azurzjzuekkmds3wf3la887pu835d5ftxvs93vld8u0vj40ch2m88wf2,kaspa:qqce3azurzjzuekkmds3wf3la887pu835d5ftxvs93vld8u0vj40ch2m88wf2,24.99994284
62c11897dfcb7536594301ac44808651bc0e5c93633b28c4dee3731aa02959e6,2025-08-21T20:02:37.125000+00:00,kaspa:pzex8nlq9awq48s9lfmuuh7clsjt4w47wpkegql8keqfcgaj4g8ezjgcxauaq,kaspa:qqce3azurzjzuekkmds3wf3la887pu835d5ftxvs93vld8u0vj40ch2m88wf2,3.0
8750dff381a022dce5d064e3da4c0ffd15bf197948228cc6781f61b21cad007e,2025-08-21T20:02:35.141000+00:00,kaspa:qqce3azurzjzuekkmds3wf3la887pu835d5ftxvs93vld8u0vj40ch2m88wf2,kaspa:pzex8nlq9awq48s9lfmuuh7clsjt4w47wpkegql8keqfcgaj4g8ezjgcxauaq,4.0
8750dff381a022dce5d064e3da4c0ffd15bf197948228cc6781f61b21cad007e,2025-08-21T20:02:35.141000+00:00,kaspa:qqce3azurzjzuekkmds3wf3la887pu835d5ftxvs93vld8u0vj40ch2m88wf2,kaspa:qqce3azurzjzuekkmds3wf3la887pu835d5ftxvs93vld8u0vj40ch2m88wf2,25.99997449
8da441c8c6f2df808e6e5ae13003958a4cf19b77c5848358c097d50019d75e11,2025-08-21T20:01:24.087000+00:00,kaspa:qpw54uu442fhlerranr4fvvjjhtl87klfqth2gwlezr0vtdk3jh2xpaltxjjz,kaspa:qqce3azurzjzuekkmds3wf3la887pu835d5ftxvs93vld8u0vj40ch2m88wf2,30.0
ca2efd21def1cdf91dd8dee9dff33a8a7f0818a116525d20eb59db5b89894c34,2025-08-01T18:01:18.620000+00:00,kaspa:qqce3azurzjzuekkmds3wf3la887pu835d5ftxvs93vld8u0vj40ch2m88wf2,kaspa:qp4lzfct8fjnsd8pjhtgkxv4jhdya6fa33j49446m0a8xq6q9sxncqht0m4zt,552.78013737
0da5302b0f91a05824700b656ddc47b9d13d11285402ae104caead146e42cf7b,2025-08-01T18:00:17.470000+00:00,kaspa:qr5f6x6pjwdwkm2gzde3vudm4s3jg0z2na0fed5lh7wu5pygj5m7zerw9a70z,kaspa:qqce3azurzjzuekkmds3wf3la887pu835d5ftxvs93vld8u0vj40ch2m88wf2,552.78015784
d8a60053edf81360a7136307b994dae0e34a152466eee6bb9767fb7808cd2b8e,2025-05-07T16:17:19.020000+00:00,kaspa:qqce3azurzjzuekkmds3wf3la887pu835d5ftxvs93vld8u0vj40ch2m88wf2,kaspa:qqxekdu7e9fey4e9kq7jnwtt397hrn3yn4uksdhq6ymemxugrpvd6srelup30,2.27811651
04d08f3508889d4506e002fa21ad430eeb96569f97a07dc5d479b0b575fb2f32,2025-05-07T06:23:18.336000+00:00,kaspa:qqce3azurzjzuekkmds3wf3la887pu835d5ftxvs93vld8u0vj40ch2m88wf2,kaspa:qqxekdu7e9fey4e9kq7jnwtt397hrn3yn4uksdhq6ymemxugrpvd6srelup30,2.0
04d08f3508889d4506e002fa21ad430eeb96569f97a07dc5d479b0b575fb2f32,2025-05-07T06:23:18.336000+00:00,kaspa:qqce3azurzjzuekkmds3wf3la887pu835d5ftxvs93vld8u0vj40ch2m88wf2,kaspa:qqce3azurzjzuekkmds3wf3la887pu835d5ftxvs93vld8u0vj40ch2m88wf2,1.9791644
c5a90d0ac49184549ebde2df0372a348e06bb7f51e58d8299855b715552a1ccf,2025-05-07T06:22:13.051000+00:00,kaspa:pqpp4ed9fu8lczw6eg30ds9hpqj7r8my4pn7yrlyhghw33czk9hjvk2enmmw7,kaspa:qqce3azurzjzuekkmds3wf3la887pu835d5ftxvs93vld8u0vj40ch2m88wf2,0.29898376
452751e7e2fe2347499e0797917ce5f129f3fc5ddc6673c1d4c623d3f1860937,2025-05-07T06:22:09.891000+00:00,kaspa:qqce3azurzjzuekkmds3wf3la887pu835d5ftxvs93vld8u0vj40ch2m88wf2,kaspa:pqpp4ed9fu8lczw6eg30ds9hpqj7r8my4pn7yrlyhghw33czk9hjvk2enmmw7,0.3
452751e7e2fe2347499e0797917ce5f129f3fc5ddc6673c1d4c623d3f1860937,2025-05-07T06:22:09.891000+00:00,kaspa:qqce3azurzjzuekkmds3wf3la887pu835d5ftxvs93vld8u0vj40ch2m88wf2,kaspa:qqce3azurzjzuekkmds3wf3la887pu835d5ftxvs93vld8u0vj40ch2m88wf2,3.97923979
3a9d20b1b8a86e779eedaf603032ef8231b9f608a14710fe7105417b2743e7c9,2025-05-07T06:20:31.434000+00:00,kaspa:qqce3azurzjzuekkmds3wf3la887pu835d5ftxvs93vld8u0vj40ch2m88wf2,kaspa:qqxekdu7e9fey4e9kq7jnwtt397hrn3yn4uksdhq6ymemxugrpvd6srelup30,5.0
3a9d20b1b8a86e779eedaf603032ef8231b9f608a14710fe7105417b2743e7c9,2025-05-07T06:20:31.434000+00:00,kaspa:qqce3azurzjzuekkmds3wf3la887pu835d5ftxvs93vld8u0vj40ch2m88wf2,kaspa:qqce3azurzjzuekkmds3wf3la887pu835d5ftxvs93vld8u0vj40ch2m88wf2,4.28057488
712a04c607a255f48b26081ccffd7ca6e6485d581b737bf74f1131b060ba82ec,2025-05-07T06:19:07.102000+00:00,kaspa:pq5wc6pjfn8jpp7d8qpyvw4a9hwtkfkukmkguqgpnf2qadgh8rr4yw9kfvtmd,kaspa:qqce3azurzjzuekkmds3wf3la887pu835d5ftxvs93vld8u0vj40ch2m88wf2,0.29898376
b9f5e6ff19b741af4f072c41aaffdc7da93974b698608f6380ff6234cef2d056,2025-05-07T06:19:04.648000+00:00,kaspa:qqce3azurzjzuekkmds3wf3la887pu835d5ftxvs93vld8u0vj40ch2m88wf2,kaspa:pq5wc6pjfn8jpp7d8qpyvw4a9hwtkfkukmkguqgpnf2qadgh8rr4yw9kfvtmd,0.3
b9f5e6ff19b741af4f072c41aaffdc7da93974b698608f6380ff6234cef2d056,2025-05-07T06:19:04.648000+00:00,kaspa:qqce3azurzjzuekkmds3wf3la887pu835d5ftxvs93vld8u0vj40ch2m88wf2,kaspa:qqce3azurzjzuekkmds3wf3la887pu835d5ftxvs93vld8u0vj40ch2m88wf2,8.98162266
62c6c8250af28adb3bba9f7a98248cad781f980223360a654958ec0302cb7f3f,2025-05-06T16:06:00.930000+00:00,kaspa:pr52pdggrtm5ytsc3z7zgxz2d3v0jmqcqndyfgs4d2mycsn7x9dzwyupn7seu,kaspa:qqce3azurzjzuekkmds3wf3la887pu835d5ftxvs93vld8u0vj40ch2m88wf2,0.29898376
dd6bfca813d70ac093c10feb38c3c54fde6c8818055fa79f28b3493496ec8f36,2025-05-06T16:05:58.848000+00:00,kaspa:qqce3azurzjzuekkmds3wf3la887pu835d5ftxvs93vld8u0vj40ch2m88wf2,kaspa:pr52pdggrtm5ytsc3z7zgxz2d3v0jmqcqndyfgs4d2mycsn7x9dzwyupn7seu,0.3
dd6bfca813d70ac093c10feb38c3c54fde6c8818055fa79f28b3493496ec8f36,2025-05-06T16:05:58.848000+00:00,kaspa:qqce3azurzjzuekkmds3wf3la887pu835d5ftxvs93vld8u0vj40ch2m88wf2,kaspa:qqce3azurzjzuekkmds3wf3la887pu835d5ftxvs93vld8u0vj40ch2m88wf2,8.98394028
88563be58293187e4fdc12d1ea80f53a3d893fa66699bde78075fba4302c8388,2025-05-06T16:05:18.065000+00:00,kaspa:pzfaejlng5yarjtp46ped3nwskknjuvumk5vfmlns49fh3an74taxpt9ddnyu,kaspa:qqce3azurzjzuekkmds3wf3la887pu835d5ftxvs93vld8u0vj40ch2m88wf2,0.29898376
7d367065592f7ab734994abb05fdb1389afbabcebc03eb7fac7881eddcfd94e8,2025-05-06T16:05:16.112000+00:00,kaspa:qqce3azurzjzuekkmds3wf3la887pu835d5ftxvs93vld8u0vj40ch2m88wf2,kaspa:pzfaejlng5yarjtp46ped3nwskknjuvumk5vfmlns49fh3an74taxpt9ddnyu,0.3
7d367065592f7ab734994abb05fdb1389afbabcebc03eb7fac7881eddcfd94e8,2025-05-06T16:05:16.112000+00:00,kaspa:qqce3azurzjzuekkmds3wf3la887pu835d5ftxvs93vld8u0vj40ch2m88wf2,kaspa:qqce3azurzjzuekkmds3wf3la887pu835d5ftxvs93vld8u0vj40ch2m88wf2,8.98625792
bd3f85d5f03a3a3d9d58c07e18346a761de0decb61f266b0475471168623fb4d,2025-05-06T16:03:43.615000+00:00,kaspa:pq0524yrxt55revw4hnkrxpfy95zd9cd0z4gyldmlpf58t2aetq6zdurgx8yd,kaspa:qqce3azurzjzuekkmds3wf3la887pu835d5ftxvs93vld8u0vj40ch2m88wf2,0.29898376
30651f265cf6b3d5c4ed144a58c238406edd4afd7074ce03f4f3e572b83705cd,2025-05-06T16:03:41.307000+00:00,kaspa:qqce3azurzjzuekkmds3wf3la887pu835d5ftxvs93vld8u0vj40ch2m88wf2,kaspa:pq0524yrxt55revw4hnkrxpfy95zd9cd0z4gyldmlpf58t2aetq6zdurgx8yd,0.3
30651f265cf6b3d5c4ed144a58c238406edd4afd7074ce03f4f3e572b83705cd,2025-05-06T16:03:41.307000+00:00,kaspa:qqce3azurzjzuekkmds3wf3la887pu835d5ftxvs93vld8u0vj40ch2m88wf2,kaspa:qqce3azurzjzuekkmds3wf3la887pu835d5ftxvs93vld8u0vj40ch2m88wf2,8.98857555
20b834cff869338153a8ebdd05e4e170d170a2f9f4d17be0e332f57940f7acd7,2025-05-06T11:01:22.568000+00:00,kaspa:qqxekdu7e9fey4e9kq7jnwtt397hrn3yn4uksdhq6ymemxugrpvd6srelup30,kaspa:qqce3azurzjzuekkmds3wf3la887pu835d5ftxvs93vld8u0vj40ch2m88wf2,5.99980222
a7080cc9d601414f230add6bb04a019fc748960b01619c1631ffb756c43fcd12,2025-05-06T10:59:07.546000+00:00,kaspa:qqce3azurzjzuekkmds3wf3la887pu835d5ftxvs93vld8u0vj40ch2m88wf2,kaspa:qqxekdu7e9fey4e9kq7jnwtt397hrn3yn4uksdhq6ymemxugrpvd6srelup30,380.0
a7080cc9d601414f230add6bb04a019fc748960b01619c1631ffb756c43fcd12,2025-05-06T10:59:07.546000+00:00,kaspa:qqce3azurzjzuekkmds3wf3la887pu835d5ftxvs93vld8u0vj40ch2m88wf2,kaspa:qqce3azurzjzuekkmds3wf3la887pu835d5ftxvs93vld8u0vj40ch2m88wf2,3.29007474
f26efe743017aff936d7d88dea5d07027f0f14ea4428e0d1c18df9b6e4f62932,2025-05-06T10:57:45.965000+00:00,kaspa:qqxekdu7e9fey4e9kq7jnwtt397hrn3yn4uksdhq6ymemxugrpvd6srelup30,kaspa:qqce3azurzjzuekkmds3wf3la887pu835d5ftxvs93vld8u0vj40ch2m88wf2,6.99982057
e09292c03c04e20baf5b730496997021c20cd1b2acdd9e592b7d4de49065d061,2025-05-06T10:57:09.485000+00:00,kaspa:qqce3azurzjzuekkmds3wf3la887pu835d5ftxvs93vld8u0vj40ch2m88wf2,kaspa:qqxekdu7e9fey4e9kq7jnwtt397hrn3yn4uksdhq6ymemxugrpvd6srelup30,2.0
e09292c03c04e20baf5b730496997021c20cd1b2acdd9e592b7d4de49065d061,2025-05-06T10:57:09.485000+00:00,kaspa:qqce3azurzjzuekkmds3wf3la887pu835d5ftxvs93vld8u0vj40ch2m88wf2,kaspa:qqce3azurzjzuekkmds3wf3la887pu835d5ftxvs93vld8u0vj40ch2m88wf2,2.99974592
038ff7a2637a74dbf17c504c00ac95b1b029afb0cdc7e361df8f4358c40e3e0b,2025-05-06T10:55:16.916000+00:00,kaspa:qqce3azurzjzuekkmds3wf3la887pu835d5ftxvs93vld8u0vj40ch2m88wf2,kaspa:qqxekdu7e9fey4e9kq7jnwtt397hrn3yn4uksdhq6ymemxugrpvd6srelup30,300.0
038ff7a2637a74dbf17c504c00ac95b1b029afb0cdc7e361df8f4358c40e3e0b,2025-05-06T10:55:16.916000+00:00,kaspa:qqce3azurzjzuekkmds3wf3la887pu835d5ftxvs93vld8u0vj40ch2m88wf2,kaspa:qqce3azurzjzuekkmds3wf3la887pu835d5ftxvs93vld8u0vj40ch2m88wf2,373.29055097
2f9c550fbb8f7dc5241ca13bc6796acd07a4b49af84d99828ff526a5c89379ef,2025-05-06T10:48:36.287000+00:00,kaspa:qqe97qm85x2x6h2gcgpuyeahhkw2wwkcvpy7jfak664dwz4ft9tw5lqm9fme8,kaspa:qqce3azurzjzuekkmds3wf3la887pu835d5ftxvs93vld8u0vj40ch2m88wf2,4.99980925
2f38c9fb833eb44673ae3aa6e61bbe3ba315c351d2d3070a921c63d793171117,2025-05-06T10:48:00.712000+00:00,kaspa:qqce3azurzjzuekkmds3wf3la887pu835d5ftxvs93vld8u0vj40ch2m88wf2,kaspa:qqe97qm85x2x6h2gcgpuyeahhkw2wwkcvpy7jfak664dwz4ft9tw5lqm9fme8,5.0
2f38c9fb833eb44673ae3aa6e61bbe3ba315c351d2d3070a921c63d793171117,2025-05-06T10:48:00.712000+00:00,kaspa:qqce3azurzjzuekkmds3wf3la887pu835d5ftxvs93vld8u0vj40ch2m88wf2,kaspa:qqce3azurzjzuekkmds3wf3la887pu835d5ftxvs93vld8u0vj40ch2m88wf2,673.29057133
0fdb930e56f91c48554e4de4928938a13a274efbfc00f4bf57ff4667b0894a64,2025-05-06T10:46:53.354000+00:00,kaspa:qqe97qm85x2x6h2gcgpuyeahhkw2wwkcvpy7jfak664dwz4ft9tw5lqm9fme8,kaspa:qqce3azurzjzuekkmds3wf3la887pu835d5ftxvs93vld8u0vj40ch2m88wf2,678.29059169
