tx_id,timestamp,sender,recipient,amount_kas
f5239d991af53bb438a88181d8d0444bf94dbf35931a28afc75589a13250d03d,2025-08-31T18:04:27.662000+00:00,kaspa:qznrcn0k6swlp4nl8mjqcqgje95c43pp0r79vzdtcglh6x4agccygtlqxvyce,kaspa:qq5wk4huq5ccmkwru080kakcxuvq9mjwg0nsectls74802nuxtc07v6v0runf,88.91
f5239d991af53bb438a88181d8d0444bf94dbf35931a28afc75589a13250d03d,2025-08-31T18:04:27.662000+00:00,kaspa:qznrcn0k6swlp4nl8mjqcqgje95c43pp0r79vzdtcglh6x4agccygtlqxvyce,kaspa:qznrcn0k6swlp4nl8mjqcqgje95c43pp0r79vzdtcglh6x4agccygtlqxvyce,88.94100844
8d87bfaac6d2e9ec2c85ab27ba01131b4b4a726a8b916457ee628c6660aea0e7,2025-08-31T17:57:47.477000+00:00,kaspa:qznrcn0k6swlp4nl8mjqcqgje95c43pp0r79vzdtcglh6x4agccygtlqxvyce,kaspa:qq5wk4huq5ccmkwru080kakcxuvq9mjwg0nsectls74802nuxtc07v6v0runf,250.0
8d87bfaac6d2e9ec2c85ab27ba01131b4b4a726a8b916457ee628c6660aea0e7,2025-08-31T17:57:47.477000+00:00,kaspa:qznrcn0k6swlp4nl8mjqcqgje95c43pp0r79vzdtcglh6x4agccygtlqxvyce,kaspa:qznrcn0k6swlp4nl8mjqcqgje95c43pp0r79vzdtcglh6x4agccygtlqxvyce,177.85103898
bf3a27b24e076045d99e2bbe3796789295901dc3877d80eb9249b519cc56ea36,2025-08-31T17:47:15.752000+00:00,kaspa:ppfgf8pzjr0gvpy8mk5fyyqew3l35s2fqyl2p59w5lqqu8swq5l2ql7j5d29e,kaspa:qznrcn0k6swlp4nl8mjqcqgje95c43pp0r79vzdtcglh6x4agccygtlqxvyce,5.0
2088443c9de364b95ca27d010c30ce48843abd7c94ce33699739c86e57347343,2025-08-31T17:47:11.724000+00:00,kaspa:qznrcn0k6swlp4nl8mjqcqgje95c43pp0r79vzdtcglh6x4agccygtlqxvyce,kaspa:qpgpep6saucz9z7aam3hspkuv8emxp840l5ft4h4fknrrm03u07vx9f08f8gn,1453.00009
2088443c9de364b95ca27d010c30ce48843abd7c94ce33699739c86e57347343,2025-08-31T17:47:11.724000+00:00,kaspa:qznrcn0k6swlp4nl8mjqcqgje95c43pp0r79vzdtcglh6x4agccygtlqxvyce,kaspa:qznrcn0k6swlp4nl8mjqcqgje95c43pp0r79vzdtcglh6x4agccygtlqxvyce,422.85108629
0fa2ca100c74ee3538714cd58da9a03c4b09f3ded92bab67cb9673af0c743542,2025-08-31T17:46:45.427000+00:00,kaspa:pz9mftnphxjjppty03jke9y8d7mvkmyrnc4l9ml5knya9ew5syrlqv830xja7,kaspa:qznrcn0k6swlp4nl8mjqcqgje95c43pp0r79vzdtcglh6x4agccygtlqxvyce,5.0
ea090c92b52fca4816ad1b6cc4acd76b71a3619a3c4abac2488434860840437b,2025-08-31T17:46:43.255000+00:00,kaspa:qznrcn0k6swlp4nl8mjqcqgje95c43pp0r79vzdtcglh6x4agccygtlqxvyce,kaspa:qp6a0eyz4kvk0euyjdz0xzjqvvfl5pfgckcv6us0gyrdvxkhh0e25gcupkvtr,1447.00009
ea090c92b52fca4816ad1b6cc4acd76b71a3619a3c4abac2488434860840437b,2025-08-31T17:46:43.255000+00:00,kaspa:qznrcn0k6swlp4nl8mjqcqgje95c43pp0r79vzdtcglh6x4agccygtlqxvyce,kaspa:qznrcn0k6swlp4nl8mjqcqgje95c43pp0r79vzdtcglh6x4agccygtlqxvyce,1870.8512236
c78456d3944855399e387d52f14f46730593f39475612a5b70d6d05b8546512e,2025-08-30T19:09:34.077000+00:00,kaspa:qznrcn0k6swlp4nl8mjqcqgje95c43pp0r79vzdtcglh6x4agccygtlqxvyce,kaspa:qq5wk4huq5ccmkwru080kakcxuvq9mjwg0nsectls74802nuxtc07v6v0runf,1300.0
c78456d3944855399e387d52f14f46730593f39475612a5b70d6d05b8546512e,2025-08-30T19:09:34.077000+00:00,kaspa:qznrcn0k6swlp4nl8mjqcqgje95c43pp0r79vzdtcglh6x4agccygtlqxvyce,kaspa:qznrcn0k6swlp4nl8mjqcqgje95c43pp0r79vzdtcglh6x4agccygtlqxvyce,3317.85134414
847bc64b3acf4955d1a5f84a9e92f0ea1e08f96cc704c2328432fd400e8dc688,2025-08-30T04:00:01.301000+00:00,kaspa:prqr3zgjfc6ws70var43n4p0wy77ct3t0rctd0f9dkqsln8e5m44qn6zgecpm,kaspa:qznrcn0k6swlp4nl8mjqcqgje95c43pp0r79vzdtcglh6x4agccygtlqxvyce,5.0
d2d69293d04f37deaaa6f42b378260fd765f6c0394347dd0a9108ec7e6b336f8,2025-08-30T03:59:57.772000+00:00,kaspa:qznrcn0k6swlp4nl8mjqcqgje95c43pp0r79vzdtcglh6x4agccygtlqxvyce,kaspa:qr8j8n54wdu8v3hecw9s33fj78yzunsaqzqhcmaekt54usds0j0gstp4ng498,355.00009
d2d69293d04f37deaaa6f42b378260fd765f6c0394347dd0a9108ec7e6b336f8,2025-08-30T03:59:57.772000+00:00,kaspa:qznrcn0k6swlp4nl8mjqcqgje95c43pp0r79vzdtcglh6x4agccygtlqxvyce,kaspa:qznrcn0k6swlp4nl8mjqcqgje95c43pp0r79vzdtcglh6x4agccygtlqxvyce,4612.85139145
d023f0df43a28f1f9137bc39beea3d3d1e58c4933b96dad4632367fa1b8742bf,2025-08-30T03:58:02.569000+00:00,kaspa:ppgthp7z9mwahnewf9v6edefeglvd0zff9g0z8ruuan7pqh7hewlwjmv7kra0,kaspa:qznrcn0k6swlp4nl8mjqcqgje95c43pp0r79vzdtcglh6x4agccygtlqxvyce,5.0
b4b987fcc65ab901c54a598dcb46159fe213a59c8dd30c708e68112bcbf3281f,2025-08-30T03:58:00.277000+00:00,kaspa:qznrcn0k6swlp4nl8mjqcqgje95c43pp0r79vzdtcglh6x4agccygtlqxvyce,kaspa:qrmg77ncqgce2smls60ld8m6dydt49gem27p0q2nzy5eugupyk8yq82jx7tzw,404.00009
b4b987fcc65ab901c54a598dcb46159fe213a59c8dd30c708e68112bcbf3281f,2025-08-30T03:58:00.277000+00:00,kaspa:qznrcn0k6swlp4nl8mjqcqgje95c43pp0r79vzdtcglh6x4agccygtlqxvyce,kaspa:qznrcn0k6swlp4nl8mjqcqgje95c43pp0r79vzdtcglh6x4agccygtlqxvyce,4962.85152876
443ff670b5e9786ed4636cd1a90bf02c239dc7513f578652c61bb95265fc1ec0,2025-08-30T03:43:13.768000+00:00,kaspa:pqa8g6n5wpuvnszy7xv2y5086q7jygl30mwdys8wz4gqwwgddel6uq63zkpf8,kaspa:qznrcn0k6swlp4nl8mjqcqgje95c43pp0r79vzdtcglh6x4agccygtlqxvyce,5.0
380fa31e65565902a2980449f4dca19307a01b6248d96138d76664415ffaeca1,2025-08-30T03:43:10.347000+00:00,kaspa:qznrcn0k6swlp4nl8mjqcqgje95c43pp0r79vzdtcglh6x4agccygtlqxvyce,kaspa:qqul00y04yc7ung9lu3hru7tzj3t5z7dwuepsqfj4p38gajuqxs2z9rm68248,605.00009
380fa31e65565902a2980449f4dca19307a01b6248d96138d76664415ffaeca1,2025-08-30T03:43:10.347000+00:00,kaspa:qznrcn0k6swlp4nl8mjqcqgje95c43pp0r79vzdtcglh6x4agccygtlqxvyce,kaspa:qznrcn0k6swlp4nl8mjqcqgje95c43pp0r79vzdtcglh6x4agccygtlqxvyce,5361.85166607
7c2d2c3969a4f8f166840cc590306b57ec87d756085c015346b161c1460e2d7f,2025-08-30T03:42:52.633000+00:00,kaspa:pr3ctgc58pr9637c909qle5055ujssa68sfmyryzs0s8hpzxcz74c5n55tyjy,kaspa:qznrcn0k6swlp4nl8mjqcqgje95c43pp0r79vzdtcglh6x4agccygtlqxvyce,5.0
12e4bc4f0963a3fa7b3a603a0b1d32eb8b4c61e32c6e419bb78d1de89c7c38be,2025-08-30T03:42:50.079000+00:00,kaspa:qznrcn0k6swlp4nl8mjqcqgje95c43pp0r79vzdtcglh6x4agccygtlqxvyce,kaspa:qqrulfwumumeua0k6gcj6cn3vt58a4yd84wcgpkhes93ew9zd3zdv5vkrfz7a,301.00009
12e4bc4f0963a3fa7b3a603a0b1d32eb8b4c61e32c6e419bb78d1de89c7c38be,2025-08-30T03:42:50.079000+00:00,kaspa:qznrcn0k6swlp4nl8mjqcqgje95c43pp0r79vzdtcglh6x4agccygtlqxvyce,kaspa:qznrcn0k6swlp4nl8mjqcqgje95c43pp0r79vzdtcglh6x4agccygtlqxvyce,5961.85180338
6d9294f6688fb5cf2b3bfd9cfe147d0e3c713e493c5d569252ac2c29c027d2b5,2025-08-30T01:15:34.807000+00:00,kaspa:pz5hmyq3lqerdvmw6pmkhj68yt8eld7ht69536wh8tk4sg396zn5g4gj5ly3k,kaspa:qpdgx7r32r5w54vlpkvvgfn4qfj2lhldduwrskzllasf56ppdv9cgxkgy457e,400.0
6d9294f6688fb5cf2b3bfd9cfe147d0e3c713e493c5d569252ac2c29c027d2b5,2025-08-30T01:15:34.807000+00:00,kaspa:pz5hmyq3lqerdvmw6pmkhj68yt8eld7ht69536wh8tk4sg396zn5g4gj5ly3k,kaspa:qznrcn0k6swlp4nl8mjqcqgje95c43pp0r79vzdtcglh6x4agccygtlqxvyce,5.0
0b4f3c9bb15ed3c1c82624f2ff7dccea4e6d297438e98240900ad6b8860e51a5,2025-08-30T01:15:31.197000+00:00,kaspa:qznrcn0k6swlp4nl8mjqcqgje95c43pp0r79vzdtcglh6x4agccygtlqxvyce,kaspa:pz5hmyq3lqerdvmw6pmkhj68yt8eld7ht69536wh8tk4sg396zn5g4gj5ly3k,415.0
0b4f3c9bb15ed3c1c82624f2ff7dccea4e6d297438e98240900ad6b8860e51a5,2025-08-30T01:15:31.197000+00:00,kaspa:qznrcn0k6swlp4nl8mjqcqgje95c43pp0r79vzdtcglh6x4agccygtlqxvyce,kaspa:qzxh7ra2uq6g4spd3el2x6tafk6wf7v88qnfmvyw3yjcxreqnruy5wlkpwkhf,10.0
0b4f3c9bb15ed3c1c82624f2ff7dccea4e6d297438e98240900ad6b8860e51a5,2025-08-30T01:15:31.197000+00:00,kaspa:qznrcn0k6swlp4nl8mjqcqgje95c43pp0r79vzdtcglh6x4agccygtlqxvyce,kaspa:qznrcn0k6swlp4nl8mjqcqgje95c43pp0r79vzdtcglh6x4agccygtlqxvyce,6257.85194069
8a6e1cdcc8122769547bf0f9effc884e77cf9a248b00e97f0b5a9a66855a7c71,2025-08-28T06:15:59.152000+00:00,kaspa:qznrcn0k6swlp4nl8mjqcqgje95c43pp0r79vzdtcglh6x4agccygtlqxvyce,kaspa:qznrcn0k6swlp4nl8mjqcqgje95c43pp0r79vzdtcglh6x4agccygtlqxvyce,6682.85197758
df58e59cb6e93d7f13ea891ac160f1073c446adb48d4b8fc85de2e5c08b70d3a,2025-08-28T02:05:59.921000+00:00,kaspa:qr9xl7ktfhnvqan0gpjp6kj2a0tkn8e8ul67fnn69w2jx23g6re4gn2l83z2n,kaspa:qznrcn0k6swlp4nl8mjqcqgje95c43pp0r79vzdtcglh6x4agccygtlqxvyce,4750.0
df58e59cb6e93d7f13ea891ac160f1073c446adb48d4b8fc85de2e5c08b70d3a,2025-08-28T02:05:59.921000+00:00,kaspa:qr9xl7ktfhnvqan0gpjp6kj2a0tkn8e8ul67fnn69w2jx23g6re4gn2l83z2n,kaspa:qpjujc5v7f3fuglp4nadamx37gaqxzh6fqk3xx2sh5g7g5g3y7yu2w8pfwcwa,250.0
dcc30c6b8bf19a7a4d3cf0a4433cacb3c596fc1b92574b254c7a27ec1f4a46a0,2025-08-27T23:29:43.189000+00:00,kaspa:pph98m02ltapk4cfmluj737mfznz3n9axcl5d03y2rp0876x8v7j2768q7tsr,kaspa:qznrcn0k6swlp4nl8mjqcqgje95c43pp0r79vzdtcglh6x4agccygtlqxvyce,5.0
f36fc25905fe87bdd7349361e060cbe46d95b2146609a5ff19d43649729fc76b,2025-08-27T23:29:41.844000+00:00,kaspa:qznrcn0k6swlp4nl8mjqcqgje95c43pp0r79vzdtcglh6x4agccygtlqxvyce,kaspa:pph98m02ltapk4cfmluj737mfznz3n9axcl5d03y2rp0876x8v7j2768q7tsr,5.00003
f36fc25905fe87bdd7349361e060cbe46d95b2146609a5ff19d43649729fc76b,2025-08-27T23:29:41.844000+00:00,kaspa:qznrcn0k6swlp4nl8mjqcqgje95c43pp0r79vzdtcglh6x4agccygtlqxvyce,kaspa:qznrcn0k6swlp4nl8mjqcqgje95c43pp0r79vzdtcglh6x4agccygtlqxvyce,1927.85203548
65e16f0a58c476a07e223d8570e58d9b3dbdf38d5a95b5bc5dc9afdfe366836d,2025-08-25T18:21:40.200000+00:00,kaspa:ppngsw5efxj032fe2sde2nuelgzax6lulpfqe902g8r9hd6uqwn3zvzhufnga,kaspa:qznrcn0k6swlp4nl8mjqcqgje95c43pp0r79vzdtcglh6x4agccygtlqxvyce,5.0
91e021e3e9414022a508b014a201059a9f47b8d83b718f1903911c0f6625c820,2025-08-25T18:21:38.100000+00:00,kaspa:qznrcn0k6swlp4nl8mjqcqgje95c43pp0r79vzdtcglh6x4agccygtlqxvyce,kaspa:qzlfg68uggct5kh2n0axzen59nqr46tqvjmnvgdqma03gu8mrzl253hydqc4t,155.00009
91e021e3e9414022a508b014a201059a9f47b8d83b718f1903911c0f6625c820,2025-08-25T18:21:38.100000+00:00,kaspa:qznrcn0k6swlp4nl8mjqcqgje95c43pp0r79vzdtcglh6x4agccygtlqxvyce,kaspa:qznrcn0k6swlp4nl8mjqcqgje95c43pp0r79vzdtcglh6x4agccygtlqxvyce,1927.85211296
595eeb4a39dc690992a5c221c57d64717bc13a6fc33cf67c3b883ae4482f0aeb,2025-08-25T18:21:06.350000+00:00,kaspa:pq8acxsaj4ezzujs55w4jpy7gkvkvdld0nats2fdu4zctwtzfdx6ysnzdqsw9,kaspa:qznrcn0k6swlp4nl8mjqcqgje95c43pp0r79vzdtcglh6x4agccygtlqxvyce,5.0
478530802fdb45311f3482affb67e847cf71de2d3ff94f2f61b7f0f49e3a5aa8,2025-08-25T18:21:03.770000+00:00,kaspa:qznrcn0k6swlp4nl8mjqcqgje95c43pp0r79vzdtcglh6x4agccygtlqxvyce,kaspa:qqa32n7d0p2f6amhmr6l2r72nmuxg86xudxyt9g5jkc68r2q2zz3kvdjjh325,227.00009
478530802fdb45311f3482affb67e847cf71de2d3ff94f2f61b7f0f49e3a5aa8,2025-08-25T18:21:03.770000+00:00,kaspa:qznrcn0k6swlp4nl8mjqcqgje95c43pp0r79vzdtcglh6x4agccygtlqxvyce,kaspa:qznrcn0k6swlp4nl8mjqcqgje95c43pp0r79vzdtcglh6x4agccygtlqxvyce,2077.85225027
1cad3620405fc67f9786f66997145dffbfc9e990122f1fe27a428acc24824494,2025-08-25T18:20:48.061000+00:00,kaspa:pqyn7pksc0ukq5005uvghepqdm92f8d6vpygje0m52kplrlufdwexlv48720q,kaspa:qznrcn0k6swlp4nl8mjqcqgje95c43pp0r79vzdtcglh6x4agccygtlqxvyce,5.0
03b8a470b9441e85880f3b47df60fcfccf0a0e46c7c74dbe7b1fd7a4eb1ab94d,2025-08-25T18:20:45.444000+00:00,kaspa:qznrcn0k6swlp4nl8mjqcqgje95c43pp0r79vzdtcglh6x4agccygtlqxvyce,kaspa:qpgvr9pyeqgda6ctvwz8qn0ncnvr27dnsusl0734hjlxahy40yxtqe68ssw75,55.00009
03b8a470b9441e85880f3b47df60fcfccf0a0e46c7c74dbe7b1fd7a4eb1ab94d,2025-08-25T18:20:45.444000+00:00,kaspa:qznrcn0k6swlp4nl8mjqcqgje95c43pp0r79vzdtcglh6x4agccygtlqxvyce,kaspa:qznrcn0k6swlp4nl8mjqcqgje95c43pp0r79vzdtcglh6x4agccygtlqxvyce,2299.85238758
d023902412ad9bbe0522aefa44da21625d9a4378c376e21617d65c1eb2f0a6f0,2025-08-25T18:20:13.416000+00:00,kaspa:ppgxh7e0zyqj5las8njfzl2ke8hcfwe5sp46rmy96d8xxgx2a2ywv5mc4crqh,kaspa:qznrcn0k6swlp4nl8mjqcqgje95c43pp0r79vzdtcglh6x4agccygtlqxvyce,5.0
b425cfcba6def41cf2fcd8e2ec48aace21569384d871c61772ff535bfd7183b8,2025-08-25T18:20:09.323000+00:00,kaspa:qznrcn0k6swlp4nl8mjqcqgje95c43pp0r79vzdtcglh6x4agccygtlqxvyce,kaspa:qp3qe5st3xty68cffva9uqclkr727k6veddultlldvh2q7t8ak3qvpn26he6l,295.00009
b425cfcba6def41cf2fcd8e2ec48aace21569384d871c61772ff535bfd7183b8,2025-08-25T18:20:09.323000+00:00,kaspa:qznrcn0k6swlp4nl8mjqcqgje95c43pp0r79vzdtcglh6x4agccygtlqxvyce,kaspa:qznrcn0k6swlp4nl8mjqcqgje95c43pp0r79vzdtcglh6x4agccygtlqxvyce,2349.85252489
c47265ccbdde9fd6da6c24924fd38d81a08badf13836656c1f073e424881ca95,2025-08-25T04:42:18.815000+00:00,kaspa:qznrcn0k6swlp4nl8mjqcqgje95c43pp0r79vzdtcglh6x4agccygtlqxvyce,kaspa:qq5wk4huq5ccmkwru080kakcxuvq9mjwg0nsectls74802nuxtc07v6v0runf,2644.81
c47265ccbdde9fd6da6c24924fd38d81a08badf13836656c1f073e424881ca95,2025-08-25T04:42:18.815000+00:00,kaspa:qznrcn0k6swlp4nl8mjqcqgje95c43pp0r79vzdtcglh6x4agccygtlqxvyce,kaspa:qznrcn0k6swlp4nl8mjqcqgje95c43pp0r79vzdtcglh6x4agccygtlqxvyce,2644.85264543
d70ee577c75c8f96f064d66bae364d3aae8b916d54c360397ddc32c595a3e204,2025-08-24T16:41:17.544000+00:00,kaspa:qznrcn0k6swlp4nl8mjqcqgje95c43pp0r79vzdtcglh6x4agccygtlqxvyce,kaspa:qq5wk4huq5ccmkwru080kakcxuvq9mjwg0nsectls74802nuxtc07v6v0runf,6.0
d70ee577c75c8f96f064d66bae364d3aae8b916d54c360397ddc32c595a3e204,2025-08-24T16:41:17.544000+00:00,kaspa:qznrcn0k6swlp4nl8mjqcqgje95c43pp0r79vzdtcglh6x4agccygtlqxvyce,kaspa:qznrcn0k6swlp4nl8mjqcqgje95c43pp0r79vzdtcglh6x4agccygtlqxvyce,5289.66267597
47e7a325ca6e05223cf02afbd5cb66b7a87010985af2fdac8dd870c76ae179af,2025-08-23T16:11:03.004000+00:00,kaspa:qznrcn0k6swlp4nl8mjqcqgje95c43pp0r79vzdtcglh6x4agccygtlqxvyce,kaspa:qznrcn0k6swlp4nl8mjqcqgje95c43pp0r79vzdtcglh6x4agccygtlqxvyce,5295.66270651
4aa017939b414372a1aa6bfd0fcd83b6e2d02116b1424ba077c5d61c98d9bec1,2025-08-23T15:54:52.327000+00:00,kaspa:qqdcwnlw6sp0v79mxhawpadtvsywudhtny83tnaq6fhw553dvjdtvxlv6mvmg,kaspa:qznrcn0k6swlp4nl8mjqcqgje95c43pp0r79vzdtcglh6x4agccygtlqxvyce,3800.0
4aa017939b414372a1aa6bfd0fcd83b6e2d02116b1424ba077c5d61c98d9bec1,2025-08-23T15:54:52.327000+00:00,kaspa:qqdcwnlw6sp0v79mxhawpadtvsywudhtny83tnaq6fhw553dvjdtvxlv6mvmg,kaspa:qpjujc5v7f3fuglp4nadamx37gaqxzh6fqk3xx2sh5g7g5g3y7yu2w8pfwcwa,200.0
c44f977691c23dc0ac5e4ca68c3f3ec6378f2e22847ada6882058422a89a345f,2025-08-23T15:49:42.729000+00:00,kaspa:pra5y2wevrskfx297y76t77td9ah87mmw3em7j30x85qh73dep33k69qk567w,kaspa:qznrcn0k6swlp4nl8mjqcqgje95c43pp0r79vzdtcglh6x4agccygtlqxvyce,5.0
ca1b3263906fc3e42107971e33b24e9abf575c9f0c41cd8502b6cba55c8a9be7,2025-08-23T15:49:41.295000+00:00,kaspa:qznrcn0k6swlp4nl8mjqcqgje95c43pp0r79vzdtcglh6x4agccygtlqxvyce,kaspa:pra5y2wevrskfx297y76t77td9ah87mmw3em7j30x85qh73dep33k69qk567w,5.00003
ca1b3263906fc3e42107971e33b24e9abf575c9f0c41cd8502b6cba55c8a9be7,2025-08-23T15:49:41.295000+00:00,kaspa:qznrcn0k6swlp4nl8mjqcqgje95c43pp0r79vzdtcglh6x4agccygtlqxvyce,kaspa:qznrcn0k6swlp4nl8mjqcqgje95c43pp0r79vzdtcglh6x4agccygtlqxvyce,1490.66276441
eb265fa0c9ef9e1cfe98da6d00f9fe7db8bd9987fcbfa1973b8fa14faa74a5ca,2025-08-23T15:48:21.954000+00:00,kaspa:pq7kqnd8swlnd6jzm3q4ynmrcmgk382tpnsusg5pzjr6g3px3plswee3lmfmz,kaspa:qznrcn0k6swlp4nl8mjqcqgje95c43pp0r79vzdtcglh6x4agccygtlqxvyce,5.0
37fae54ac584231ef0147cbfc954a23fb0c05551bfe81e1774734def96b22194,2025-08-23T15:48:19.508000+00:00,kaspa:qznrcn0k6swlp4nl8mjqcqgje95c43pp0r79vzdtcglh6x4agccygtlqxvyce,kaspa:qq00rlxryzptwehmlgsv0kcetpaqe9f3ve6upyqp8uduq3pf93fnzcz4lvv8c,5.00006
37fae54ac584231ef0147cbfc954a23fb0c05551bfe81e1774734def96b22194,2025-08-23T15:48:19.508000+00:00,kaspa:qznrcn0k6swlp4nl8mjqcqgje95c43pp0r79vzdtcglh6x4agccygtlqxvyce,kaspa:qznrcn0k6swlp4nl8mjqcqgje95c43pp0r79vzdtcglh6x4agccygtlqxvyce,1490.66284189
03c7f5fed97903ed6c9ea885041b6303be27a9894c3a7ab791843741ffb02fb7,2025-08-23T14:41:21.413000+00:00,kaspa:pz9gzacr8c4jyhqvhf07g2wwsrvmvwk5zdh73jwt64sg2lz0xrnyjd7d4y48l,kaspa:qznrcn0k6swlp4nl8mjqcqgje95c43pp0r79vzdtcglh6x4agccygtlqxvyce,5.0
444f0b612dbcb28d3e1031637b7a1e0bfa4a2917ecaa465c52a72102059e48b1,2025-08-23T14:41:19.112000+00:00,kaspa:qznrcn0k6swlp4nl8mjqcqgje95c43pp0r79vzdtcglh6x4agccygtlqxvyce,kaspa:pz9gzacr8c4jyhqvhf07g2wwsrvmvwk5zdh73jwt64sg2lz0xrnyjd7d4y48l,5.00003
444f0b612dbcb28d3e1031637b7a1e0bfa4a2917ecaa465c52a72102059e48b1,2025-08-23T14:41:19.112000+00:00,kaspa:qznrcn0k6swlp4nl8mjqcqgje95c43pp0r79vzdtcglh6x4agccygtlqxvyce,kaspa:qznrcn0k6swlp4nl8mjqcqgje95c43pp0r79vzdtcglh6x4agccygtlqxvyce,1490.6629492
43dd1f437b3866edc82d58c80f371bf283707e7355fba475edb5f3672a8de28f,2025-08-23T05:17:44.506000+00:00,kaspa:qznrcn0k6swlp4nl8mjqcqgje95c43pp0r79vzdtcglh6x4agccygtlqxvyce,kaspa:qznrcn0k6swlp4nl8mjqcqgje95c43pp0r79vzdtcglh6x4agccygtlqxvyce,1495.66300991
4dbf7dc6138b7c90e019e35f8fa42db8562e6536edb4ba5c4ca79d8d955e06d3,2025-08-23T05:17:01.217000+00:00,kaspa:qrzu4zfkdctevz25eyzdpsxd2v6yzxwttmghzjwsz3klmn6gflmg5fmhp3t8q,kaspa:qznrcn0k6swlp4nl8mjqcqgje95c43pp0r79vzdtcglh6x4agccygtlqxvyce,1140.0
4dbf7dc6138b7c90e019e35f8fa42db8562e6536edb4ba5c4ca79d8d955e06d3,2025-08-23T05:17:01.217000+00:00,kaspa:qrzu4zfkdctevz25eyzdpsxd2v6yzxwttmghzjwsz3klmn6gflmg5fmhp3t8q,kaspa:qpjujc5v7f3fuglp4nadamx37gaqxzh6fqk3xx2sh5g7g5g3y7yu2w8pfwcwa,60.0
beb46a9fb4471dd16ef2ebc50fd6b35dad0331fda6bb803e6d3c737161affe5e,2025-08-23T05:16:38.561000+00:00,kaspa:prkyggr0eeh7rgn2nkrfs8hml94a8hk2f3mmu23vpwjzq6shfs3xxrsvfehf4,kaspa:qznrcn0k6swlp4nl8mjqcqgje95c43pp0r79vzdtcglh6x4agccygtlqxvyce,5.0
5f8866fd3f1003abe67b72025aefa66e2db3f38fa3b4b01085cad00c4917c6de,2025-08-23T05:16:36.991000+00:00,kaspa:qznrcn0k6swlp4nl8mjqcqgje95c43pp0r79vzdtcglh6x4agccygtlqxvyce,kaspa:prkyggr0eeh7rgn2nkrfs8hml94a8hk2f3mmu23vpwjzq6shfs3xxrsvfehf4,5.00003
5f8866fd3f1003abe67b72025aefa66e2db3f38fa3b4b01085cad00c4917c6de,2025-08-23T05:16:36.991000+00:00,kaspa:qznrcn0k6swlp4nl8mjqcqgje95c43pp0r79vzdtcglh6x4agccygtlqxvyce,kaspa:qznrcn0k6swlp4nl8mjqcqgje95c43pp0r79vzdtcglh6x4agccygtlqxvyce,350.66306781
9e829f7f54b9deb63d9a52b866b9c93fc403ff5200b228e31d9ef38b610d2a26,2025-08-22T18:55:28.783000+00:00,kaspa:pr2hyyd3w6tajcdghvswsvhgextvr2mr3k3jcvplkeexzexqklmvw6va4ftww,kaspa:qznrcn0k6swlp4nl8mjqcqgje95c43pp0r79vzdtcglh6x4agccygtlqxvyce,5.0
ae1929f11f43b7cd394122da7ea49756cbbabc4e8d6967094f0f22b76e9e265e,2025-08-22T18:55:25.047000+00:00,kaspa:qznrcn0k6swlp4nl8mjqcqgje95c43pp0r79vzdtcglh6x4agccygtlqxvyce,kaspa:qzaew4mvzfnp06td9drhu0zj8x67dtr9zucmklral55ed67l9p572y22w2thx,155.00009
ae1929f11f43b7cd394122da7ea49756cbbabc4e8d6967094f0f22b76e9e265e,2025-08-22T18:55:25.047000+00:00,kaspa:qznrcn0k6swlp4nl8mjqcqgje95c43pp0r79vzdtcglh6x4agccygtlqxvyce,kaspa:qznrcn0k6swlp4nl8mjqcqgje95c43pp0r79vzdtcglh6x4agccygtlqxvyce,350.66314529
323d41880c62affc8ad38efcf084c4ed3aad7275e77fc9bd90f6d941da1abe3e,2025-08-22T18:54:56.700000+00:00,kaspa:pr9a7r9zs08kfnnezkl6vvylhz66yrnf7l62na756vj777tfqf2wg4vxv8my2,kaspa:qznrcn0k6swlp4nl8mjqcqgje95c43pp0r79vzdtcglh6x4agccygtlqxvyce,5.0
09ce332bbda0bee5ad2d16e40a7f712dc1cb1131193869211bab84d85d9c861a,2025-08-22T18:54:54.094000+00:00,kaspa:qznrcn0k6swlp4nl8mjqcqgje95c43pp0r79vzdtcglh6x4agccygtlqxvyce,kaspa:qq78tlqev60ljs3xruehrvcc854nruc5t76gygl8wkthmwn3rfkhjssmtymtc,154.00009
09ce332bbda0bee5ad2d16e40a7f712dc1cb1131193869211bab84d85d9c861a,2025-08-22T18:54:54.094000+00:00,kaspa:qznrcn0k6swlp4nl8mjqcqgje95c43pp0r79vzdtcglh6x4agccygtlqxvyce,kaspa:qznrcn0k6swlp4nl8mjqcqgje95c43pp0r79vzdtcglh6x4agccygtlqxvyce,500.6632826
380af08625c834826ecd5f2045f0cccf5a58bd34fd335278cb61ab184c91e599,2025-08-22T13:50:28.993000+00:00,kaspa:qznrcn0k6swlp4nl8mjqcqgje95c43pp0r79vzdtcglh6x4agccygtlqxvyce,kaspa:qp86wp4plg94qefe968y9tnzxwc5ays2c8vuskrsycya5flq8ezju7dg6pc2r,654.63
380af08625c834826ecd5f2045f0cccf5a58bd34fd335278cb61ab184c91e599,2025-08-22T13:50:28.993000+00:00,kaspa:qznrcn0k6swlp4nl8mjqcqgje95c43pp0r79vzdtcglh6x4agccygtlqxvyce,kaspa:qznrcn0k6swlp4nl8mjqcqgje95c43pp0r79vzdtcglh6x4agccygtlqxvyce,654.66340314
93d758ed37920a522b04c0e73226410ebef426e5e5193b99c5ecca7bcc754f2d,2025-08-22T13:47:00.589000+00:00,kaspa:qznrcn0k6swlp4nl8mjqcqgje95c43pp0r79vzdtcglh6x4agccygtlqxvyce,kaspa:qznrcn0k6swlp4nl8mjqcqgje95c43pp0r79vzdtcglh6x4agccygtlqxvyce,1309.29343368
fd2ef028fcd8f3bfd3aae400df0400a8b858b2c648691d99fd5ee2e6efe9b6ee,2025-08-22T13:40:12.506000+00:00,kaspa:qpa5dc9x007lhsxq5zh7axjkt27hnk3ynsk08mykvcsyrv5qjwj3xzp4y66zl,kaspa:qznrcn0k6swlp4nl8mjqcqgje95c43pp0r79vzdtcglh6x4agccygtlqxvyce,1140.0
fd2ef028fcd8f3bfd3aae400df0400a8b858b2c648691d99fd5ee2e6efe9b6ee,2025-08-22T13:40:12.506000+00:00,kaspa:qpa5dc9x007lhsxq5zh7axjkt27hnk3ynsk08mykvcsyrv5qjwj3xzp4y66zl,kaspa:qpjujc5v7f3fuglp4nadamx37gaqxzh6fqk3xx2sh5g7g5g3y7yu2w8pfwcwa,60.0
1f3e8b74698f3aa896a0928eaec291efb29f3b47e615ad2a909749619f7144d0,2025-08-22T13:34:53.958000+00:00,kaspa:prk539xhzrzxn8l4ea2fm25dk5khuap6644eug5zylyf8ugpfh7hs24ddyytu,kaspa:qznrcn0k6swlp4nl8mjqcqgje95c43pp0r79vzdtcglh6x4agccygtlqxvyce,5.0
ea85e3660b1f30973f42003116753cda3bf7b7bedf1959d65be53e590af8d9dd,2025-08-22T13:34:52.884000+00:00,kaspa:qznrcn0k6swlp4nl8mjqcqgje95c43pp0r79vzdtcglh6x4agccygtlqxvyce,kaspa:prk539xhzrzxn8l4ea2fm25dk5khuap6644eug5zylyf8ugpfh7hs24ddyytu,5.00003
ea85e3660b1f30973f42003116753cda3bf7b7bedf1959d65be53e590af8d9dd,2025-08-22T13:34:52.884000+00:00,kaspa:qznrcn0k6swlp4nl8mjqcqgje95c43pp0r79vzdtcglh6x4agccygtlqxvyce,kaspa:qznrcn0k6swlp4nl8mjqcqgje95c43pp0r79vzdtcglh6x4agccygtlqxvyce,164.29349158
e4bdcc81c396c1213cdbc6a69352f604384106027a48ab2d3cf40c7665655637,2025-08-22T13:34:03.526000+00:00,kaspa:przd79rfjhqd5sytuh03amv4ajqlyplf6cvhe5hcm5jl338825chyd6xqlczh,kaspa:qznrcn0k6swlp4nl8mjqcqgje95c43pp0r79vzdtcglh6x4agccygtlqxvyce,5.0
1a6887923ca3e65540632e91216543c89cd87629505b61b13acdc02d7df96d41,2025-08-22T13:34:00.442000+00:00,kaspa:qznrcn0k6swlp4nl8mjqcqgje95c43pp0r79vzdtcglh6x4agccygtlqxvyce,kaspa:qppu565dyy8arpr4k5ev270tl59twcn2ch9u3yaefw7lqykfcsv2qe4sz5hw2,5.00006
1a6887923ca3e65540632e91216543c89cd87629505b61b13acdc02d7df96d41,2025-08-22T13:34:00.442000+00:00,kaspa:qznrcn0k6swlp4nl8mjqcqgje95c43pp0r79vzdtcglh6x4agccygtlqxvyce,kaspa:qznrcn0k6swlp4nl8mjqcqgje95c43pp0r79vzdtcglh6x4agccygtlqxvyce,164.29356906
8203c5b911d65a3773a1851fd971b1b9425e932ae76805879ca3522bec4afe68,2025-08-22T13:17:03.343000+00:00,kaspa:pzr8pdlv9hqqma5h3v94zhc36nhnnwjqeepkvfy48tuyy2nchft6u33m484uc,kaspa:qznrcn0k6swlp4nl8mjqcqgje95c43pp0r79vzdtcglh6x4agccygtlqxvyce,5.0
9901658ed7e418091cef41200eed03855312b1c3da5c2bb232e8bbd6c0419e67,2025-08-22T13:17:02.590000+00:00,kaspa:qznrcn0k6swlp4nl8mjqcqgje95c43pp0r79vzdtcglh6x4agccygtlqxvyce,kaspa:pzr8pdlv9hqqma5h3v94zhc36nhnnwjqeepkvfy48tuyy2nchft6u33m484uc,5.00003
9901658ed7e418091cef41200eed03855312b1c3da5c2bb232e8bbd6c0419e67,2025-08-22T13:17:02.590000+00:00,kaspa:qznrcn0k6swlp4nl8mjqcqgje95c43pp0r79vzdtcglh6x4agccygtlqxvyce,kaspa:qznrcn0k6swlp4nl8mjqcqgje95c43pp0r79vzdtcglh6x4agccygtlqxvyce,164.29367637
ef31f67a5d81e9d46af71225040f70fe148bf9d2921ccce2e8c12c5460e6db61,2025-08-22T13:15:31.995000+00:00,kaspa:ppjzk4q5lmax7w67czye6ux24cptl3rw7u958dvnrft2fss930xg7achq3szj,kaspa:qznrcn0k6swlp4nl8mjqcqgje95c43pp0r79vzdtcglh6x4agccygtlqxvyce,5.0
7bfc8f53bed8d50b865f5726c8992e8cdde7b0841e23bc86f4b540da38ec30e8,2025-08-22T13:15:27.433000+00:00,kaspa:qznrcn0k6swlp4nl8mjqcqgje95c43pp0r79vzdtcglh6x4agccygtlqxvyce,kaspa:qqcu5p6m5jjnygwqgnx8wglvu0m084hlkgmr8uy65a6xnxush6g6wt5a25vyh,5.00006
7bfc8f53bed8d50b865f5726c8992e8cdde7b0841e23bc86f4b540da38ec30e8,2025-08-22T13:15:27.433000+00:00,kaspa:qznrcn0k6swlp4nl8mjqcqgje95c43pp0r79vzdtcglh6x4agccygtlqxvyce,kaspa:qznrcn0k6swlp4nl8mjqcqgje95c43pp0r79vzdtcglh6x4agccygtlqxvyce,164.29375385
d104af6fd06a5b8f91b306ce21b3b923113290f081a377517d1f1667e772b99c,2025-08-22T03:44:07.676000+00:00,kaspa:pztlu344s7s5wdn2rtkrv4zzaszefs60nf6lu9krr9gdwuw70f5huwyl708tf,kaspa:qznrcn0k6swlp4nl8mjqcqgje95c43pp0r79vzdtcglh6x4agccygtlqxvyce,5.0
143def167c216971e74199e11e087d33277806a713add3e26ecfd4d9dcac9e89,2025-08-22T03:44:06.551000+00:00,kaspa:qznrcn0k6swlp4nl8mjqcqgje95c43pp0r79vzdtcglh6x4agccygtlqxvyce,kaspa:pztlu344s7s5wdn2rtkrv4zzaszefs60nf6lu9krr9gdwuw70f5huwyl708tf,5.00003
143def167c216971e74199e11e087d33277806a713add3e26ecfd4d9dcac9e89,2025-08-22T03:44:06.551000+00:00,kaspa:qznrcn0k6swlp4nl8mjqcqgje95c43pp0r79vzdtcglh6x4agccygtlqxvyce,kaspa:qznrcn0k6swlp4nl8mjqcqgje95c43pp0r79vzdtcglh6x4agccygtlqxvyce,164.29386116
85c5a6d5c97ad3ae96f1bd98900148bcbaa5b113ddae9465cb2e3877c01a71cc,2025-08-21T20:23:41.430000+00:00,kaspa:qznrcn0k6swlp4nl8mjqcqgje95c43pp0r79vzdtcglh6x4agccygtlqxvyce,kaspa:pq90mkthraxetsgdegagz6jys0a2datnnkd0vecqvsker3xatjjyj2x0l9xe8,101.0
85c5a6d5c97ad3ae96f1bd98900148bcbaa5b113ddae9465cb2e3877c01a71cc,2025-08-21T20:23:41.430000+00:00,kaspa:qznrcn0k6swlp4nl8mjqcqgje95c43pp0r79vzdtcglh6x4agccygtlqxvyce,kaspa:qqkm7pcztna2mm8vfymvqwmrwrudxc6fmh6s7lfc7w8yhlz6ywnkvqutw3m8l,10.0
85c5a6d5c97ad3ae96f1bd98900148bcbaa5b113ddae9465cb2e3877c01a71cc,2025-08-21T20:23:41.430000+00:00,kaspa:qznrcn0k6swlp4nl8mjqcqgje95c43pp0r79vzdtcglh6x4agccygtlqxvyce,kaspa:qznrcn0k6swlp4nl8mjqcqgje95c43pp0r79vzdtcglh6x4agccygtlqxvyce,169.29392187
ef2f0bb7a3af42b6f240837a200cc6a4077af5a2fb3637972f532208ee569476,2025-08-21T20:19:38.452000+00:00,kaspa:qznrcn0k6swlp4nl8mjqcqgje95c43pp0r79vzdtcglh6x4agccygtlqxvyce,kaspa:pq90mkthraxetsgdegagz6jys0a2datnnkd0vecqvsker3xatjjyj2x0l9xe8,101.0
ef2f0bb7a3af42b6f240837a200cc6a4077af5a2fb3637972f532208ee569476,2025-08-21T20:19:38.452000+00:00,kaspa:qznrcn0k6swlp4nl8mjqcqgje95c43pp0r79vzdtcglh6x4agccygtlqxvyce,kaspa:qqkm7pcztna2mm8vfymvqwmrwrudxc6fmh6s7lfc7w8yhlz6ywnkvqutw3m8l,10.0
ef2f0bb7a3af42b6f240837a200cc6a4077af5a2fb3637972f532208ee569476,2025-08-21T20:19:38.452000+00:00,kaspa:qznrcn0k6swlp4nl8mjqcqgje95c43pp0r79vzdtcglh6x4agccygtlqxvyce,kaspa:qznrcn0k6swlp4nl8mjqcqgje95c43pp0r79vzdtcglh6x4agccygtlqxvyce,280.29395876
841d955dcdfeb054a4728daebf5cc1e344801e192253d2260a73009d68cffec9,2025-03-21T23:24:30.146000+00:00,kaspa:qznrcn0k6swlp4nl8mjqcqgje95c43pp0r79vzdtcglh6x4agccygtlqxvyce,kaspa:pqqkm68j68j4z3u7gt84kn3dn6769darnksrrwqa033eke050rdv6sfykdpyx,1001.0
841d955dcdfeb054a4728daebf5cc1e344801e192253d2260a73009d68cffec9,2025-03-21T23:24:30.146000+00:00,kaspa:qznrcn0k6swlp4nl8mjqcqgje95c43pp0r79vzdtcglh6x4agccygtlqxvyce,kaspa:qqkm7pcztna2mm8vfymvqwmrwrudxc6fmh6s7lfc7w8yhlz6ywnkvqutw3m8l,100.0
841d955dcdfeb054a4728daebf5cc1e344801e192253d2260a73009d68cffec9,2025-03-21T23:24:30.146000+00:00,kaspa:qznrcn0k6swlp4nl8mjqcqgje95c43pp0r79vzdtcglh6x4agccygtlqxvyce,kaspa:qznrcn0k6swlp4nl8mjqcqgje95c43pp0r79vzdtcglh6x4agccygtlqxvyce,391.29399565
cb96ff316b89296c4889d16852b675d5c837545c5627ff2636da214c03880fa2,2025-03-21T23:24:09.998000+00:00,kaspa:qp86wp4plg94qefe968y9tnzxwc5ays2c8vuskrsycya5flq8ezju7dg6pc2r,kaspa:qznrcn0k6swlp4nl8mjqcqgje95c43pp0r79vzdtcglh6x4agccygtlqxvyce,1300.0
cb96ff316b89296c4889d16852b675d5c837545c5627ff2636da214c03880fa2,2025-03-21T23:24:09.998000+00:00,kaspa:qp86wp4plg94qefe968y9tnzxwc5ays2c8vuskrsycya5flq8ezju7dg6pc2r,kaspa:qp86wp4plg94qefe968y9tnzxwc5ays2c8vuskrsycya5flq8ezju7dg6pc2r,1631.09685823
96682b887b92a2371bc0318614f695f68b1ab0c17ec800e6bf44b741c350829e,2024-09-22T05:49:01.011000+00:00,kaspa:qznrcn0k6swlp4nl8mjqcqgje95c43pp0r79vzdtcglh6x4agccygtlqxvyce,kaspa:pqww8jakd6j00nq7gpx85gvevykqt62sfjdswcf2j4psc9chkygvjy0hqegg9,301.0
96682b887b92a2371bc0318614f695f68b1ab0c17ec800e6bf44b741c350829e,2024-09-22T05:49:01.011000+00:00,kaspa:qznrcn0k6swlp4nl8mjqcqgje95c43pp0r79vzdtcglh6x4agccygtlqxvyce,kaspa:qqkm7pcztna2mm8vfymvqwmrwrudxc6fmh6s7lfc7w8yhlz6ywnkvqutw3m8l,30.0
96682b887b92a2371bc0318614f695f68b1ab0c17ec800e6bf44b741c350829e,2024-09-22T05:49:01.011000+00:00,kaspa:qznrcn0k6swlp4nl8mjqcqgje95c43pp0r79vzdtcglh6x4agccygtlqxvyce,kaspa:qznrcn0k6swlp4nl8mjqcqgje95c43pp0r79vzdtcglh6x4agccygtlqxvyce,192.62209734
d567ed4f281b6018e35a1b84971c8a4c81f17526d26752d0de2f485b429e7890,2024-09-22T05:48:39.321000+00:00,kaspa:qznrcn0k6swlp4nl8mjqcqgje95c43pp0r79vzdtcglh6x4agccygtlqxvyce,kaspa:qpsr6l3n7v8vmye7eflpnh8g7lm5m6zrrneezshrx78rkx7gpr0uvkcep0flp,250.0
d567ed4f281b6018e35a1b84971c8a4c81f17526d26752d0de2f485b429e7890,2024-09-22T05:48:39.321000+00:00,kaspa:qznrcn0k6swlp4nl8mjqcqgje95c43pp0r79vzdtcglh6x4agccygtlqxvyce,kaspa:qznrcn0k6swlp4nl8mjqcqgje95c43pp0r79vzdtcglh6x4agccygtlqxvyce,523.62212193
a376530b7f6f0a22e236c28f4244235fe43284056a28a13984b4bfd4cecb5d85,2024-09-22T05:48:01.424000+00:00,kaspa:qznrcn0k6swlp4nl8mjqcqgje95c43pp0r79vzdtcglh6x4agccygtlqxvyce,kaspa:qr5xdkk0n0xa0mdh9j8vvh4fjdjyk444e5e3hrpqpck98lk8hdnxganpdasj2,250.0
a376530b7f6f0a22e236c28f4244235fe43284056a28a13984b4bfd4cecb5d85,2024-09-22T05:48:01.424000+00:00,kaspa:qznrcn0k6swlp4nl8mjqcqgje95c43pp0r79vzdtcglh6x4agccygtlqxvyce,kaspa:qznrcn0k6swlp4nl8mjqcqgje95c43pp0r79vzdtcglh6x4agccygtlqxvyce,754.99995269
93d6e6bcbf647329c8f23fdd55b00210049a10ed00f0063226b868cf54f6398b,2024-09-22T05:47:06.663000+00:00,kaspa:qypvu8654a0k96uy308xj5pschnd374autqvr8fmrxp8ww8g3l5x2rgg2pmsexq,kaspa:qznrcn0k6swlp4nl8mjqcqgje95c43pp0r79vzdtcglh6x4agccygtlqxvyce,1000.0
93d6e6bcbf647329c8f23fdd55b00210049a10ed00f0063226b868cf54f6398b,2024-09-22T05:47:06.663000+00:00,kaspa:qypvu8654a0k96uy308xj5pschnd374autqvr8fmrxp8ww8g3l5x2rgg2pmsexq,kaspa:qypvu8654a0k96uy308xj5pschnd374autqvr8fmrxp8ww8g3l5x2rgg2pmsexq,429286.69706857
d68d9c475b17c915d5a73ad37502b962fb21504d1a860930d4a6e95a00d21583,2024-09-22T05:34:03.335000+00:00,kaspa:qznrcn0k6swlp4nl8mjqcqgje95c43pp0r79vzdtcglh6x4agccygtlqxvyce,kaspa:pqww8jakd6j00nq7gpx85gvevykqt62sfjdswcf2j4psc9chkygvjy0hqegg9,211.0
d68d9c475b17c915d5a73ad37502b962fb21504d1a860930d4a6e95a00d21583,2024-09-22T05:34:03.335000+00:00,kaspa:qznrcn0k6swlp4nl8mjqcqgje95c43pp0r79vzdtcglh6x4agccygtlqxvyce,kaspa:qqkm7pcztna2mm8vfymvqwmrwrudxc6fmh6s7lfc7w8yhlz6ywnkvqutw3m8l,21.0
d68d9c475b17c915d5a73ad37502b962fb21504d1a860930d4a6e95a00d21583,2024-09-22T05:34:03.335000+00:00,kaspa:qznrcn0k6swlp4nl8mjqcqgje95c43pp0r79vzdtcglh6x4agccygtlqxvyce,kaspa:qznrcn0k6swlp4nl8mjqcqgje95c43pp0r79vzdtcglh6x4agccygtlqxvyce,18.62221655
2b1923842e4a5c7a13370c043bb37ff2a9241378c4d90d448c0c4e71b820f0b3,2024-09-22T05:33:31.716000+00:00,kaspa:qp2cwctzz6vz6794jp9zxq5atx3tjr4s3zaqpyy2xgdmvlced0cdxevpkcp5l,kaspa:qznrcn0k6swlp4nl8mjqcqgje95c43pp0r79vzdtcglh6x4agccygtlqxvyce,250.0
2b1923842e4a5c7a13370c043bb37ff2a9241378c4d90d448c0c4e71b820f0b3,2024-09-22T05:33:31.716000+00:00,kaspa:qp2cwctzz6vz6794jp9zxq5atx3tjr4s3zaqpyy2xgdmvlced0cdxevpkcp5l,kaspa:qp2cwctzz6vz6794jp9zxq5atx3tjr4s3zaqpyy2xgdmvlced0cdxevpkcp5l,559.9481418
0b6c4f7a11f4c6abcf18cf76c48bea3998c58adf28737dcb71645c6bcfc73b85,2024-09-19T05:02:33.343000+00:00,kaspa:pqcp59kcw4sdz4un2etkpn2gg2k5a26c2855zy2n80zkv9yu0g6jzzypmsmdw,kaspa:qznrcn0k6swlp4nl8mjqcqgje95c43pp0r79vzdtcglh6x4agccygtlqxvyce,5.0
37fd409a5ecf563a6005e13b6c5b9767ca96f797014d2add3d69234b674e8306,2024-09-19T05:02:27.571000+00:00,kaspa:qznrcn0k6swlp4nl8mjqcqgje95c43pp0r79vzdtcglh6x4agccygtlqxvyce,kaspa:pqcp59kcw4sdz4un2etkpn2gg2k5a26c2855zy2n80zkv9yu0g6jzzypmsmdw,5.00003
37fd409a5ecf563a6005e13b6c5b9767ca96f797014d2add3d69234b674e8306,2024-09-19T05:02:27.571000+00:00,kaspa:qznrcn0k6swlp4nl8mjqcqgje95c43pp0r79vzdtcglh6x4agccygtlqxvyce,kaspa:qznrcn0k6swlp4nl8mjqcqgje95c43pp0r79vzdtcglh6x4agccygtlqxvyce,0.62225232
3864985296c24dd15325c6e56b03e7ea5c009137902d9adbb57b204b20232cb5,2024-09-19T02:08:10.328000+00:00,kaspa:qznrcn0k6swlp4nl8mjqcqgje95c43pp0r79vzdtcglh6x4agccygtlqxvyce,kaspa:pz0wrpnsraxy569j4zuck4vsxxpkrzeaalwrr35fgt0ad4e79vmpy6z0lwnu0,26.0
3864985296c24dd15325c6e56b03e7ea5c009137902d9adbb57b204b20232cb5,2024-09-19T02:08:10.328000+00:00,kaspa:qznrcn0k6swlp4nl8mjqcqgje95c43pp0r79vzdtcglh6x4agccygtlqxvyce,kaspa:qqkm7pcztna2mm8vfymvqwmrwrudxc6fmh6s7lfc7w8yhlz6ywnkvqutw3m8l,2.5
3864985296c24dd15325c6e56b03e7ea5c009137902d9adbb57b204b20232cb5,2024-09-19T02:08:10.328000+00:00,kaspa:qznrcn0k6swlp4nl8mjqcqgje95c43pp0r79vzdtcglh6x4agccygtlqxvyce,kaspa:qznrcn0k6swlp4nl8mjqcqgje95c43pp0r79vzdtcglh6x4agccygtlqxvyce,5.62252661
262f655a6f1b877e6dde197a2ed3fa0eaef4d9584af0ab9c192df208545b462c,2024-09-17T03:22:21.126000+00:00,kaspa:pzaw6hqn9kp92dh692u8q58h7vdj5xd06t7yd6jlzw07hmdflxeksr4x0t9jw,kaspa:qznrcn0k6swlp4nl8mjqcqgje95c43pp0r79vzdtcglh6x4agccygtlqxvyce,5.0
0c44a3cc4be586bd23e2ba152d04e80e669650b3035fbfde6e59c946eaae6102,2024-09-17T03:22:17.122000+00:00,kaspa:qznrcn0k6swlp4nl8mjqcqgje95c43pp0r79vzdtcglh6x4agccygtlqxvyce,kaspa:pzaw6hqn9kp92dh692u8q58h7vdj5xd06t7yd6jlzw07hmdflxeksr4x0t9jw,5.00021999
0c44a3cc4be586bd23e2ba152d04e80e669650b3035fbfde6e59c946eaae6102,2024-09-17T03:22:17.122000+00:00,kaspa:qznrcn0k6swlp4nl8mjqcqgje95c43pp0r79vzdtcglh6x4agccygtlqxvyce,kaspa:qznrcn0k6swlp4nl8mjqcqgje95c43pp0r79vzdtcglh6x4agccygtlqxvyce,29.12257651
96e91df75ea0d576d08389926198b8c85d7c2e1e6107312fe8dedc0d1eabe2df,2024-09-15T21:22:30.016000+00:00,kaspa:qznrcn0k6swlp4nl8mjqcqgje95c43pp0r79vzdtcglh6x4agccygtlqxvyce,kaspa:prlc70cfd3xckh6dn6yj6yj768g3wdznppzmxem3c8ueljk243gsgcwpedr4v,236.0
96e91df75ea0d576d08389926198b8c85d7c2e1e6107312fe8dedc0d1eabe2df,2024-09-15T21:22:30.016000+00:00,kaspa:qznrcn0k6swlp4nl8mjqcqgje95c43pp0r79vzdtcglh6x4agccygtlqxvyce,kaspa:qqkm7pcztna2mm8vfymvqwmrwrudxc6fmh6s7lfc7w8yhlz6ywnkvqutw3m8l,23.5
96e91df75ea0d576d08389926198b8c85d7c2e1e6107312fe8dedc0d1eabe2df,2024-09-15T21:22:30.016000+00:00,kaspa:qznrcn0k6swlp4nl8mjqcqgje95c43pp0r79vzdtcglh6x4agccygtlqxvyce,kaspa:qznrcn0k6swlp4nl8mjqcqgje95c43pp0r79vzdtcglh6x4agccygtlqxvyce,34.12302188
a724d92847a5af15fad6c811b0da762ee851fc47f06f7cf3c8e4af8e45338e0e,2024-09-15T20:42:29.127000+00:00,kaspa:qznrcn0k6swlp4nl8mjqcqgje95c43pp0r79vzdtcglh6x4agccygtlqxvyce,kaspa:prlc70cfd3xckh6dn6yj6yj768g3wdznppzmxem3c8ueljk243gsgcwpedr4v,151.0
a724d92847a5af15fad6c811b0da762ee851fc47f06f7cf3c8e4af8e45338e0e,2024-09-15T20:42:29.127000+00:00,kaspa:qznrcn0k6swlp4nl8mjqcqgje95c43pp0r79vzdtcglh6x4agccygtlqxvyce,kaspa:qqkm7pcztna2mm8vfymvqwmrwrudxc6fmh6s7lfc7w8yhlz6ywnkvqutw3m8l,15.0
a724d92847a5af15fad6c811b0da762ee851fc47f06f7cf3c8e4af8e45338e0e,2024-09-15T20:42:29.127000+00:00,kaspa:qznrcn0k6swlp4nl8mjqcqgje95c43pp0r79vzdtcglh6x4agccygtlqxvyce,kaspa:qznrcn0k6swlp4nl8mjqcqgje95c43pp0r79vzdtcglh6x4agccygtlqxvyce,294.23777188
4a8b5f104ef841f1da7b45d3d87d780ad66b36b5db09fc28f19302ec91a5534c,2024-09-15T18:49:27.941000+00:00,kaspa:qznrcn0k6swlp4nl8mjqcqgje95c43pp0r79vzdtcglh6x4agccygtlqxvyce,kaspa:prlc70cfd3xckh6dn6yj6yj768g3wdznppzmxem3c8ueljk243gsgcwpedr4v,155.30329615
4a8b5f104ef841f1da7b45d3d87d780ad66b36b5db09fc28f19302ec91a5534c,2024-09-15T18:49:27.941000+00:00,kaspa:qznrcn0k6swlp4nl8mjqcqgje95c43pp0r79vzdtcglh6x4agccygtlqxvyce,kaspa:qqkm7pcztna2mm8vfymvqwmrwrudxc6fmh6s7lfc7w8yhlz6ywnkvqutw3m8l,15.0
4a8b5f104ef841f1da7b45d3d87d780ad66b36b5db09fc28f19302ec91a5534c,2024-09-15T18:49:27.941000+00:00,kaspa:qznrcn0k6swlp4nl8mjqcqgje95c43pp0r79vzdtcglh6x4agccygtlqxvyce,kaspa:qznrcn0k6swlp4nl8mjqcqgje95c43pp0r79vzdtcglh6x4agccygtlqxvyce,460.85252188
e7a37e9f10ba42ec48f61c422fa80c8afbd8709faaa9821423778f3fe46c57db,2024-09-15T18:07:32.439000+00:00,kaspa:qznrcn0k6swlp4nl8mjqcqgje95c43pp0r79vzdtcglh6x4agccygtlqxvyce,kaspa:prlc70cfd3xckh6dn6yj6yj768g3wdznppzmxem3c8ueljk243gsgcwpedr4v,111.92697588
e7a37e9f10ba42ec48f61c422fa80c8afbd8709faaa9821423778f3fe46c57db,2024-09-15T18:07:32.439000+00:00,kaspa:qznrcn0k6swlp4nl8mjqcqgje95c43pp0r79vzdtcglh6x4agccygtlqxvyce,kaspa:qqkm7pcztna2mm8vfymvqwmrwrudxc6fmh6s7lfc7w8yhlz6ywnkvqutw3m8l,10.0
e7a37e9f10ba42ec48f61c422fa80c8afbd8709faaa9821423778f3fe46c57db,2024-09-15T18:07:32.439000+00:00,kaspa:qznrcn0k6swlp4nl8mjqcqgje95c43pp0r79vzdtcglh6x4agccygtlqxvyce,kaspa:qznrcn0k6swlp4nl8mjqcqgje95c43pp0r79vzdtcglh6x4agccygtlqxvyce,632.42035712
ef4cbd7d126d4f6cae63d58bd46c6a5e1acd71d18727e3a68f6dcd172f2c9d42,2024-09-15T14:56:04.039000+00:00,kaspa:qznrcn0k6swlp4nl8mjqcqgje95c43pp0r79vzdtcglh6x4agccygtlqxvyce,kaspa:prlc70cfd3xckh6dn6yj6yj768g3wdznppzmxem3c8ueljk243gsgcwpedr4v,101.0
ef4cbd7d126d4f6cae63d58bd46c6a5e1acd71d18727e3a68f6dcd172f2c9d42,2024-09-15T14:56:04.039000+00:00,kaspa:qznrcn0k6swlp4nl8mjqcqgje95c43pp0r79vzdtcglh6x4agccygtlqxvyce,kaspa:qqkm7pcztna2mm8vfymvqwmrwrudxc6fmh6s7lfc7w8yhlz6ywnkvqutw3m8l,10.0
ef4cbd7d126d4f6cae63d58bd46c6a5e1acd71d18727e3a68f6dcd172f2c9d42,2024-09-15T14:56:04.039000+00:00,kaspa:qznrcn0k6swlp4nl8mjqcqgje95c43pp0r79vzdtcglh6x4agccygtlqxvyce,kaspa:qznrcn0k6swlp4nl8mjqcqgje95c43pp0r79vzdtcglh6x4agccygtlqxvyce,755.70985
245e762b0885babf7378136eea2c4922009c309b5e51f127776814e3ab059c23,2024-09-15T13:28:27.069000+00:00,kaspa:qznrcn0k6swlp4nl8mjqcqgje95c43pp0r79vzdtcglh6x4agccygtlqxvyce,kaspa:prlc70cfd3xckh6dn6yj6yj768g3wdznppzmxem3c8ueljk243gsgcwpedr4v,121.2
245e762b0885babf7378136eea2c4922009c309b5e51f127776814e3ab059c23,2024-09-15T13:28:27.069000+00:00,kaspa:qznrcn0k6swlp4nl8mjqcqgje95c43pp0r79vzdtcglh6x4agccygtlqxvyce,kaspa:qqkm7pcztna2mm8vfymvqwmrwrudxc6fmh6s7lfc7w8yhlz6ywnkvqutw3m8l,10.0
245e762b0885babf7378136eea2c4922009c309b5e51f127776814e3ab059c23,2024-09-15T13:28:27.069000+00:00,kaspa:qznrcn0k6swlp4nl8mjqcqgje95c43pp0r79vzdtcglh6x4agccygtlqxvyce,kaspa:qznrcn0k6swlp4nl8mjqcqgje95c43pp0r79vzdtcglh6x4agccygtlqxvyce,867.3246
0585e81082733d9df191d5c498c88c65953769bf9f51379062a66f280434eaf0,2024-09-15T04:40:24.234000+00:00,kaspa:qq5wk4huq5ccmkwru080kakcxuvq9mjwg0nsectls74802nuxtc07v6v0runf,kaspa:qznrcn0k6swlp4nl8mjqcqgje95c43pp0r79vzdtcglh6x4agccygtlqxvyce,1000.0
0585e81082733d9df191d5c498c88c65953769bf9f51379062a66f280434eaf0,2024-09-15T04:40:24.234000+00:00,kaspa:qq5wk4huq5ccmkwru080kakcxuvq9mjwg0nsectls74802nuxtc07v6v0runf,kaspa:qq5wk4huq5ccmkwru080kakcxuvq9mjwg0nsectls74802nuxtc07v6v0runf,8192.54329399
