tx_id,timestamp,sender,recipient,amount_kas
a9823432ae3e11ee859e760e24cd6ac2c8937d4d05b0dd404a485c965f4bc99b,2025-09-02T22:06:26.965000+00:00,kaspa:pq3hd0w5g7q8u82st85get7srr3353m39fqgthfg5luhf07eg0ql5msl5qust,kaspa:qr5xy7w4esspt25tza5zxqflthgrlww7063l8cxl2vng6lz3kkaqc87mz6s4g,5.0
22c28455c9d22d408374ea5dd299e97d6867638e6008f36a35a12f0afdf72eda,2025-09-02T22:06:25.853000+00:00,kaspa:qr5xy7w4esspt25tza5zxqflthgrlww7063l8cxl2vng6lz3kkaqc87mz6s4g,kaspa:pq3hd0w5g7q8u82st85get7srr3353m39fqgthfg5luhf07eg0ql5msl5qust,5.00003
22c28455c9d22d408374ea5dd299e97d6867638e6008f36a35a12f0afdf72eda,2025-09-02T22:06:25.853000+00:00,kaspa:qr5xy7w4esspt25tza5zxqflthgrlww7063l8cxl2vng6lz3kkaqc87mz6s4g,kaspa:qr5xy7w4esspt25tza5zxqflthgrlww7063l8cxl2vng6lz3kkaqc87mz6s4g,2246.77492584
02bb89f5be40f1ee495a9eab5eee08b1a6e5708b76f86b706bd0651dca695b98,2025-09-01T15:53:22.637000+00:00,kaspa:qr5xy7w4esspt25tza5zxqflthgrlww7063l8cxl2vng6lz3kkaqc87mz6s4g,kaspa:qr5xy7w4esspt25tza5zxqflthgrlww7063l8cxl2vng6lz3kkaqc87mz6s4g,2251.77498655
746b6004190595cb1c2cb14e46e7dd08f1500ab16482b5cb58dc2dd3435b4b3b,2025-09-01T14:23:19.158000+00:00,kaspa:pqvynwn06cvy3pdjj32mell8wsl0s7wcuev2vh7m2un9qduj3sh6787yrrkyz,kaspa:qr5xy7w4esspt25tza5zxqflthgrlww7063l8cxl2vng6lz3kkaqc87mz6s4g,5.0
ad5147bf04ad2e98115b439971b384ff8e9bae723b24ed653d84980538ca3506,2025-09-01T14:23:18.533000+00:00,kaspa:qr5xy7w4esspt25tza5zxqflthgrlww7063l8cxl2vng6lz3kkaqc87mz6s4g,kaspa:pqvynwn06cvy3pdjj32mell8wsl0s7wcuev2vh7m2un9qduj3sh6787yrrkyz,5.00003
ad5147bf04ad2e98115b439971b384ff8e9bae723b24ed653d84980538ca3506,2025-09-01T14:23:18.533000+00:00,kaspa:qr5xy7w4esspt25tza5zxqflthgrlww7063l8cxl2vng6lz3kkaqc87mz6s4g,kaspa:qr5xy7w4esspt25tza5zxqflthgrlww7063l8cxl2vng6lz3kkaqc87mz6s4g,2028.27504445
9a040cd2949a2fd9faab6f6ca2e960bc4ca9749a41f524c977f6044598d2d870,2025-09-01T14:22:51.128000+00:00,kaspa:pzg98zdhy8xr9jj3rm9cn8nynyls6zzuzk6pakc48vtq9ne6rapdxmuz4pjgj,kaspa:qr5xy7w4esspt25tza5zxqflthgrlww7063l8cxl2vng6lz3kkaqc87mz6s4g,5.0
2f91e31ebce6fd17e4388657539cbff2ae0b3e6c776a26c73420cb941476b560,2025-09-01T14:22:49.652000+00:00,kaspa:qr5xy7w4esspt25tza5zxqflthgrlww7063l8cxl2vng6lz3kkaqc87mz6s4g,kaspa:pzg98zdhy8xr9jj3rm9cn8nynyls6zzuzk6pakc48vtq9ne6rapdxmuz4pjgj,5.00003
2f91e31ebce6fd17e4388657539cbff2ae0b3e6c776a26c73420cb941476b560,2025-09-01T14:22:49.652000+00:00,kaspa:qr5xy7w4esspt25tza5zxqflthgrlww7063l8cxl2vng6lz3kkaqc87mz6s4g,kaspa:qr5xy7w4esspt25tza5zxqflthgrlww7063l8cxl2vng6lz3kkaqc87mz6s4g,2028.27512193
f62911a90ae7ae1d8f5fe6ff4589b588e6c001c2efa19181465a93692719c329,2025-08-31T21:12:17.478000+00:00,kaspa:ppz6f3t63ln0asxrnk0wjtvzqv45a8vujhsz0rdudypgfvrhy7udjj4ra65d5,kaspa:qr5xy7w4esspt25tza5zxqflthgrlww7063l8cxl2vng6lz3kkaqc87mz6s4g,5.0
180fec0823931d5eadde3d0b52c6110f572cd515a21efe3f8d869661fd3e207e,2025-08-31T21:12:16.928000+00:00,kaspa:qr5xy7w4esspt25tza5zxqflthgrlww7063l8cxl2vng6lz3kkaqc87mz6s4g,kaspa:ppz6f3t63ln0asxrnk0wjtvzqv45a8vujhsz0rdudypgfvrhy7udjj4ra65d5,5.00003
180fec0823931d5eadde3d0b52c6110f572cd515a21efe3f8d869661fd3e207e,2025-08-31T21:12:16.928000+00:00,kaspa:qr5xy7w4esspt25tza5zxqflthgrlww7063l8cxl2vng6lz3kkaqc87mz6s4g,kaspa:qr5xy7w4esspt25tza5zxqflthgrlww7063l8cxl2vng6lz3kkaqc87mz6s4g,2028.27519941
44957fe396e43982b6ef82ada4f213c839f07ee6b7d2d7964136a3f08e0b4478,2025-08-31T21:11:53.744000+00:00,kaspa:pql5ct2c4j4u3nrf8vn84jkm76efn6smvvz7w5euvh7kyhylxw9hzg3m58jc0,kaspa:qr5xy7w4esspt25tza5zxqflthgrlww7063l8cxl2vng6lz3kkaqc87mz6s4g,5.0
ec07726176f0204de188284e600d583149c53dfe0b7510e4ae925b9511c3ddeb,2025-08-31T21:11:52.064000+00:00,kaspa:qr5xy7w4esspt25tza5zxqflthgrlww7063l8cxl2vng6lz3kkaqc87mz6s4g,kaspa:pql5ct2c4j4u3nrf8vn84jkm76efn6smvvz7w5euvh7kyhylxw9hzg3m58jc0,5.00003
ec07726176f0204de188284e600d583149c53dfe0b7510e4ae925b9511c3ddeb,2025-08-31T21:11:52.064000+00:00,kaspa:qr5xy7w4esspt25tza5zxqflthgrlww7063l8cxl2vng6lz3kkaqc87mz6s4g,kaspa:qr5xy7w4esspt25tza5zxqflthgrlww7063l8cxl2vng6lz3kkaqc87mz6s4g,2028.27527689
d289d2b63e8cd0bf8cc5614b6c08e64f10b30a184567a5f0ebc06b4fcbfa19bc,2025-08-30T11:56:04.882000+00:00,kaspa:prt8xe842pgmmwh0fqnnwrpk7rlx5kfsgnn4d6xz4ms042vm9g3tuxz3ste7r,kaspa:qr5xy7w4esspt25tza5zxqflthgrlww7063l8cxl2vng6lz3kkaqc87mz6s4g,5.0
a9ef63bc24e74530d8386a5d56fba3cb19c405d131491804fb8c97f5cd048c33,2025-08-30T11:56:03.049000+00:00,kaspa:qr5xy7w4esspt25tza5zxqflthgrlww7063l8cxl2vng6lz3kkaqc87mz6s4g,kaspa:prt8xe842pgmmwh0fqnnwrpk7rlx5kfsgnn4d6xz4ms042vm9g3tuxz3ste7r,5.00003
a9ef63bc24e74530d8386a5d56fba3cb19c405d131491804fb8c97f5cd048c33,2025-08-30T11:56:03.049000+00:00,kaspa:qr5xy7w4esspt25tza5zxqflthgrlww7063l8cxl2vng6lz3kkaqc87mz6s4g,kaspa:qr5xy7w4esspt25tza5zxqflthgrlww7063l8cxl2vng6lz3kkaqc87mz6s4g,2028.27535437
6b3744564da3aa0bc085dc0e2bf2f8ad0f28577fa0edf962de96dce59de1bf2c,2025-08-30T07:30:38.273000+00:00,kaspa:qp8t099n60ymftzaxd6dcyg3qxw5ssz5tqqlp0p8ulqxjk2qafcncgat2vewt,kaspa:qr5xy7w4esspt25tza5zxqflthgrlww7063l8cxl2vng6lz3kkaqc87mz6s4g,218.5
6b3744564da3aa0bc085dc0e2bf2f8ad0f28577fa0edf962de96dce59de1bf2c,2025-08-30T07:30:38.273000+00:00,kaspa:qp8t099n60ymftzaxd6dcyg3qxw5ssz5tqqlp0p8ulqxjk2qafcncgat2vewt,kaspa:qpjujc5v7f3fuglp4nadamx37gaqxzh6fqk3xx2sh5g7g5g3y7yu2w8pfwcwa,11.5
d1008733e62875f3b7f231601c9097e7866895c2b933ca40d5531fcf3ea2fc9f,2025-08-29T21:48:34.635000+00:00,kaspa:pz5t28ysm3kqv6ey8hjz4399t72l0af39ghqcq5a60rmp7w6qzxdkajn36a06,kaspa:qr5xy7w4esspt25tza5zxqflthgrlww7063l8cxl2vng6lz3kkaqc87mz6s4g,5.0
13b9d9a10844545baec8f36f61e1b02ccb0d9a14939bc7c8750e5430d1059d87,2025-08-29T21:48:33.328000+00:00,kaspa:qr5xy7w4esspt25tza5zxqflthgrlww7063l8cxl2vng6lz3kkaqc87mz6s4g,kaspa:pz5t28ysm3kqv6ey8hjz4399t72l0af39ghqcq5a60rmp7w6qzxdkajn36a06,5.00003
13b9d9a10844545baec8f36f61e1b02ccb0d9a14939bc7c8750e5430d1059d87,2025-08-29T21:48:33.328000+00:00,kaspa:qr5xy7w4esspt25tza5zxqflthgrlww7063l8cxl2vng6lz3kkaqc87mz6s4g,kaspa:qr5xy7w4esspt25tza5zxqflthgrlww7063l8cxl2vng6lz3kkaqc87mz6s4g,2028.27543185
b4e0ccd92d563f3678940d902805da2c91efa003cd1d1857b3c30fdedd561c6f,2025-08-29T21:48:03.849000+00:00,kaspa:prguwnpdnrlcvk48dfnz8ftgzqe3fd4ujuuhfqvl0qwgvdfudzn4sm6wukmrq,kaspa:qr5xy7w4esspt25tza5zxqflthgrlww7063l8cxl2vng6lz3kkaqc87mz6s4g,5.0
7cf4c8a1a1ac445572d99ebc685af5035e6abc4333b77c971dd4b6238e861162,2025-08-29T21:48:01.734000+00:00,kaspa:qr5xy7w4esspt25tza5zxqflthgrlww7063l8cxl2vng6lz3kkaqc87mz6s4g,kaspa:prguwnpdnrlcvk48dfnz8ftgzqe3fd4ujuuhfqvl0qwgvdfudzn4sm6wukmrq,5.00003
7cf4c8a1a1ac445572d99ebc685af5035e6abc4333b77c971dd4b6238e861162,2025-08-29T21:48:01.734000+00:00,kaspa:qr5xy7w4esspt25tza5zxqflthgrlww7063l8cxl2vng6lz3kkaqc87mz6s4g,kaspa:qr5xy7w4esspt25tza5zxqflthgrlww7063l8cxl2vng6lz3kkaqc87mz6s4g,2028.27550933
3a56c6b8de1e2941b56bb12f0f5a93e684182bb09bfd349ac07f9dc2f33939c2,2025-08-29T21:47:02.413000+00:00,kaspa:pzr700ymp936a7q6jda022ztvxzxd4qyrq7mxf8xs26a3jlmpj0t2fqgzufma,kaspa:qr5xy7w4esspt25tza5zxqflthgrlww7063l8cxl2vng6lz3kkaqc87mz6s4g,5.0
bc407740fdb9e0c71c484a5bec10fba813fcd5daa4f53c5dcec5a0d40e76f7a8,2025-08-29T21:47:00.284000+00:00,kaspa:qr5xy7w4esspt25tza5zxqflthgrlww7063l8cxl2vng6lz3kkaqc87mz6s4g,kaspa:pzr700ymp936a7q6jda022ztvxzxd4qyrq7mxf8xs26a3jlmpj0t2fqgzufma,5.00003
bc407740fdb9e0c71c484a5bec10fba813fcd5daa4f53c5dcec5a0d40e76f7a8,2025-08-29T21:47:00.284000+00:00,kaspa:qr5xy7w4esspt25tza5zxqflthgrlww7063l8cxl2vng6lz3kkaqc87mz6s4g,kaspa:qr5xy7w4esspt25tza5zxqflthgrlww7063l8cxl2vng6lz3kkaqc87mz6s4g,2028.27558681
f3cf04b12ae130cf1da678b40e63247a70d802e56b9954ded4dde4f20a65c633,2025-08-29T18:19:57.739000+00:00,kaspa:prwszw28wamdu0ml0u0tl8g5086dgwaq9s9anheevqfevtqzd4zty857a9wf2,kaspa:qr5xy7w4esspt25tza5zxqflthgrlww7063l8cxl2vng6lz3kkaqc87mz6s4g,5.0
0f7cdd9929b90c1747c2313d3c096136d7846afc27f3a72100822e467104e826,2025-08-29T18:19:55.682000+00:00,kaspa:qr5xy7w4esspt25tza5zxqflthgrlww7063l8cxl2vng6lz3kkaqc87mz6s4g,kaspa:prwszw28wamdu0ml0u0tl8g5086dgwaq9s9anheevqfevtqzd4zty857a9wf2,5.00003
0f7cdd9929b90c1747c2313d3c096136d7846afc27f3a72100822e467104e826,2025-08-29T18:19:55.682000+00:00,kaspa:qr5xy7w4esspt25tza5zxqflthgrlww7063l8cxl2vng6lz3kkaqc87mz6s4g,kaspa:qr5xy7w4esspt25tza5zxqflthgrlww7063l8cxl2vng6lz3kkaqc87mz6s4g,2028.27566429
451141fadfa9fd28c483da542cd701ef815b7255831e89c232b3d28e86efd3e8,2025-08-29T18:19:27.357000+00:00,kaspa:pq9e5q352fmvhvw2mth57s6t4ahpvpsa3xtwv657un3vefuf5elagqqtmd5yu,kaspa:qr5xy7w4esspt25tza5zxqflthgrlww7063l8cxl2vng6lz3kkaqc87mz6s4g,5.0
83c58b32d8da5097bb45ec33422a7ff87e59d3e7fc7dca2f7d405377c50ed477,2025-08-29T18:19:25.389000+00:00,kaspa:qr5xy7w4esspt25tza5zxqflthgrlww7063l8cxl2vng6lz3kkaqc87mz6s4g,kaspa:pq9e5q352fmvhvw2mth57s6t4ahpvpsa3xtwv657un3vefuf5elagqqtmd5yu,5.00003
83c58b32d8da5097bb45ec33422a7ff87e59d3e7fc7dca2f7d405377c50ed477,2025-08-29T18:19:25.389000+00:00,kaspa:qr5xy7w4esspt25tza5zxqflthgrlww7063l8cxl2vng6lz3kkaqc87mz6s4g,kaspa:qr5xy7w4esspt25tza5zxqflthgrlww7063l8cxl2vng6lz3kkaqc87mz6s4g,2028.27574177
7280c186a090b49b949c35682b9c2ca87e5aa1cb607ab1824f6d7a963a349105,2025-08-29T18:18:57.858000+00:00,kaspa:pz4j30pgxs3424hlhhclej2y68mtn8qqx7t6a9lfcrx4f30meemhk3v5exty3,kaspa:qr5xy7w4esspt25tza5zxqflthgrlww7063l8cxl2vng6lz3kkaqc87mz6s4g,5.0
b2e8e77ed91416d39525ba22b9691a10a1580a4d0de77b89d8f200e7ce443909,2025-08-29T18:18:56.965000+00:00,kaspa:qr5xy7w4esspt25tza5zxqflthgrlww7063l8cxl2vng6lz3kkaqc87mz6s4g,kaspa:pz4j30pgxs3424hlhhclej2y68mtn8qqx7t6a9lfcrx4f30meemhk3v5exty3,5.00003
b2e8e77ed91416d39525ba22b9691a10a1580a4d0de77b89d8f200e7ce443909,2025-08-29T18:18:56.965000+00:00,kaspa:qr5xy7w4esspt25tza5zxqflthgrlww7063l8cxl2vng6lz3kkaqc87mz6s4g,kaspa:qr5xy7w4esspt25tza5zxqflthgrlww7063l8cxl2vng6lz3kkaqc87mz6s4g,2028.27581925
930cc568e0c3d1435577a10dfe06dba69997753081ed26d121bfac497287a963,2025-08-29T09:56:13.314000+00:00,kaspa:pqdugqgcjyn05yp6sskd5wt9jaek6nqv3e0u6x34xwwvczrnkz2uxkyjx59hc,kaspa:qr5xy7w4esspt25tza5zxqflthgrlww7063l8cxl2vng6lz3kkaqc87mz6s4g,5.0
00013dcc6ecf638f582a65f7771b18d000997ec2d844587aa5ea9d36ab7aa922,2025-08-29T09:56:10.735000+00:00,kaspa:qr5xy7w4esspt25tza5zxqflthgrlww7063l8cxl2vng6lz3kkaqc87mz6s4g,kaspa:pqdugqgcjyn05yp6sskd5wt9jaek6nqv3e0u6x34xwwvczrnkz2uxkyjx59hc,5.00003
00013dcc6ecf638f582a65f7771b18d000997ec2d844587aa5ea9d36ab7aa922,2025-08-29T09:56:10.735000+00:00,kaspa:qr5xy7w4esspt25tza5zxqflthgrlww7063l8cxl2vng6lz3kkaqc87mz6s4g,kaspa:qr5xy7w4esspt25tza5zxqflthgrlww7063l8cxl2vng6lz3kkaqc87mz6s4g,2028.27589673
d4d7708c4aff3c8f1e6188f2e23bd60b36af9f64fb216ec2d50d87fc5f297fb3,2025-08-29T09:55:46.493000+00:00,kaspa:pr4ejxhhu83zne9ypw783xhwlmuxugnd45rjclamwkyyuy0gsdht6zgl8ejjm,kaspa:qr5xy7w4esspt25tza5zxqflthgrlww7063l8cxl2vng6lz3kkaqc87mz6s4g,5.0
e9eee042db2cddeaf43d57bd7dcb35ac72707691ec3ba99397bb624e97158efb,2025-08-29T09:55:45.157000+00:00,kaspa:qr5xy7w4esspt25tza5zxqflthgrlww7063l8cxl2vng6lz3kkaqc87mz6s4g,kaspa:pr4ejxhhu83zne9ypw783xhwlmuxugnd45rjclamwkyyuy0gsdht6zgl8ejjm,5.00003
e9eee042db2cddeaf43d57bd7dcb35ac72707691ec3ba99397bb624e97158efb,2025-08-29T09:55:45.157000+00:00,kaspa:qr5xy7w4esspt25tza5zxqflthgrlww7063l8cxl2vng6lz3kkaqc87mz6s4g,kaspa:qr5xy7w4esspt25tza5zxqflthgrlww7063l8cxl2vng6lz3kkaqc87mz6s4g,2028.27597421
ee19dd4f9fed5691bdd5fde7dff252ed01c47815ddeecbe8fe078f722c05c85b,2025-08-29T09:55:17.228000+00:00,kaspa:ppg42nkxuj75xfz9vnc428ca83vq55uhtyfajlp42qzst5mhk3jn68y3v7rp2,kaspa:qr5xy7w4esspt25tza5zxqflthgrlww7063l8cxl2vng6lz3kkaqc87mz6s4g,5.0
f440dffbe0fa887f4040a98ee115ab0e4c0705b48ee5c2f89cece21927a10a9d,2025-08-29T09:55:15.747000+00:00,kaspa:qr5xy7w4esspt25tza5zxqflthgrlww7063l8cxl2vng6lz3kkaqc87mz6s4g,kaspa:ppg42nkxuj75xfz9vnc428ca83vq55uhtyfajlp42qzst5mhk3jn68y3v7rp2,5.00003
f440dffbe0fa887f4040a98ee115ab0e4c0705b48ee5c2f89cece21927a10a9d,2025-08-29T09:55:15.747000+00:00,kaspa:qr5xy7w4esspt25tza5zxqflthgrlww7063l8cxl2vng6lz3kkaqc87mz6s4g,kaspa:qr5xy7w4esspt25tza5zxqflthgrlww7063l8cxl2vng6lz3kkaqc87mz6s4g,2028.27605169
f5dae121dd0846c37bf0f7cd938b79ffbb8a49181b89cb97c0e2ae279aa3de55,2025-08-29T09:54:56.247000+00:00,kaspa:pzjvkam28zgemrcqmcj5azgm6k835638leke0qjh28pjy9q2wlgyuukmc2k82,kaspa:qr5xy7w4esspt25tza5zxqflthgrlww7063l8cxl2vng6lz3kkaqc87mz6s4g,5.0
b46f08df0a2cc9e4992bd97f36d86e0366de6a401d85bd09c6f438524c0ff56f,2025-08-29T09:54:54.372000+00:00,kaspa:qr5xy7w4esspt25tza5zxqflthgrlww7063l8cxl2vng6lz3kkaqc87mz6s4g,kaspa:pzjvkam28zgemrcqmcj5azgm6k835638leke0qjh28pjy9q2wlgyuukmc2k82,5.00003
b46f08df0a2cc9e4992bd97f36d86e0366de6a401d85bd09c6f438524c0ff56f,2025-08-29T09:54:54.372000+00:00,kaspa:qr5xy7w4esspt25tza5zxqflthgrlww7063l8cxl2vng6lz3kkaqc87mz6s4g,kaspa:qr5xy7w4esspt25tza5zxqflthgrlww7063l8cxl2vng6lz3kkaqc87mz6s4g,2028.27612917
87d8ac15b689a81fd8470eaf3ad4209af458efa063e32f394ad08103c9ef42f6,2025-08-29T09:53:45.500000+00:00,kaspa:qr5xy7w4esspt25tza5zxqflthgrlww7063l8cxl2vng6lz3kkaqc87mz6s4g,kaspa:qr5xy7w4esspt25tza5zxqflthgrlww7063l8cxl2vng6lz3kkaqc87mz6s4g,2033.27618988
63637f5e36c2c3fff050e38c35adfa3dfdb06c9e499fd3201a05a41407bd5f0c,2025-08-29T09:21:09.376000+00:00,kaspa:qp5axqx4phgrm6sfpzf37lh5780nkavwn7v9d86g8pdaw7rg3z9dzp0d0ytaf,kaspa:qr5xy7w4esspt25tza5zxqflthgrlww7063l8cxl2vng6lz3kkaqc87mz6s4g,503.5
63637f5e36c2c3fff050e38c35adfa3dfdb06c9e499fd3201a05a41407bd5f0c,2025-08-29T09:21:09.376000+00:00,kaspa:qp5axqx4phgrm6sfpzf37lh5780nkavwn7v9d86g8pdaw7rg3z9dzp0d0ytaf,kaspa:qpjujc5v7f3fuglp4nadamx37gaqxzh6fqk3xx2sh5g7g5g3y7yu2w8pfwcwa,26.5
d00a6119d312e3543c83a08fe212ce9e973f91a26ae088ab0fbd5e5e20614dcc,2025-08-29T08:57:33.557000+00:00,kaspa:qzlzmke2k540kwx9qej3sn7cpytxgyszlnf0l6d88t87p0ww52qezf6l4m3lg,kaspa:qr5xy7w4esspt25tza5zxqflthgrlww7063l8cxl2vng6lz3kkaqc87mz6s4g,213.75
d00a6119d312e3543c83a08fe212ce9e973f91a26ae088ab0fbd5e5e20614dcc,2025-08-29T08:57:33.557000+00:00,kaspa:qzlzmke2k540kwx9qej3sn7cpytxgyszlnf0l6d88t87p0ww52qezf6l4m3lg,kaspa:qpjujc5v7f3fuglp4nadamx37gaqxzh6fqk3xx2sh5g7g5g3y7yu2w8pfwcwa,11.25
7df0c9780f2da02125307b214c26bc0d391d2ba5eb9645bb9684ba7cd6260ae3,2025-08-29T08:56:59.434000+00:00,kaspa:qr60g3spgqkg938c77c3wsdlnpwa2zvddksqr9uuj890x57sx87c7xvwghqh8,kaspa:qr5xy7w4esspt25tza5zxqflthgrlww7063l8cxl2vng6lz3kkaqc87mz6s4g,213.75
7df0c9780f2da02125307b214c26bc0d391d2ba5eb9645bb9684ba7cd6260ae3,2025-08-29T08:56:59.434000+00:00,kaspa:qr60g3spgqkg938c77c3wsdlnpwa2zvddksqr9uuj890x57sx87c7xvwghqh8,kaspa:qpjujc5v7f3fuglp4nadamx37gaqxzh6fqk3xx2sh5g7g5g3y7yu2w8pfwcwa,11.25
dbe4e8aee71623f6309dab42889bd733352560772a5705f64a3bcabbd701e2c4,2025-08-29T08:50:30.178000+00:00,kaspa:qqxn27kw2mz4g5f6upvajqz7a7328ypr4jut5e6qrpjdzl7p9968kmq5fenxg,kaspa:qr5xy7w4esspt25tza5zxqflthgrlww7063l8cxl2vng6lz3kkaqc87mz6s4g,427.5
dbe4e8aee71623f6309dab42889bd733352560772a5705f64a3bcabbd701e2c4,2025-08-29T08:50:30.178000+00:00,kaspa:qqxn27kw2mz4g5f6upvajqz7a7328ypr4jut5e6qrpjdzl7p9968kmq5fenxg,kaspa:qpjujc5v7f3fuglp4nadamx37gaqxzh6fqk3xx2sh5g7g5g3y7yu2w8pfwcwa,22.5
a65dcbcf147a80adba3e3f4456620684758a179665dcb504d04e3de893a7fed4,2025-08-29T07:28:36.942000+00:00,kaspa:pzfnnc80432fs87vr2m02v9ndxklu45y2tvt2dpgq3lv87wruq7scd73gqx7p,kaspa:qr5xy7w4esspt25tza5zxqflthgrlww7063l8cxl2vng6lz3kkaqc87mz6s4g,5.0
62c2ba4ad096e158078a59d965978adb976c9528150b478b82f96a5a1ec5ace3,2025-08-29T07:28:35.424000+00:00,kaspa:qr5xy7w4esspt25tza5zxqflthgrlww7063l8cxl2vng6lz3kkaqc87mz6s4g,kaspa:pzfnnc80432fs87vr2m02v9ndxklu45y2tvt2dpgq3lv87wruq7scd73gqx7p,5.00003
62c2ba4ad096e158078a59d965978adb976c9528150b478b82f96a5a1ec5ace3,2025-08-29T07:28:35.424000+00:00,kaspa:qr5xy7w4esspt25tza5zxqflthgrlww7063l8cxl2vng6lz3kkaqc87mz6s4g,kaspa:qr5xy7w4esspt25tza5zxqflthgrlww7063l8cxl2vng6lz3kkaqc87mz6s4g,669.77629809
edbe0dd090f30611a584dd92038c5a22124ee157bdda6a2861e6d473831c6df7,2025-08-29T07:28:08.458000+00:00,kaspa:prvlfyzel4z3yluuc8ufugmy82j65emzyxdmvs6hfs50zlymctyf7utxf7rst,kaspa:qr5xy7w4esspt25tza5zxqflthgrlww7063l8cxl2vng6lz3kkaqc87mz6s4g,5.0
b2579932c95ad01e0f5b3659460c907c94057f99face7a1e7bae96d7305c05e2,2025-08-29T07:28:05.728000+00:00,kaspa:qr5xy7w4esspt25tza5zxqflthgrlww7063l8cxl2vng6lz3kkaqc87mz6s4g,kaspa:prvlfyzel4z3yluuc8ufugmy82j65emzyxdmvs6hfs50zlymctyf7utxf7rst,5.00003
b2579932c95ad01e0f5b3659460c907c94057f99face7a1e7bae96d7305c05e2,2025-08-29T07:28:05.728000+00:00,kaspa:qr5xy7w4esspt25tza5zxqflthgrlww7063l8cxl2vng6lz3kkaqc87mz6s4g,kaspa:qr5xy7w4esspt25tza5zxqflthgrlww7063l8cxl2vng6lz3kkaqc87mz6s4g,669.77637557
9e661667950d5ae52dce97753f98a2ebcf729909387957a2dc8edd4799ef9c4c,2025-08-29T07:27:45.193000+00:00,kaspa:pz3nvk5frzuqxc2qwjkulwduw56hrfzuqjz4akh9lqylr62ntafe7jfa0xvjh,kaspa:qr5xy7w4esspt25tza5zxqflthgrlww7063l8cxl2vng6lz3kkaqc87mz6s4g,5.0
c8dd14b0ca43f3f83f5f689fbcaef48032d70bda7a59271b8ee43aa48bf991fa,2025-08-29T07:27:44.460000+00:00,kaspa:qr5xy7w4esspt25tza5zxqflthgrlww7063l8cxl2vng6lz3kkaqc87mz6s4g,kaspa:pz3nvk5frzuqxc2qwjkulwduw56hrfzuqjz4akh9lqylr62ntafe7jfa0xvjh,5.00003
c8dd14b0ca43f3f83f5f689fbcaef48032d70bda7a59271b8ee43aa48bf991fa,2025-08-29T07:27:44.460000+00:00,kaspa:qr5xy7w4esspt25tza5zxqflthgrlww7063l8cxl2vng6lz3kkaqc87mz6s4g,kaspa:qr5xy7w4esspt25tza5zxqflthgrlww7063l8cxl2vng6lz3kkaqc87mz6s4g,669.77645305
07ae663cff806556529b5a90626a26bfe54467876ea3e6f79619d5000749b932,2025-08-29T07:26:40.413000+00:00,kaspa:qr5xy7w4esspt25tza5zxqflthgrlww7063l8cxl2vng6lz3kkaqc87mz6s4g,kaspa:qr5xy7w4esspt25tza5zxqflthgrlww7063l8cxl2vng6lz3kkaqc87mz6s4g,674.77651376
7cac5c8e5cd6f3a44391dfb0d7ffb3a5774b6053fabc9f641b6c054853053438,2025-08-29T00:54:56.926000+00:00,kaspa:qzwk3xvalzd8j8cu9yvntytjhm5wyyhcs6eyf87frwqwvsrrzwz25nkf6zdc4,kaspa:qr5xy7w4esspt25tza5zxqflthgrlww7063l8cxl2vng6lz3kkaqc87mz6s4g,408.5
7cac5c8e5cd6f3a44391dfb0d7ffb3a5774b6053fabc9f641b6c054853053438,2025-08-29T00:54:56.926000+00:00,kaspa:qzwk3xvalzd8j8cu9yvntytjhm5wyyhcs6eyf87frwqwvsrrzwz25nkf6zdc4,kaspa:qpjujc5v7f3fuglp4nadamx37gaqxzh6fqk3xx2sh5g7g5g3y7yu2w8pfwcwa,21.5
dabff1f13ab13ef046077b11992d7bce9f6ca6776d644f87d34e9dc1e4ca07c6,2025-08-28T23:48:52.943000+00:00,kaspa:qrnd4gc3tmqd8sg5cwnzf4c2tktqcp0hf2zt6e0jmp2nafhjrg2nct33jy379,kaspa:qr5xy7w4esspt25tza5zxqflthgrlww7063l8cxl2vng6lz3kkaqc87mz6s4g,204.25
dabff1f13ab13ef046077b11992d7bce9f6ca6776d644f87d34e9dc1e4ca07c6,2025-08-28T23:48:52.943000+00:00,kaspa:qrnd4gc3tmqd8sg5cwnzf4c2tktqcp0hf2zt6e0jmp2nafhjrg2nct33jy379,kaspa:qpjujc5v7f3fuglp4nadamx37gaqxzh6fqk3xx2sh5g7g5g3y7yu2w8pfwcwa,10.75
14f8a27135c9b6f58621f78975fe57999264a16cb1fafc30e6116ace77b4b518,2025-08-28T21:25:01.931000+00:00,kaspa:pr4l6zn59rcms57a239lalpgv57p5sy6fm99mvaty0keew5vhkd3ccmc5xfja,kaspa:qr5xy7w4esspt25tza5zxqflthgrlww7063l8cxl2vng6lz3kkaqc87mz6s4g,5.0
393fa9f666221f9daf8d7d35060845318bb0e81efea646d9f5165750752df4ba,2025-08-28T21:25:00.122000+00:00,kaspa:qr5xy7w4esspt25tza5zxqflthgrlww7063l8cxl2vng6lz3kkaqc87mz6s4g,kaspa:pr4l6zn59rcms57a239lalpgv57p5sy6fm99mvaty0keew5vhkd3ccmc5xfja,5.00003
393fa9f666221f9daf8d7d35060845318bb0e81efea646d9f5165750752df4ba,2025-08-28T21:25:00.122000+00:00,kaspa:qr5xy7w4esspt25tza5zxqflthgrlww7063l8cxl2vng6lz3kkaqc87mz6s4g,kaspa:qr5xy7w4esspt25tza5zxqflthgrlww7063l8cxl2vng6lz3kkaqc87mz6s4g,57.02658843
2fe7bec9fec7e10ac0fd665473afc74ad8804c97837ea63209886508f76ef955,2025-08-28T21:24:17.459000+00:00,kaspa:pzwydlvjvy2l6t08pfxvll8etjjcnmkl0mk8z0d8u3pjsjt9gd09qs7xxd3sn,kaspa:qr5xy7w4esspt25tza5zxqflthgrlww7063l8cxl2vng6lz3kkaqc87mz6s4g,5.0
ad628ed9b0cd7beffdc09eb5fcc72aed0555ee4b07e7f6f87c405e44b2b70c26,2025-08-28T21:24:15.037000+00:00,kaspa:qr5xy7w4esspt25tza5zxqflthgrlww7063l8cxl2vng6lz3kkaqc87mz6s4g,kaspa:pzwydlvjvy2l6t08pfxvll8etjjcnmkl0mk8z0d8u3pjsjt9gd09qs7xxd3sn,5.00003
ad628ed9b0cd7beffdc09eb5fcc72aed0555ee4b07e7f6f87c405e44b2b70c26,2025-08-28T21:24:15.037000+00:00,kaspa:qr5xy7w4esspt25tza5zxqflthgrlww7063l8cxl2vng6lz3kkaqc87mz6s4g,kaspa:qr5xy7w4esspt25tza5zxqflthgrlww7063l8cxl2vng6lz3kkaqc87mz6s4g,57.02666591
e71d3629c825c544e103ddf285de1db15c79e9985a7c712a4dbdea34d25a0efb,2025-08-27T21:21:29.617000+00:00,kaspa:ppc74kfyxjfakavaaq3jyl2kxg05n7h4e5part7upjurnvwq5cvtx8khxxku7,kaspa:qr5xy7w4esspt25tza5zxqflthgrlww7063l8cxl2vng6lz3kkaqc87mz6s4g,5.0
c9e6821d0e410bcf3ecdf70bfb7386af4769a8f75ce8a104c56be221ec8a9476,2025-08-27T21:21:28.780000+00:00,kaspa:qr5xy7w4esspt25tza5zxqflthgrlww7063l8cxl2vng6lz3kkaqc87mz6s4g,kaspa:ppc74kfyxjfakavaaq3jyl2kxg05n7h4e5part7upjurnvwq5cvtx8khxxku7,5.00003
c9e6821d0e410bcf3ecdf70bfb7386af4769a8f75ce8a104c56be221ec8a9476,2025-08-27T21:21:28.780000+00:00,kaspa:qr5xy7w4esspt25tza5zxqflthgrlww7063l8cxl2vng6lz3kkaqc87mz6s4g,kaspa:qr5xy7w4esspt25tza5zxqflthgrlww7063l8cxl2vng6lz3kkaqc87mz6s4g,57.02674339
e9fcdbf9ee364c9a4d81ba2a70fae4d97b4aafd57081d4b578262d4033575d5c,2025-08-26T11:23:32.350000+00:00,kaspa:qr5xy7w4esspt25tza5zxqflthgrlww7063l8cxl2vng6lz3kkaqc87mz6s4g,kaspa:qypqq2ny33475vvzxnsxuwcpqlq9eexfp5k7zxgdyzqz8h4kspsfqfs3scv2rk2,6300.0
e9fcdbf9ee364c9a4d81ba2a70fae4d97b4aafd57081d4b578262d4033575d5c,2025-08-26T11:23:32.350000+00:00,kaspa:qr5xy7w4esspt25tza5zxqflthgrlww7063l8cxl2vng6lz3kkaqc87mz6s4g,kaspa:qr5xy7w4esspt25tza5zxqflthgrlww7063l8cxl2vng6lz3kkaqc87mz6s4g,62.0268041
e3fa421d344b1c83389dc0a97cafb7366bc5055b7641c467a564545e7d679dc0,2025-08-26T08:16:27.138000+00:00,kaspa:pzp8w8y6l8u4mkthtcq7hkgslftd962jc6kyf82x30qpcugjzk7fvsae3v3xj,kaspa:qr5xy7w4esspt25tza5zxqflthgrlww7063l8cxl2vng6lz3kkaqc87mz6s4g,5.0
0f0464e09572b749541594050a1f3d12ad2dd13788f5ab146f67fe0303ca1f4c,2025-08-26T08:16:26.164000+00:00,kaspa:qr5xy7w4esspt25tza5zxqflthgrlww7063l8cxl2vng6lz3kkaqc87mz6s4g,kaspa:pzp8w8y6l8u4mkthtcq7hkgslftd962jc6kyf82x30qpcugjzk7fvsae3v3xj,5.00003
0f0464e09572b749541594050a1f3d12ad2dd13788f5ab146f67fe0303ca1f4c,2025-08-26T08:16:26.164000+00:00,kaspa:qr5xy7w4esspt25tza5zxqflthgrlww7063l8cxl2vng6lz3kkaqc87mz6s4g,kaspa:qr5xy7w4esspt25tza5zxqflthgrlww7063l8cxl2vng6lz3kkaqc87mz6s4g,6357.02685141
97669b93186c916d7add50734fc23661bae5886af37d8eda7ef0f34bd7cca5f7,2025-08-26T08:16:00.796000+00:00,kaspa:pp3lvdk60me7ret5xec87njqnek766e7slpj3e983qlvlrquz662cxjzlrhnq,kaspa:qr5xy7w4esspt25tza5zxqflthgrlww7063l8cxl2vng6lz3kkaqc87mz6s4g,5.0
7ce159fce3c32d2fbf6886d3bfcef0001e8b7bb2f446b3141bb3fa2be3b440c4,2025-08-26T08:15:59.834000+00:00,kaspa:qr5xy7w4esspt25tza5zxqflthgrlww7063l8cxl2vng6lz3kkaqc87mz6s4g,kaspa:pp3lvdk60me7ret5xec87njqnek766e7slpj3e983qlvlrquz662cxjzlrhnq,5.00003
7ce159fce3c32d2fbf6886d3bfcef0001e8b7bb2f446b3141bb3fa2be3b440c4,2025-08-26T08:15:59.834000+00:00,kaspa:qr5xy7w4esspt25tza5zxqflthgrlww7063l8cxl2vng6lz3kkaqc87mz6s4g,kaspa:qr5xy7w4esspt25tza5zxqflthgrlww7063l8cxl2vng6lz3kkaqc87mz6s4g,6357.02692889
9937ce7383b77e7df53392c8337a6e313c52bd93808198d9b5109acf726bfcb5,2025-08-26T07:34:45.317000+00:00,kaspa:qr5xy7w4esspt25tza5zxqflthgrlww7063l8cxl2vng6lz3kkaqc87mz6s4g,kaspa:qr5xy7w4esspt25tza5zxqflthgrlww7063l8cxl2vng6lz3kkaqc87mz6s4g,6362.0269896
be8430c70f9001b14e9dbddb158c182cf760ea3347a43fe28dfa32c44a266ed0,2025-08-26T04:33:52.427000+00:00,kaspa:qqku0hw29ysecs5lq2ypkfcwgtr2kl6gknv3203wukuncx8t3r5rummsn7v9h,kaspa:qr5xy7w4esspt25tza5zxqflthgrlww7063l8cxl2vng6lz3kkaqc87mz6s4g,590.9
be8430c70f9001b14e9dbddb158c182cf760ea3347a43fe28dfa32c44a266ed0,2025-08-26T04:33:52.427000+00:00,kaspa:qqku0hw29ysecs5lq2ypkfcwgtr2kl6gknv3203wukuncx8t3r5rummsn7v9h,kaspa:qpjujc5v7f3fuglp4nadamx37gaqxzh6fqk3xx2sh5g7g5g3y7yu2w8pfwcwa,31.1
7a5c638540cc5d2a1bf8f368f91fcef6fe7bd74492c6d08c5eec4db62405b771,2025-08-26T04:22:24.203000+00:00,kaspa:qqzavwtzxuyjy7qlrfhszqe5l55g7mpykxy6a4yclyjljp3s3t75gyhc79va6,kaspa:qr5xy7w4esspt25tza5zxqflthgrlww7063l8cxl2vng6lz3kkaqc87mz6s4g,584.25
7a5c638540cc5d2a1bf8f368f91fcef6fe7bd74492c6d08c5eec4db62405b771,2025-08-26T04:22:24.203000+00:00,kaspa:qqzavwtzxuyjy7qlrfhszqe5l55g7mpykxy6a4yclyjljp3s3t75gyhc79va6,kaspa:qpjujc5v7f3fuglp4nadamx37gaqxzh6fqk3xx2sh5g7g5g3y7yu2w8pfwcwa,30.75
ebc7588be223301dc9f2e04b71ecf2e181e918ca2e0f4a88db8cbf75cd1bc313,2025-08-26T04:15:46.348000+00:00,kaspa:qq7pgptkelxvl7z5qdlza2vmrg77hz9ruyttcn4zcwze57mv8ppdqqlc7ldc0,kaspa:qr5xy7w4esspt25tza5zxqflthgrlww7063l8cxl2vng6lz3kkaqc87mz6s4g,289.75
ebc7588be223301dc9f2e04b71ecf2e181e918ca2e0f4a88db8cbf75cd1bc313,2025-08-26T04:15:46.348000+00:00,kaspa:qq7pgptkelxvl7z5qdlza2vmrg77hz9ruyttcn4zcwze57mv8ppdqqlc7ldc0,kaspa:qpjujc5v7f3fuglp4nadamx37gaqxzh6fqk3xx2sh5g7g5g3y7yu2w8pfwcwa,15.25
9dec7ed1dbbafde8ad69b69e68ce4facb30769a1ab645f0e760765fc9d89e2a0,2025-08-26T01:08:28.558000+00:00,kaspa:qrxsjz9nn489dp2xwgvruelw9snqsqr0q6y4ndw502wx9xsn9efpsyt3mmtw5,kaspa:qr5xy7w4esspt25tza5zxqflthgrlww7063l8cxl2vng6lz3kkaqc87mz6s4g,239.4
9dec7ed1dbbafde8ad69b69e68ce4facb30769a1ab645f0e760765fc9d89e2a0,2025-08-26T01:08:28.558000+00:00,kaspa:qrxsjz9nn489dp2xwgvruelw9snqsqr0q6y4ndw502wx9xsn9efpsyt3mmtw5,kaspa:qpjujc5v7f3fuglp4nadamx37gaqxzh6fqk3xx2sh5g7g5g3y7yu2w8pfwcwa,12.6
5414a10929a9d8724196c5fe8c06cf0c699582cc7685c0aad8eb6bc399f99adf,2025-08-25T23:18:30.040000+00:00,kaspa:pzj9g7ltlm33ed7snzr0r0md79sw4v6j7z63de0q63kggapqq95ugk40v6lqs,kaspa:qr5xy7w4esspt25tza5zxqflthgrlww7063l8cxl2vng6lz3kkaqc87mz6s4g,5.0
0d531fb0878c8dbccfaabfb6402675e9c4ead8d7852d80d2bd91d47e8f1d2a89,2025-08-25T23:18:28.997000+00:00,kaspa:qr5xy7w4esspt25tza5zxqflthgrlww7063l8cxl2vng6lz3kkaqc87mz6s4g,kaspa:pzj9g7ltlm33ed7snzr0r0md79sw4v6j7z63de0q63kggapqq95ugk40v6lqs,5.00003
0d531fb0878c8dbccfaabfb6402675e9c4ead8d7852d80d2bd91d47e8f1d2a89,2025-08-25T23:18:28.997000+00:00,kaspa:qr5xy7w4esspt25tza5zxqflthgrlww7063l8cxl2vng6lz3kkaqc87mz6s4g,kaspa:qr5xy7w4esspt25tza5zxqflthgrlww7063l8cxl2vng6lz3kkaqc87mz6s4g,3897.47713135
081063f7d96bd361725cbde7ff21e975bb09fe844a5e102ba9e37665d0c9150e,2025-08-25T23:17:45.264000+00:00,kaspa:prs3c8kkasjez9zclxztewlav0qm02n8ppm9xp0e4snmfww9e3ju5lzu7atsd,kaspa:qr5xy7w4esspt25tza5zxqflthgrlww7063l8cxl2vng6lz3kkaqc87mz6s4g,5.0
9cee15c463140976314fa8802a5d0ffa156c390998ecbd5b6a65b788acef1919,2025-08-25T23:17:44.134000+00:00,kaspa:qr5xy7w4esspt25tza5zxqflthgrlww7063l8cxl2vng6lz3kkaqc87mz6s4g,kaspa:prs3c8kkasjez9zclxztewlav0qm02n8ppm9xp0e4snmfww9e3ju5lzu7atsd,5.00003
9cee15c463140976314fa8802a5d0ffa156c390998ecbd5b6a65b788acef1919,2025-08-25T23:17:44.134000+00:00,kaspa:qr5xy7w4esspt25tza5zxqflthgrlww7063l8cxl2vng6lz3kkaqc87mz6s4g,kaspa:qr5xy7w4esspt25tza5zxqflthgrlww7063l8cxl2vng6lz3kkaqc87mz6s4g,3897.47720883
d81d0cc24afbb56a72193920d5d8fe9e3b84bc6e7d3229ef8d56c78ea3b1bc99,2025-08-25T23:17:13.367000+00:00,kaspa:pzks02m0re4m3r4n9u2wuyzx0yfptyd9fyk5dakptugtsrpzjqd3k9hn6j6zp,kaspa:qr5xy7w4esspt25tza5zxqflthgrlww7063l8cxl2vng6lz3kkaqc87mz6s4g,5.0
368d39e97fa6e098d5fae879f068b40789162e05de9a8afaacdd3f4957310d36,2025-08-25T23:17:12.086000+00:00,kaspa:qr5xy7w4esspt25tza5zxqflthgrlww7063l8cxl2vng6lz3kkaqc87mz6s4g,kaspa:pzks02m0re4m3r4n9u2wuyzx0yfptyd9fyk5dakptugtsrpzjqd3k9hn6j6zp,5.00003
368d39e97fa6e098d5fae879f068b40789162e05de9a8afaacdd3f4957310d36,2025-08-25T23:17:12.086000+00:00,kaspa:qr5xy7w4esspt25tza5zxqflthgrlww7063l8cxl2vng6lz3kkaqc87mz6s4g,kaspa:qr5xy7w4esspt25tza5zxqflthgrlww7063l8cxl2vng6lz3kkaqc87mz6s4g,3897.47728631
b4cc98f9cc463eebb1416d22c3c085307558f3124acf48a52363845410c1757f,2025-08-25T22:53:37.688000+00:00,kaspa:qz92q09c3cp44euxn8jj3dknrlpgme4kqpana748mjuhdep507sauux03e36d,kaspa:qr5xy7w4esspt25tza5zxqflthgrlww7063l8cxl2vng6lz3kkaqc87mz6s4g,503.5
b4cc98f9cc463eebb1416d22c3c085307558f3124acf48a52363845410c1757f,2025-08-25T22:53:37.688000+00:00,kaspa:qz92q09c3cp44euxn8jj3dknrlpgme4kqpana748mjuhdep507sauux03e36d,kaspa:qpjujc5v7f3fuglp4nadamx37gaqxzh6fqk3xx2sh5g7g5g3y7yu2w8pfwcwa,26.5
726d2166b426d3de8c8bfe686a6719fc7bd8859080c18d2de1aaf3a66e745e13,2025-08-25T22:39:16.214000+00:00,kaspa:qpcw4sxmpv8aenhy0v0xdwkx5hv0lw32cue7mkzasu05tk3qawxgsute0fymv,kaspa:qr5xy7w4esspt25tza5zxqflthgrlww7063l8cxl2vng6lz3kkaqc87mz6s4g,251.75
726d2166b426d3de8c8bfe686a6719fc7bd8859080c18d2de1aaf3a66e745e13,2025-08-25T22:39:16.214000+00:00,kaspa:qpcw4sxmpv8aenhy0v0xdwkx5hv0lw32cue7mkzasu05tk3qawxgsute0fymv,kaspa:qpjujc5v7f3fuglp4nadamx37gaqxzh6fqk3xx2sh5g7g5g3y7yu2w8pfwcwa,13.25
ed312ea23478d99472d45daa71a12b7f88bbec480c3d33d163c020edd077c070,2025-08-25T22:15:15.690000+00:00,kaspa:pzffuw52njxptrcqcznqpe3tlc9c93v3y89jyy66savkng3va5a4yrr27qswp,kaspa:qr5xy7w4esspt25tza5zxqflthgrlww7063l8cxl2vng6lz3kkaqc87mz6s4g,5.0
6d152c8e230e22db4f6fbbfd2a2362c966a152c703fdfd760bebed237b5070b0,2025-08-25T22:15:14.313000+00:00,kaspa:qr5xy7w4esspt25tza5zxqflthgrlww7063l8cxl2vng6lz3kkaqc87mz6s4g,kaspa:pzffuw52njxptrcqcznqpe3tlc9c93v3y89jyy66savkng3va5a4yrr27qswp,5.00003
6d152c8e230e22db4f6fbbfd2a2362c966a152c703fdfd760bebed237b5070b0,2025-08-25T22:15:14.313000+00:00,kaspa:qr5xy7w4esspt25tza5zxqflthgrlww7063l8cxl2vng6lz3kkaqc87mz6s4g,kaspa:qr5xy7w4esspt25tza5zxqflthgrlww7063l8cxl2vng6lz3kkaqc87mz6s4g,3897.47736379
4ca820f904b45c49e38c08fcaa4d22f180f2a8dc77c67da9b9dc8f968c586156,2025-08-25T22:14:29.188000+00:00,kaspa:pqaf8x4wz2yuvupspsdjcvh3d0ccczll0677vz2krp73dm3vkkguqw5d8wxck,kaspa:qr5xy7w4esspt25tza5zxqflthgrlww7063l8cxl2vng6lz3kkaqc87mz6s4g,5.0
98739a3ab377d2b1f3b647788fa3dabe13501bbf66c132be87a63e4ba60d63fa,2025-08-25T22:14:27.016000+00:00,kaspa:qr5xy7w4esspt25tza5zxqflthgrlww7063l8cxl2vng6lz3kkaqc87mz6s4g,kaspa:pqaf8x4wz2yuvupspsdjcvh3d0ccczll0677vz2krp73dm3vkkguqw5d8wxck,5.00003
98739a3ab377d2b1f3b647788fa3dabe13501bbf66c132be87a63e4ba60d63fa,2025-08-25T22:14:27.016000+00:00,kaspa:qr5xy7w4esspt25tza5zxqflthgrlww7063l8cxl2vng6lz3kkaqc87mz6s4g,kaspa:qr5xy7w4esspt25tza5zxqflthgrlww7063l8cxl2vng6lz3kkaqc87mz6s4g,3897.47744127
00b0d4351e52d1580401e6c3053105f9d544dad9faa4e5f3be50edcc1e53ba6e,2025-08-25T22:02:39.098000+00:00,kaspa:qr5xy7w4esspt25tza5zxqflthgrlww7063l8cxl2vng6lz3kkaqc87mz6s4g,kaspa:qr5xy7w4esspt25tza5zxqflthgrlww7063l8cxl2vng6lz3kkaqc87mz6s4g,3902.47750198
fae2aaf2186aa12a69f2c304181c76ccb8d02bdb4f7a6d95f2b5a3ea4183d18e,2025-08-25T21:53:50.500000+00:00,kaspa:qrudsaq7uruw3h5z5xrke67nptyzkj4mmx064r4cdxcasl543uskyt7406z33,kaspa:qr5xy7w4esspt25tza5zxqflthgrlww7063l8cxl2vng6lz3kkaqc87mz6s4g,213.75
fae2aaf2186aa12a69f2c304181c76ccb8d02bdb4f7a6d95f2b5a3ea4183d18e,2025-08-25T21:53:50.500000+00:00,kaspa:qrudsaq7uruw3h5z5xrke67nptyzkj4mmx064r4cdxcasl543uskyt7406z33,kaspa:qpjujc5v7f3fuglp4nadamx37gaqxzh6fqk3xx2sh5g7g5g3y7yu2w8pfwcwa,11.25
aaedc1eff423fa34401e55088238a3234b7965cc4e26d1aeddb40d825c95691c,2025-08-25T21:48:56.173000+00:00,kaspa:qzuwpdj32rutmd5d5xh0v5yemqja86yd77av4ktkmdhcn9h5yrc3j7x8esjmz,kaspa:qr5xy7w4esspt25tza5zxqflthgrlww7063l8cxl2vng6lz3kkaqc87mz6s4g,213.75
aaedc1eff423fa34401e55088238a3234b7965cc4e26d1aeddb40d825c95691c,2025-08-25T21:48:56.173000+00:00,kaspa:qzuwpdj32rutmd5d5xh0v5yemqja86yd77av4ktkmdhcn9h5yrc3j7x8esjmz,kaspa:qpjujc5v7f3fuglp4nadamx37gaqxzh6fqk3xx2sh5g7g5g3y7yu2w8pfwcwa,11.25
72aac30d68155c7053db29da19adb7d6ab7bd5684c8bea9487a58c25b06e36e1,2025-08-25T21:05:50.381000+00:00,kaspa:pzq3a0fzeszgdhu3wc9e2fwflacxcfg650cumqgy22snwcrnhz37z8jujr9gw,kaspa:qr5xy7w4esspt25tza5zxqflthgrlww7063l8cxl2vng6lz3kkaqc87mz6s4g,5.0
f04e2b7bf3037241978e3a7b78a6c7812b2ec4aec87d5aada17493e739fe2c25,2025-08-25T21:05:49.896000+00:00,kaspa:qr5xy7w4esspt25tza5zxqflthgrlww7063l8cxl2vng6lz3kkaqc87mz6s4g,kaspa:pzq3a0fzeszgdhu3wc9e2fwflacxcfg650cumqgy22snwcrnhz37z8jujr9gw,5.00003
f04e2b7bf3037241978e3a7b78a6c7812b2ec4aec87d5aada17493e739fe2c25,2025-08-25T21:05:49.896000+00:00,kaspa:qr5xy7w4esspt25tza5zxqflthgrlww7063l8cxl2vng6lz3kkaqc87mz6s4g,kaspa:qr5xy7w4esspt25tza5zxqflthgrlww7063l8cxl2vng6lz3kkaqc87mz6s4g,3469.97757665
7b3153a5b230f172ca8d108218fd68e4bf98eadcebb149343c8aea5fe638dc13,2025-08-25T21:05:24.543000+00:00,kaspa:prkgxp3j8la638vt38qmfha4j54ajmm0mscxcqn0h2egl350tud963zdfzqn3,kaspa:qr5xy7w4esspt25tza5zxqflthgrlww7063l8cxl2vng6lz3kkaqc87mz6s4g,5.0
44430998c0e2f17a976854b15d476bffdfc8679102b46a73ce8789725babe830,2025-08-25T21:05:23.713000+00:00,kaspa:qr5xy7w4esspt25tza5zxqflthgrlww7063l8cxl2vng6lz3kkaqc87mz6s4g,kaspa:prkgxp3j8la638vt38qmfha4j54ajmm0mscxcqn0h2egl350tud963zdfzqn3,5.00003
44430998c0e2f17a976854b15d476bffdfc8679102b46a73ce8789725babe830,2025-08-25T21:05:23.713000+00:00,kaspa:qr5xy7w4esspt25tza5zxqflthgrlww7063l8cxl2vng6lz3kkaqc87mz6s4g,kaspa:qr5xy7w4esspt25tza5zxqflthgrlww7063l8cxl2vng6lz3kkaqc87mz6s4g,3469.97765413
c30f5cd69daee7787b97ce51e8061846ca8b4fdad5cad3b0467d21026ab6dbc2,2025-08-25T21:04:00.886000+00:00,kaspa:qr5xy7w4esspt25tza5zxqflthgrlww7063l8cxl2vng6lz3kkaqc87mz6s4g,kaspa:qr5xy7w4esspt25tza5zxqflthgrlww7063l8cxl2vng6lz3kkaqc87mz6s4g,3474.97771484
4035697f3d1e178c0370e9e2029747d39029f3bf47b1b332a112eeb1c58ea590,2025-08-25T21:02:50.123000+00:00,kaspa:qza957632s3ms8v2vj6s37uqww2xwtt5f0fsxyllnfuknfs3f5lrzw9sxucml,kaspa:qr5xy7w4esspt25tza5zxqflthgrlww7063l8cxl2vng6lz3kkaqc87mz6s4g,104.5
4035697f3d1e178c0370e9e2029747d39029f3bf47b1b332a112eeb1c58ea590,2025-08-25T21:02:50.123000+00:00,kaspa:qza957632s3ms8v2vj6s37uqww2xwtt5f0fsxyllnfuknfs3f5lrzw9sxucml,kaspa:qpjujc5v7f3fuglp4nadamx37gaqxzh6fqk3xx2sh5g7g5g3y7yu2w8pfwcwa,5.5
a30a0a557a56302948dd7d62636ac71acf4c3ae789ee4135c695793081d41481,2025-08-25T20:47:44.009000+00:00,kaspa:ppvjg8pnjcutsuh8wh9lgq26l9g5ya632xp7zv4klpwy6slms6tkyvfvnk87y,kaspa:qr5xy7w4esspt25tza5zxqflthgrlww7063l8cxl2vng6lz3kkaqc87mz6s4g,5.0
c4e1f98ca64cfec7be9eae86142a73b67da4b4089a3eb1611753ca6ee917bb77,2025-08-25T20:47:41.777000+00:00,kaspa:qr5xy7w4esspt25tza5zxqflthgrlww7063l8cxl2vng6lz3kkaqc87mz6s4g,kaspa:qpgc3sd6n8pf7htsay6glcu08yz9qpgxxpfrjwgwwynt6ye6xspe5j54rmm28,5.00006
c4e1f98ca64cfec7be9eae86142a73b67da4b4089a3eb1611753ca6ee917bb77,2025-08-25T20:47:41.777000+00:00,kaspa:qr5xy7w4esspt25tza5zxqflthgrlww7063l8cxl2vng6lz3kkaqc87mz6s4g,kaspa:qr5xy7w4esspt25tza5zxqflthgrlww7063l8cxl2vng6lz3kkaqc87mz6s4g,3365.47777274
8294f71016cdce450263022ce3b9fc6ed41f517b2afeae94308479480304370e,2025-08-25T14:35:14.335000+00:00,kaspa:qpyhq92lwz4wqtsp0hczvz8tjf60gl76mh823xhceqpn8vdujvag70k7r0uht,kaspa:qr5xy7w4esspt25tza5zxqflthgrlww7063l8cxl2vng6lz3kkaqc87mz6s4g,190.0
8294f71016cdce450263022ce3b9fc6ed41f517b2afeae94308479480304370e,2025-08-25T14:35:14.335000+00:00,kaspa:qpyhq92lwz4wqtsp0hczvz8tjf60gl76mh823xhceqpn8vdujvag70k7r0uht,kaspa:qpjujc5v7f3fuglp4nadamx37gaqxzh6fqk3xx2sh5g7g5g3y7yu2w8pfwcwa,10.0
5c879ef12f5eb12f7ab0644f92fa53c95c3504810e2d0711d4546fe6d02e15f4,2025-08-25T13:42:18.071000+00:00,kaspa:qr5xy7w4esspt25tza5zxqflthgrlww7063l8cxl2vng6lz3kkaqc87mz6s4g,kaspa:qr5xy7w4esspt25tza5zxqflthgrlww7063l8cxl2vng6lz3kkaqc87mz6s4g,3180.47788005
59e3e7a0c953af473760cedd7a6f8aa1be804664d3c3adbc7fad77e3a655a9ae,2025-08-25T13:39:31.453000+00:00,kaspa:qrxzsdy27t63564dqw5t5u932h23te5gke82rnepv28dthwqrdrgsm7vhz3wz,kaspa:qr5xy7w4esspt25tza5zxqflthgrlww7063l8cxl2vng6lz3kkaqc87mz6s4g,299.25
59e3e7a0c953af473760cedd7a6f8aa1be804664d3c3adbc7fad77e3a655a9ae,2025-08-25T13:39:31.453000+00:00,kaspa:qrxzsdy27t63564dqw5t5u932h23te5gke82rnepv28dthwqrdrgsm7vhz3wz,kaspa:qpjujc5v7f3fuglp4nadamx37gaqxzh6fqk3xx2sh5g7g5g3y7yu2w8pfwcwa,15.75
44511b6a8ce5372d0a54cc0ed0a1115bc87612e5a797e36f7019491c3408078d,2025-08-25T13:24:25.147000+00:00,kaspa:qr4dkejmdnsd2myll8q7flthh8eacwz70c7rgf4hx5dt0adjnln7kqclhgkz6,kaspa:qr5xy7w4esspt25tza5zxqflthgrlww7063l8cxl2vng6lz3kkaqc87mz6s4g,294.5
44511b6a8ce5372d0a54cc0ed0a1115bc87612e5a797e36f7019491c3408078d,2025-08-25T13:24:25.147000+00:00,kaspa:qr4dkejmdnsd2myll8q7flthh8eacwz70c7rgf4hx5dt0adjnln7kqclhgkz6,kaspa:qpjujc5v7f3fuglp4nadamx37gaqxzh6fqk3xx2sh5g7g5g3y7yu2w8pfwcwa,15.5
cf68410e4a1e3eace617db39c5ee56a6552ed096d2d62429082d15b338e800fc,2025-08-24T15:02:04.521000+00:00,kaspa:pqfmuje3lcxvwc6l5xcmalgazd6xqes30mkdq23h8kufrzz2hmfmcu8xqvs6f,kaspa:qr5xy7w4esspt25tza5zxqflthgrlww7063l8cxl2vng6lz3kkaqc87mz6s4g,5.0
63a9299caee6978d1f4d85c6ec8c1530f2121a0a9772d323bef9647b95bce35b,2025-08-24T15:02:02.597000+00:00,kaspa:qr5xy7w4esspt25tza5zxqflthgrlww7063l8cxl2vng6lz3kkaqc87mz6s4g,kaspa:pqfmuje3lcxvwc6l5xcmalgazd6xqes30mkdq23h8kufrzz2hmfmcu8xqvs6f,5.00003
63a9299caee6978d1f4d85c6ec8c1530f2121a0a9772d323bef9647b95bce35b,2025-08-24T15:02:02.597000+00:00,kaspa:qr5xy7w4esspt25tza5zxqflthgrlww7063l8cxl2vng6lz3kkaqc87mz6s4g,kaspa:qr5xy7w4esspt25tza5zxqflthgrlww7063l8cxl2vng6lz3kkaqc87mz6s4g,2581.72795472
3a56fa2fc7d3c450936b89c5ad34d5e23bbf77e489b1dd2434c72290e518d48e,2025-08-24T15:01:36.633000+00:00,kaspa:pq8xym5ytkx2ukheuec6envftwv3y4dpxnts5k7l6g2kk2rgyt0uj0w2sfnvu,kaspa:qr5xy7w4esspt25tza5zxqflthgrlww7063l8cxl2vng6lz3kkaqc87mz6s4g,5.0
f306bca1aeac0d82c9a366673aada8fcba5987aa9b96e81228798acc20cdd1d5,2025-08-24T15:01:35.348000+00:00,kaspa:qr5xy7w4esspt25tza5zxqflthgrlww7063l8cxl2vng6lz3kkaqc87mz6s4g,kaspa:pq8xym5ytkx2ukheuec6envftwv3y4dpxnts5k7l6g2kk2rgyt0uj0w2sfnvu,5.00003
f306bca1aeac0d82c9a366673aada8fcba5987aa9b96e81228798acc20cdd1d5,2025-08-24T15:01:35.348000+00:00,kaspa:qr5xy7w4esspt25tza5zxqflthgrlww7063l8cxl2vng6lz3kkaqc87mz6s4g,kaspa:qr5xy7w4esspt25tza5zxqflthgrlww7063l8cxl2vng6lz3kkaqc87mz6s4g,2581.7280322
e4ad4c7f68b95fe00916bd27e015f6caaeab0fbbb06bf207f898dd3e9a1c936d,2025-08-24T11:33:16.683000+00:00,kaspa:qr5xy7w4esspt25tza5zxqflthgrlww7063l8cxl2vng6lz3kkaqc87mz6s4g,kaspa:qr5xy7w4esspt25tza5zxqflthgrlww7063l8cxl2vng6lz3kkaqc87mz6s4g,2586.72809291
3b02f5fc20b1c382c065c7d8303cebfa79556b904abed444ee2e6115e770128e,2025-08-24T05:30:14.115000+00:00,kaspa:qzkrtagqxuy4y6kjgqx5jl0r9dqq0pspu50qkcwhzv3wrfsl5eq2y2dqq8pg9,kaspa:qr5xy7w4esspt25tza5zxqflthgrlww7063l8cxl2vng6lz3kkaqc87mz6s4g,380.0
3b02f5fc20b1c382c065c7d8303cebfa79556b904abed444ee2e6115e770128e,2025-08-24T05:30:14.115000+00:00,kaspa:qzkrtagqxuy4y6kjgqx5jl0r9dqq0pspu50qkcwhzv3wrfsl5eq2y2dqq8pg9,kaspa:qpjujc5v7f3fuglp4nadamx37gaqxzh6fqk3xx2sh5g7g5g3y7yu2w8pfwcwa,20.0
8e0ffaedfc74c9df133e2378948bd5d7959ef74fb74564318a1146b87cf5efb5,2025-08-23T17:53:07.762000+00:00,kaspa:pzpwesm484eyk8gvxylhut5rw4534czfvywpyrt9n27fv59kcnwq7nta47g6r,kaspa:qr5xy7w4esspt25tza5zxqflthgrlww7063l8cxl2vng6lz3kkaqc87mz6s4g,5.0
f1afa631df601be4dd184faff065a16c4cf9e348f9696799dd78ac8bda0a8ed0,2025-08-23T17:53:06.878000+00:00,kaspa:qr5xy7w4esspt25tza5zxqflthgrlww7063l8cxl2vng6lz3kkaqc87mz6s4g,kaspa:pzpwesm484eyk8gvxylhut5rw4534czfvywpyrt9n27fv59kcnwq7nta47g6r,5.00003
f1afa631df601be4dd184faff065a16c4cf9e348f9696799dd78ac8bda0a8ed0,2025-08-23T17:53:06.878000+00:00,kaspa:qr5xy7w4esspt25tza5zxqflthgrlww7063l8cxl2vng6lz3kkaqc87mz6s4g,kaspa:qr5xy7w4esspt25tza5zxqflthgrlww7063l8cxl2vng6lz3kkaqc87mz6s4g,2201.72815081
15bfb0430febd14f2bfb33c1119891f7dc167284a1a9b7213b61c7d12265560d,2025-08-23T17:52:27.740000+00:00,kaspa:pp62h7j88pkqsytnyl3k3pvzhdnndc62yr6vkmu6gqmg7fkkl2r9xhu4a9z8h,kaspa:qr5xy7w4esspt25tza5zxqflthgrlww7063l8cxl2vng6lz3kkaqc87mz6s4g,5.0
50e4223ac023bc85c2b06fc3a8cbd1e2d5bcaba7a69736fd163e82c06b271846,2025-08-23T17:52:26.524000+00:00,kaspa:qr5xy7w4esspt25tza5zxqflthgrlww7063l8cxl2vng6lz3kkaqc87mz6s4g,kaspa:pp62h7j88pkqsytnyl3k3pvzhdnndc62yr6vkmu6gqmg7fkkl2r9xhu4a9z8h,5.00003
50e4223ac023bc85c2b06fc3a8cbd1e2d5bcaba7a69736fd163e82c06b271846,2025-08-23T17:52:26.524000+00:00,kaspa:qr5xy7w4esspt25tza5zxqflthgrlww7063l8cxl2vng6lz3kkaqc87mz6s4g,kaspa:qr5xy7w4esspt25tza5zxqflthgrlww7063l8cxl2vng6lz3kkaqc87mz6s4g,2201.72822829
4424cc95604af6adc4c79a8124615b6b25dac696f4849f1303388b8f7a4f142f,2025-08-23T17:51:56.421000+00:00,kaspa:pz80a87ushp08duq8ptqs2mjvsnmljr4xhzfzvp0wzlkkvpwhjthvt5wmddfu,kaspa:qr5xy7w4esspt25tza5zxqflthgrlww7063l8cxl2vng6lz3kkaqc87mz6s4g,5.0
1d7b9f8ff1e3059f3374da82a970a6355a4e84e5c18071526925c49bcaaac179,2025-08-23T17:51:53.730000+00:00,kaspa:qr5xy7w4esspt25tza5zxqflthgrlww7063l8cxl2vng6lz3kkaqc87mz6s4g,kaspa:pz80a87ushp08duq8ptqs2mjvsnmljr4xhzfzvp0wzlkkvpwhjthvt5wmddfu,5.00003
1d7b9f8ff1e3059f3374da82a970a6355a4e84e5c18071526925c49bcaaac179,2025-08-23T17:51:53.730000+00:00,kaspa:qr5xy7w4esspt25tza5zxqflthgrlww7063l8cxl2vng6lz3kkaqc87mz6s4g,kaspa:qr5xy7w4esspt25tza5zxqflthgrlww7063l8cxl2vng6lz3kkaqc87mz6s4g,2201.72830577
5f536d827b3ac8422b9e5fee36603e736079e4d43d917d3839850a0caf7746c3,2025-08-23T13:49:05.786000+00:00,kaspa:qr5xy7w4esspt25tza5zxqflthgrlww7063l8cxl2vng6lz3kkaqc87mz6s4g,kaspa:qpflu9ljwgeape8tyyglde0sluh32k0227gffqcnhty3hal0lsjlz07lk6537,100.0
5f536d827b3ac8422b9e5fee36603e736079e4d43d917d3839850a0caf7746c3,2025-08-23T13:49:05.786000+00:00,kaspa:qr5xy7w4esspt25tza5zxqflthgrlww7063l8cxl2vng6lz3kkaqc87mz6s4g,kaspa:qr5xy7w4esspt25tza5zxqflthgrlww7063l8cxl2vng6lz3kkaqc87mz6s4g,2206.72836648
7cb03d4e4d0b4e1c74722f27d9830b54aacdb1805952ef54d981f7f261f6b7c1,2025-08-23T12:18:33.151000+00:00,kaspa:pz5snf6snvz3nkk728q8fx3h4v9dxkkerka8704dkk9tym5xmp3220mhpalj0,kaspa:qr5xy7w4esspt25tza5zxqflthgrlww7063l8cxl2vng6lz3kkaqc87mz6s4g,5.0
bec56c165443738ed8038088560b96317650dbc6f82d03d2091138f19e634e2e,2025-08-23T12:18:31.157000+00:00,kaspa:qr5xy7w4esspt25tza5zxqflthgrlww7063l8cxl2vng6lz3kkaqc87mz6s4g,kaspa:pz5snf6snvz3nkk728q8fx3h4v9dxkkerka8704dkk9tym5xmp3220mhpalj0,5.00003
bec56c165443738ed8038088560b96317650dbc6f82d03d2091138f19e634e2e,2025-08-23T12:18:31.157000+00:00,kaspa:qr5xy7w4esspt25tza5zxqflthgrlww7063l8cxl2vng6lz3kkaqc87mz6s4g,kaspa:qr5xy7w4esspt25tza5zxqflthgrlww7063l8cxl2vng6lz3kkaqc87mz6s4g,2301.72841379
e419ec085c8f9174c587d448d83e09ae7f3d419fe920d2f24df582902d16f5eb,2025-08-23T12:17:29.404000+00:00,kaspa:pqt3ay8y7xmlpztlp8nmet70lc8feanc2x62vyqd6uahup5purvqkym60w65l,kaspa:qr5xy7w4esspt25tza5zxqflthgrlww7063l8cxl2vng6lz3kkaqc87mz6s4g,5.0
bd708d1995a52757c0be84ecc4771160abf9f003dca11cc9865e12b5e3e6ded6,2025-08-23T12:17:28.609000+00:00,kaspa:qr5xy7w4esspt25tza5zxqflthgrlww7063l8cxl2vng6lz3kkaqc87mz6s4g,kaspa:pqt3ay8y7xmlpztlp8nmet70lc8feanc2x62vyqd6uahup5purvqkym60w65l,5.00003
bd708d1995a52757c0be84ecc4771160abf9f003dca11cc9865e12b5e3e6ded6,2025-08-23T12:17:28.609000+00:00,kaspa:qr5xy7w4esspt25tza5zxqflthgrlww7063l8cxl2vng6lz3kkaqc87mz6s4g,kaspa:qr5xy7w4esspt25tza5zxqflthgrlww7063l8cxl2vng6lz3kkaqc87mz6s4g,2301.72849127
5e3103ef01b62acb7b3955abb1f46c460c606bf520062fbb4ffa7206e5d671f2,2025-08-22T23:31:22.905000+00:00,kaspa:qr5xy7w4esspt25tza5zxqflthgrlww7063l8cxl2vng6lz3kkaqc87mz6s4g,kaspa:qr5xy7w4esspt25tza5zxqflthgrlww7063l8cxl2vng6lz3kkaqc87mz6s4g,2306.72855198
bd418c6bb765344ce926d6f1a7c0e852cbdf8e1fc661c118e7d7c9282cb5b124,2025-08-22T23:29:59.560000+00:00,kaspa:qz37cajsys2vpqhs2n5mc3k7uz6qz7e500dj5vavr9auk7x3pjefszukktkz9,kaspa:qr5xy7w4esspt25tza5zxqflthgrlww7063l8cxl2vng6lz3kkaqc87mz6s4g,161.5
bd418c6bb765344ce926d6f1a7c0e852cbdf8e1fc661c118e7d7c9282cb5b124,2025-08-22T23:29:59.560000+00:00,kaspa:qz37cajsys2vpqhs2n5mc3k7uz6qz7e500dj5vavr9auk7x3pjefszukktkz9,kaspa:qpjujc5v7f3fuglp4nadamx37gaqxzh6fqk3xx2sh5g7g5g3y7yu2w8pfwcwa,8.5
d80d0f70726b672e843536dc9fb3e214dd065ce02b9a98821d489c0499bffcbb,2025-08-22T23:21:04.750000+00:00,kaspa:qpm64whhs6hz0dk9m4q4n77y2gnzt7ly59ggjm4wepj5utys887kyrchcnc0a,kaspa:qr5xy7w4esspt25tza5zxqflthgrlww7063l8cxl2vng6lz3kkaqc87mz6s4g,807.5
d80d0f70726b672e843536dc9fb3e214dd065ce02b9a98821d489c0499bffcbb,2025-08-22T23:21:04.750000+00:00,kaspa:qpm64whhs6hz0dk9m4q4n77y2gnzt7ly59ggjm4wepj5utys887kyrchcnc0a,kaspa:qpjujc5v7f3fuglp4nadamx37gaqxzh6fqk3xx2sh5g7g5g3y7yu2w8pfwcwa,42.5
5b9b1c715107fb1c45f6793aadd030dd0aa354bf0140208bc0e1defda30bc777,2025-08-22T23:07:10.823000+00:00,kaspa:pqa3mj7l74ms8t3tuvafw653rc2eyc8xe0arczff2edyu0w2u7e4w95d8ucnm,kaspa:qr5xy7w4esspt25tza5zxqflthgrlww7063l8cxl2vng6lz3kkaqc87mz6s4g,5.0
1ebc9fa69e57e42e6817dc1a3710ccf3746969b7436396035e9bfc75519333bc,2025-08-22T23:07:09.831000+00:00,kaspa:qr5xy7w4esspt25tza5zxqflthgrlww7063l8cxl2vng6lz3kkaqc87mz6s4g,kaspa:pqa3mj7l74ms8t3tuvafw653rc2eyc8xe0arczff2edyu0w2u7e4w95d8ucnm,5.00003
1ebc9fa69e57e42e6817dc1a3710ccf3746969b7436396035e9bfc75519333bc,2025-08-22T23:07:09.831000+00:00,kaspa:qr5xy7w4esspt25tza5zxqflthgrlww7063l8cxl2vng6lz3kkaqc87mz6s4g,kaspa:qr5xy7w4esspt25tza5zxqflthgrlww7063l8cxl2vng6lz3kkaqc87mz6s4g,1332.72862665
4708107b9b01702335da633cb9572647827c2c46db9ea39d8d4e3cc69aee7ce5,2025-08-22T23:05:36.990000+00:00,kaspa:pzcatk3tfjffqnpj592xlcdx9vmw56yzp9nk8h8jaj9qxz7aw2yyycapxda4x,kaspa:qr5xy7w4esspt25tza5zxqflthgrlww7063l8cxl2vng6lz3kkaqc87mz6s4g,5.0
bc5aea39d62eedb7b33825b8b1b5558b43babb77bcde48ce123d135ff6a282f2,2025-08-22T23:05:36.148000+00:00,kaspa:qr5xy7w4esspt25tza5zxqflthgrlww7063l8cxl2vng6lz3kkaqc87mz6s4g,kaspa:pzcatk3tfjffqnpj592xlcdx9vmw56yzp9nk8h8jaj9qxz7aw2yyycapxda4x,5.00003
bc5aea39d62eedb7b33825b8b1b5558b43babb77bcde48ce123d135ff6a282f2,2025-08-22T23:05:36.148000+00:00,kaspa:qr5xy7w4esspt25tza5zxqflthgrlww7063l8cxl2vng6lz3kkaqc87mz6s4g,kaspa:qr5xy7w4esspt25tza5zxqflthgrlww7063l8cxl2vng6lz3kkaqc87mz6s4g,1332.72870413
fbfc26865293ebcbeef0301391e3afe09f8e89c542b0109205943ecc662a91bc,2025-08-22T23:00:11.406000+00:00,kaspa:qr5xy7w4esspt25tza5zxqflthgrlww7063l8cxl2vng6lz3kkaqc87mz6s4g,kaspa:qr5xy7w4esspt25tza5zxqflthgrlww7063l8cxl2vng6lz3kkaqc87mz6s4g,1337.72876484
acd528033dab3e2160655f5fee704e57b163f7082473d4f874af79c912d08147,2025-08-22T22:31:16.774000+00:00,kaspa:qrjp7yt7rmlw47th2u43ksn3a7gp7fktdylpxq0j7wpf9ldu4rwhxf2gm4806,kaspa:qr5xy7w4esspt25tza5zxqflthgrlww7063l8cxl2vng6lz3kkaqc87mz6s4g,1330.0
acd528033dab3e2160655f5fee704e57b163f7082473d4f874af79c912d08147,2025-08-22T22:31:16.774000+00:00,kaspa:qrjp7yt7rmlw47th2u43ksn3a7gp7fktdylpxq0j7wpf9ldu4rwhxf2gm4806,kaspa:qpjujc5v7f3fuglp4nadamx37gaqxzh6fqk3xx2sh5g7g5g3y7yu2w8pfwcwa,70.0
ba40b604849d008671a70f54049adcb17d9a3879811664d1c8706017f0a9bea2,2025-08-22T21:14:39.827000+00:00,kaspa:pzrds7q2hn6h6lgpf7dghtvdd89tqckfs7wed73h9nltkul8rw7f7ll6u8mau,kaspa:qr5xy7w4esspt25tza5zxqflthgrlww7063l8cxl2vng6lz3kkaqc87mz6s4g,5.0
9e875bb877b56c33bcd33d7ca27c554d22422b4b380168bdea0a866171c8bcc6,2025-08-22T21:14:37.874000+00:00,kaspa:qr5xy7w4esspt25tza5zxqflthgrlww7063l8cxl2vng6lz3kkaqc87mz6s4g,kaspa:pzrds7q2hn6h6lgpf7dghtvdd89tqckfs7wed73h9nltkul8rw7f7ll6u8mau,5.00003
9e875bb877b56c33bcd33d7ca27c554d22422b4b380168bdea0a866171c8bcc6,2025-08-22T21:14:37.874000+00:00,kaspa:qr5xy7w4esspt25tza5zxqflthgrlww7063l8cxl2vng6lz3kkaqc87mz6s4g,kaspa:qr5xy7w4esspt25tza5zxqflthgrlww7063l8cxl2vng6lz3kkaqc87mz6s4g,2.72882274
1f20f91e849199eba5490661716eb02904d364a59e1ea8cf5d79b8bf99424401,2025-08-22T21:06:57.046000+00:00,kaspa:pzwgsf4vv3kqvh7nscdvev4z09cqg9yhsjxtkpfhz2p6ty5whtxrqaj3pya6e,kaspa:qr5xy7w4esspt25tza5zxqflthgrlww7063l8cxl2vng6lz3kkaqc87mz6s4g,5.0
71e42ebb06eaac2b85905030b97b3e510ca39e0b5108717122e8fb275598eba1,2025-08-22T21:06:55.973000+00:00,kaspa:qr5xy7w4esspt25tza5zxqflthgrlww7063l8cxl2vng6lz3kkaqc87mz6s4g,kaspa:pzwgsf4vv3kqvh7nscdvev4z09cqg9yhsjxtkpfhz2p6ty5whtxrqaj3pya6e,5.00003
71e42ebb06eaac2b85905030b97b3e510ca39e0b5108717122e8fb275598eba1,2025-08-22T21:06:55.973000+00:00,kaspa:qr5xy7w4esspt25tza5zxqflthgrlww7063l8cxl2vng6lz3kkaqc87mz6s4g,kaspa:qr5xy7w4esspt25tza5zxqflthgrlww7063l8cxl2vng6lz3kkaqc87mz6s4g,2.72890022
586a9dbc90b651a06ebe8ee92e15da78b2b5e8ad50c341703ac0ecf69afd2f69,2025-08-22T19:41:06.363000+00:00,kaspa:qr5xy7w4esspt25tza5zxqflthgrlww7063l8cxl2vng6lz3kkaqc87mz6s4g,kaspa:qpflu9ljwgeape8tyyglde0sluh32k0227gffqcnhty3hal0lsjlz07lk6537,670.0
586a9dbc90b651a06ebe8ee92e15da78b2b5e8ad50c341703ac0ecf69afd2f69,2025-08-22T19:41:06.363000+00:00,kaspa:qr5xy7w4esspt25tza5zxqflthgrlww7063l8cxl2vng6lz3kkaqc87mz6s4g,kaspa:qr5xy7w4esspt25tza5zxqflthgrlww7063l8cxl2vng6lz3kkaqc87mz6s4g,7.72899577
6de787ed88e4f314da31fe106435e495511e81c631db531efa9a3e266f31e59b,2025-08-22T19:33:45.970000+00:00,kaspa:qr5xy7w4esspt25tza5zxqflthgrlww7063l8cxl2vng6lz3kkaqc87mz6s4g,kaspa:qr5xy7w4esspt25tza5zxqflthgrlww7063l8cxl2vng6lz3kkaqc87mz6s4g,677.72902631
8bd133b6c5e257ba40b897fa0646c6d68287da8d679cd2a2170db32cc7b0e524,2025-08-22T18:49:08.294000+00:00,kaspa:qqgkqm0y3hz6wejg9xnvuz6rpamnr7xtj8g93ycyu3vclku8qlwcgty9j8vec,kaspa:qr5xy7w4esspt25tza5zxqflthgrlww7063l8cxl2vng6lz3kkaqc87mz6s4g,665.0
8bd133b6c5e257ba40b897fa0646c6d68287da8d679cd2a2170db32cc7b0e524,2025-08-22T18:49:08.294000+00:00,kaspa:qqgkqm0y3hz6wejg9xnvuz6rpamnr7xtj8g93ycyu3vclku8qlwcgty9j8vec,kaspa:qpjujc5v7f3fuglp4nadamx37gaqxzh6fqk3xx2sh5g7g5g3y7yu2w8pfwcwa,35.0
884110c7eac03fbc59ff1a3c8fbe565fdab84ba913f11b26d5c4cdba8e5b1ab0,2025-08-22T17:52:21.481000+00:00,kaspa:pqwtfmnxqp0ytx0l9t5aav8zp6q9ltawf4mqhj3dz5cpws6zgkedqq8z3987f,kaspa:qr5xy7w4esspt25tza5zxqflthgrlww7063l8cxl2vng6lz3kkaqc87mz6s4g,5.0
1e45c23b68933394d4c56ba81b067aa7bb473ea6a02e3ca999dc5a6836115f68,2025-08-22T17:52:20.563000+00:00,kaspa:qr5xy7w4esspt25tza5zxqflthgrlww7063l8cxl2vng6lz3kkaqc87mz6s4g,kaspa:pqwtfmnxqp0ytx0l9t5aav8zp6q9ltawf4mqhj3dz5cpws6zgkedqq8z3987f,5.00003
1e45c23b68933394d4c56ba81b067aa7bb473ea6a02e3ca999dc5a6836115f68,2025-08-22T17:52:20.563000+00:00,kaspa:qr5xy7w4esspt25tza5zxqflthgrlww7063l8cxl2vng6lz3kkaqc87mz6s4g,kaspa:qr5xy7w4esspt25tza5zxqflthgrlww7063l8cxl2vng6lz3kkaqc87mz6s4g,7.72908421
611c4f9c03ed9c6a2451914c11cb13c7564757ccf6b3f7dad8a8b7f64637823e,2025-08-22T17:39:01.460000+00:00,kaspa:qr5xy7w4esspt25tza5zxqflthgrlww7063l8cxl2vng6lz3kkaqc87mz6s4g,kaspa:qpflu9ljwgeape8tyyglde0sluh32k0227gffqcnhty3hal0lsjlz07lk6537,570.0
611c4f9c03ed9c6a2451914c11cb13c7564757ccf6b3f7dad8a8b7f64637823e,2025-08-22T17:39:01.460000+00:00,kaspa:qr5xy7w4esspt25tza5zxqflthgrlww7063l8cxl2vng6lz3kkaqc87mz6s4g,kaspa:qr5xy7w4esspt25tza5zxqflthgrlww7063l8cxl2vng6lz3kkaqc87mz6s4g,12.72915182
546b4bcd610cabf6035a17f6819ab562ef96ce338073a6ae4739ccdfcff93f04,2025-08-22T17:38:13.944000+00:00,kaspa:qr5xy7w4esspt25tza5zxqflthgrlww7063l8cxl2vng6lz3kkaqc87mz6s4g,kaspa:qr5xy7w4esspt25tza5zxqflthgrlww7063l8cxl2vng6lz3kkaqc87mz6s4g,582.72918236
754b5a711dedbc1ab81aa774e84709923a1fccc203ede9e2fbb08ebdecb77080,2025-08-22T16:30:29.641000+00:00,kaspa:qrrn3z5f5ql7xqy0lg3fsfhel94nusyrf9ew26v6cgck6k9e04d76l02lzfpn,kaspa:qr5xy7w4esspt25tza5zxqflthgrlww7063l8cxl2vng6lz3kkaqc87mz6s4g,570.0
754b5a711dedbc1ab81aa774e84709923a1fccc203ede9e2fbb08ebdecb77080,2025-08-22T16:30:29.641000+00:00,kaspa:qrrn3z5f5ql7xqy0lg3fsfhel94nusyrf9ew26v6cgck6k9e04d76l02lzfpn,kaspa:qpjujc5v7f3fuglp4nadamx37gaqxzh6fqk3xx2sh5g7g5g3y7yu2w8pfwcwa,30.0
199975de362bc1df4f8453491b18fb8e4741c2da042185b2040a81c9bb7659f4,2025-08-22T15:59:19.801000+00:00,kaspa:ppceqjln9jfahpxar2xtmz2yx87kcm96zpmlszc0kk26z7m7tzgmjgah679qe,kaspa:qr5xy7w4esspt25tza5zxqflthgrlww7063l8cxl2vng6lz3kkaqc87mz6s4g,5.0
2a4e7465e07da6990c2cec2a6c711515a6f4d120167f3a1a2abaa05fceab67e1,2025-08-22T15:59:17.688000+00:00,kaspa:qr5xy7w4esspt25tza5zxqflthgrlww7063l8cxl2vng6lz3kkaqc87mz6s4g,kaspa:ppceqjln9jfahpxar2xtmz2yx87kcm96zpmlszc0kk26z7m7tzgmjgah679qe,5.00003
2a4e7465e07da6990c2cec2a6c711515a6f4d120167f3a1a2abaa05fceab67e1,2025-08-22T15:59:17.688000+00:00,kaspa:qr5xy7w4esspt25tza5zxqflthgrlww7063l8cxl2vng6lz3kkaqc87mz6s4g,kaspa:qr5xy7w4esspt25tza5zxqflthgrlww7063l8cxl2vng6lz3kkaqc87mz6s4g,7.72924026
92560b755b854194b8b9d01208d5ea859489726370e4c79b42540c07a2428036,2025-08-22T15:31:17.414000+00:00,kaspa:qr5xy7w4esspt25tza5zxqflthgrlww7063l8cxl2vng6lz3kkaqc87mz6s4g,kaspa:qypqq2ny33475vvzxnsxuwcpqlq9eexfp5k7zxgdyzqz8h4kspsfqfs3scv2rk2,3800.0
92560b755b854194b8b9d01208d5ea859489726370e4c79b42540c07a2428036,2025-08-22T15:31:17.414000+00:00,kaspa:qr5xy7w4esspt25tza5zxqflthgrlww7063l8cxl2vng6lz3kkaqc87mz6s4g,kaspa:qr5xy7w4esspt25tza5zxqflthgrlww7063l8cxl2vng6lz3kkaqc87mz6s4g,12.72930787
30d0c4ea641d7d63fd7be9cc040f8ffe95cf9816c1820026c8e45382c6e8f371,2025-08-22T15:30:22.478000+00:00,kaspa:qr5xy7w4esspt25tza5zxqflthgrlww7063l8cxl2vng6lz3kkaqc87mz6s4g,kaspa:qr5xy7w4esspt25tza5zxqflthgrlww7063l8cxl2vng6lz3kkaqc87mz6s4g,3812.72933841
cd271a888504ed55b2cce430dbc07f5bf5a9e8273fc207d8e71c565a68d6cbc3,2025-08-22T15:27:31.986000+00:00,kaspa:qpdsj57suyvfmdq9e2qdgp6erus4mje8q9w0nd67cec7gk6l57qxs6vm4kmtv,kaspa:qr5xy7w4esspt25tza5zxqflthgrlww7063l8cxl2vng6lz3kkaqc87mz6s4g,950.0
cd271a888504ed55b2cce430dbc07f5bf5a9e8273fc207d8e71c565a68d6cbc3,2025-08-22T15:27:31.986000+00:00,kaspa:qpdsj57suyvfmdq9e2qdgp6erus4mje8q9w0nd67cec7gk6l57qxs6vm4kmtv,kaspa:qpjujc5v7f3fuglp4nadamx37gaqxzh6fqk3xx2sh5g7g5g3y7yu2w8pfwcwa,50.0
344e4fbdcecdc6c111f6a63e574f3c899c8876f50c9a7c7682529d8a02595610,2025-08-22T15:20:08.128000+00:00,kaspa:prt9endmnh540tkhdckynkmn5u5cg682y9kwru4dnelz0huw5ug6qs080n8t5,kaspa:qr5xy7w4esspt25tza5zxqflthgrlww7063l8cxl2vng6lz3kkaqc87mz6s4g,5.0
b90270db02f884a48e69b5e2c49411b44ca4eb34b137fdc315194d59155af802,2025-08-22T15:20:07.091000+00:00,kaspa:qr5xy7w4esspt25tza5zxqflthgrlww7063l8cxl2vng6lz3kkaqc87mz6s4g,kaspa:prt9endmnh540tkhdckynkmn5u5cg682y9kwru4dnelz0huw5ug6qs080n8t5,5.00003
b90270db02f884a48e69b5e2c49411b44ca4eb34b137fdc315194d59155af802,2025-08-22T15:20:07.091000+00:00,kaspa:qr5xy7w4esspt25tza5zxqflthgrlww7063l8cxl2vng6lz3kkaqc87mz6s4g,kaspa:qr5xy7w4esspt25tza5zxqflthgrlww7063l8cxl2vng6lz3kkaqc87mz6s4g,2857.72939631
dfecbfbe578eca1f6f979dec9a24efc1e5baf6d27c5b1498244d82f4ad3b07c3,2025-08-22T15:18:51.112000+00:00,kaspa:qr5xy7w4esspt25tza5zxqflthgrlww7063l8cxl2vng6lz3kkaqc87mz6s4g,kaspa:qr5xy7w4esspt25tza5zxqflthgrlww7063l8cxl2vng6lz3kkaqc87mz6s4g,2862.72945702
dbdd9798cbb31000ce33444d30593c715f370010b916a028a786470b3166d76c,2025-08-22T14:56:58.615000+00:00,kaspa:qqj29z4wg97jpp0znhvls4utgtqh85c4z98j8unhal3k6serdsrp5gzucq2jq,kaspa:qr5xy7w4esspt25tza5zxqflthgrlww7063l8cxl2vng6lz3kkaqc87mz6s4g,2850.0
dbdd9798cbb31000ce33444d30593c715f370010b916a028a786470b3166d76c,2025-08-22T14:56:58.615000+00:00,kaspa:qqj29z4wg97jpp0znhvls4utgtqh85c4z98j8unhal3k6serdsrp5gzucq2jq,kaspa:qpjujc5v7f3fuglp4nadamx37gaqxzh6fqk3xx2sh5g7g5g3y7yu2w8pfwcwa,150.0
92257b2129ccbbfe3e070a05c797bf9d97da72f84c0e2ba55f3cd7748ef78d4c,2025-08-22T14:14:12.313000+00:00,kaspa:pzgpv4aygza0c0umpd26l0rq0p2428n2e0t0vkxnhh5q3l8vd6gtjgjzd4ue3,kaspa:qr5xy7w4esspt25tza5zxqflthgrlww7063l8cxl2vng6lz3kkaqc87mz6s4g,5.0
b198bb70f7732a768fbab190bbc46be5e9139ced45d5b2927bbb2f261c88f37c,2025-08-22T14:14:10.365000+00:00,kaspa:qr5xy7w4esspt25tza5zxqflthgrlww7063l8cxl2vng6lz3kkaqc87mz6s4g,kaspa:pzgpv4aygza0c0umpd26l0rq0p2428n2e0t0vkxnhh5q3l8vd6gtjgjzd4ue3,5.00003
b198bb70f7732a768fbab190bbc46be5e9139ced45d5b2927bbb2f261c88f37c,2025-08-22T14:14:10.365000+00:00,kaspa:qr5xy7w4esspt25tza5zxqflthgrlww7063l8cxl2vng6lz3kkaqc87mz6s4g,kaspa:qr5xy7w4esspt25tza5zxqflthgrlww7063l8cxl2vng6lz3kkaqc87mz6s4g,7.72951492
b025b294612ae17bba97deebf25654c9db3a4b6ed83e9e3fa455b2c939f75052,2025-08-22T12:12:59.345000+00:00,kaspa:qr5xy7w4esspt25tza5zxqflthgrlww7063l8cxl2vng6lz3kkaqc87mz6s4g,kaspa:qypqq2ny33475vvzxnsxuwcpqlq9eexfp5k7zxgdyzqz8h4kspsfqfs3scv2rk2,560.0
b025b294612ae17bba97deebf25654c9db3a4b6ed83e9e3fa455b2c939f75052,2025-08-22T12:12:59.345000+00:00,kaspa:qr5xy7w4esspt25tza5zxqflthgrlww7063l8cxl2vng6lz3kkaqc87mz6s4g,kaspa:qr5xy7w4esspt25tza5zxqflthgrlww7063l8cxl2vng6lz3kkaqc87mz6s4g,12.72958253
d6469ec8103e21fe110338567267e9c2c48ba3a2be9e9879f9efa248b28ed410,2025-08-22T02:05:09.755000+00:00,kaspa:qpeckqg0m9urfpteea5s3q9e58yn55p7fkg5jlq5l47w957mvdl3qjjg8twa6,kaspa:qr5xy7w4esspt25tza5zxqflthgrlww7063l8cxl2vng6lz3kkaqc87mz6s4g,66.5
d6469ec8103e21fe110338567267e9c2c48ba3a2be9e9879f9efa248b28ed410,2025-08-22T02:05:09.755000+00:00,kaspa:qpeckqg0m9urfpteea5s3q9e58yn55p7fkg5jlq5l47w957mvdl3qjjg8twa6,kaspa:qpjujc5v7f3fuglp4nadamx37gaqxzh6fqk3xx2sh5g7g5g3y7yu2w8pfwcwa,3.5
bbdb84ad6fc2aac4df1552e966d4208f8030dca4bee3ea522c12a5090841f9ed,2025-08-21T22:46:21.550000+00:00,kaspa:qr5xy7w4esspt25tza5zxqflthgrlww7063l8cxl2vng6lz3kkaqc87mz6s4g,kaspa:qr5xy7w4esspt25tza5zxqflthgrlww7063l8cxl2vng6lz3kkaqc87mz6s4g,506.22962984
48ccf9503d7228dedd444eebd856f539abbb19d9bc09a32117428a89cfd6fba7,2025-08-21T22:18:25.935000+00:00,kaspa:qqqcezjzfpmn8z2h0dm4x99aa9447f2sn5k0qtths2u087n9ye7z2a0qs0af0,kaspa:qr5xy7w4esspt25tza5zxqflthgrlww7063l8cxl2vng6lz3kkaqc87mz6s4g,356.25
48ccf9503d7228dedd444eebd856f539abbb19d9bc09a32117428a89cfd6fba7,2025-08-21T22:18:25.935000+00:00,kaspa:qqqcezjzfpmn8z2h0dm4x99aa9447f2sn5k0qtths2u087n9ye7z2a0qs0af0,kaspa:qpjujc5v7f3fuglp4nadamx37gaqxzh6fqk3xx2sh5g7g5g3y7yu2w8pfwcwa,18.75
0228bc1da4623040d6efe8bedb3aef947aeec01061075980cf8a10d4ea496554,2025-08-21T22:03:18.031000+00:00,kaspa:qr5xy7w4esspt25tza5zxqflthgrlww7063l8cxl2vng6lz3kkaqc87mz6s4g,kaspa:qzpzt5epww0hz0hzh2hc7flld5kadmx4j6yaa5u74yleelxpcz3uuk4c24wdu,20.0
0228bc1da4623040d6efe8bedb3aef947aeec01061075980cf8a10d4ea496554,2025-08-21T22:03:18.031000+00:00,kaspa:qr5xy7w4esspt25tza5zxqflthgrlww7063l8cxl2vng6lz3kkaqc87mz6s4g,kaspa:qr5xy7w4esspt25tza5zxqflthgrlww7063l8cxl2vng6lz3kkaqc87mz6s4g,144.97968774
e43554dc5bc272b00bf45d5a39f39e8961ed49c2c231c76594cff235bd510d0f,2025-08-21T21:54:56.170000+00:00,kaspa:ppvzgxk246avxgvqg26fpmkz4wsuhzafzp99f0yarrgw9kcnzjs4267snhyy4,kaspa:qr5xy7w4esspt25tza5zxqflthgrlww7063l8cxl2vng6lz3kkaqc87mz6s4g,5.0
abdad81038442af437e4e57ff80fdff4d1155cb836a0c4f56d07b359fc2b0752,2025-08-21T21:54:55.343000+00:00,kaspa:qr5xy7w4esspt25tza5zxqflthgrlww7063l8cxl2vng6lz3kkaqc87mz6s4g,kaspa:ppvzgxk246avxgvqg26fpmkz4wsuhzafzp99f0yarrgw9kcnzjs4267snhyy4,5.00003
abdad81038442af437e4e57ff80fdff4d1155cb836a0c4f56d07b359fc2b0752,2025-08-21T21:54:55.343000+00:00,kaspa:qr5xy7w4esspt25tza5zxqflthgrlww7063l8cxl2vng6lz3kkaqc87mz6s4g,kaspa:qr5xy7w4esspt25tza5zxqflthgrlww7063l8cxl2vng6lz3kkaqc87mz6s4g,159.97973505
c02a757f560b5468677289ca9d9e0b0989be401d67724b74dfc19dd5820f512a,2025-08-21T21:46:38.560000+00:00,kaspa:pquuk5leqphj3xz7fp0y6lqgw3hhuhqgrkah5xrg9zjl3umxtphx6xhtjnt7y,kaspa:qr5xy7w4esspt25tza5zxqflthgrlww7063l8cxl2vng6lz3kkaqc87mz6s4g,5.0
5b7267167990b80731fedd7907a08b799186b3b8d5d936ae6db52d11a6766644,2025-08-21T21:46:37.263000+00:00,kaspa:qr5xy7w4esspt25tza5zxqflthgrlww7063l8cxl2vng6lz3kkaqc87mz6s4g,kaspa:pquuk5leqphj3xz7fp0y6lqgw3hhuhqgrkah5xrg9zjl3umxtphx6xhtjnt7y,5.00003
5b7267167990b80731fedd7907a08b799186b3b8d5d936ae6db52d11a6766644,2025-08-21T21:46:37.263000+00:00,kaspa:qr5xy7w4esspt25tza5zxqflthgrlww7063l8cxl2vng6lz3kkaqc87mz6s4g,kaspa:qr5xy7w4esspt25tza5zxqflthgrlww7063l8cxl2vng6lz3kkaqc87mz6s4g,159.97981253
f6961fbe47ec0b8ce2b4358c5cacefb96305bcd6539a37dfdbcc0c67dfc1d7db,2025-08-21T21:42:42.642000+00:00,kaspa:qqlzemsjanyp9l63g97q2zaxv6apzv7ccp2j9txl0rtejxawz4j7w5f9sz85z,kaspa:qr5xy7w4esspt25tza5zxqflthgrlww7063l8cxl2vng6lz3kkaqc87mz6s4g,161.5
f6961fbe47ec0b8ce2b4358c5cacefb96305bcd6539a37dfdbcc0c67dfc1d7db,2025-08-21T21:42:42.642000+00:00,kaspa:qqlzemsjanyp9l63g97q2zaxv6apzv7ccp2j9txl0rtejxawz4j7w5f9sz85z,kaspa:qpjujc5v7f3fuglp4nadamx37gaqxzh6fqk3xx2sh5g7g5g3y7yu2w8pfwcwa,8.5
7423247db18d37be5df85280c4717eed47a8e90018186c45f9eeb3e38b830d84,2025-08-21T21:36:51.628000+00:00,kaspa:ppkt0qa00hke6ct787aqwsfvuvn2wttf5u8js55hq66g5a45yhjjyxn9spz52,kaspa:qr5xy7w4esspt25tza5zxqflthgrlww7063l8cxl2vng6lz3kkaqc87mz6s4g,5.0
2dba2001014af5266a4ecb3ae98dd5e7fc03bddc05d015f501a315c007bc2843,2025-08-21T21:36:49.615000+00:00,kaspa:qr5xy7w4esspt25tza5zxqflthgrlww7063l8cxl2vng6lz3kkaqc87mz6s4g,kaspa:ppkt0qa00hke6ct787aqwsfvuvn2wttf5u8js55hq66g5a45yhjjyxn9spz52,5.00003
2dba2001014af5266a4ecb3ae98dd5e7fc03bddc05d015f501a315c007bc2843,2025-08-21T21:36:49.615000+00:00,kaspa:qr5xy7w4esspt25tza5zxqflthgrlww7063l8cxl2vng6lz3kkaqc87mz6s4g,kaspa:qr5xy7w4esspt25tza5zxqflthgrlww7063l8cxl2vng6lz3kkaqc87mz6s4g,3.47989001
ee107e828d1d7c3690ddfcdd953e5623f4cbc934c4957c6c54577fd174f51bd9,2025-08-21T19:34:23.679000+00:00,kaspa:qr5xy7w4esspt25tza5zxqflthgrlww7063l8cxl2vng6lz3kkaqc87mz6s4g,kaspa:pptmklwurqs6argd0ertnmhf5r3x4wsprv2uku44254tlpqz5va0zy8znk7ly,451.0
ee107e828d1d7c3690ddfcdd953e5623f4cbc934c4957c6c54577fd174f51bd9,2025-08-21T19:34:23.679000+00:00,kaspa:qr5xy7w4esspt25tza5zxqflthgrlww7063l8cxl2vng6lz3kkaqc87mz6s4g,kaspa:qqkm7pcztna2mm8vfymvqwmrwrudxc6fmh6s7lfc7w8yhlz6ywnkvqutw3m8l,45.0
ee107e828d1d7c3690ddfcdd953e5623f4cbc934c4957c6c54577fd174f51bd9,2025-08-21T19:34:23.679000+00:00,kaspa:qr5xy7w4esspt25tza5zxqflthgrlww7063l8cxl2vng6lz3kkaqc87mz6s4g,kaspa:qr5xy7w4esspt25tza5zxqflthgrlww7063l8cxl2vng6lz3kkaqc87mz6s4g,8.47997541
a9ce8c353dd7076c8f9924e1896916ea1e9564febc9c5d4e8f287bb5b17d3871,2025-08-21T19:33:01.361000+00:00,kaspa:qz8v4zne0j0lpmcja5qt6vk0vl57e8mgn3c7e5f2dwpaa6na25n9v30f35qpy,kaspa:qr5xy7w4esspt25tza5zxqflthgrlww7063l8cxl2vng6lz3kkaqc87mz6s4g,504.48
a9ce8c353dd7076c8f9924e1896916ea1e9564febc9c5d4e8f287bb5b17d3871,2025-08-21T19:33:01.361000+00:00,kaspa:qz8v4zne0j0lpmcja5qt6vk0vl57e8mgn3c7e5f2dwpaa6na25n9v30f35qpy,kaspa:qz8v4zne0j0lpmcja5qt6vk0vl57e8mgn3c7e5f2dwpaa6na25n9v30f35qpy,504.51993369
